출발역,도착역,소요시간_분,거리_m,환승횟수
4.19민주묘지역,제기동역,26,12100,1
4.19민주묘지역,동묘앞역,26,12100,1
4.19민주묘지역,신설동역,20,11000,0
4.19민주묘지역,외대앞역,32,15400,1
4.19민주묘지역,남영역,40,19800,1
4.19민주묘지역,문래역,55,27500,2
4.19민주묘지역,아현역,40,19800,2
4.19민주묘지역,한양대역,38,16500,2
4.19민주묘지역,잠실나루역,44,19800,2
4.19민주묘지역,양천구청역,64,28600,2
4.19민주묘지역,신정네거리역,69,29700,2
4.19민주묘지역,독립문역,40,18700,2
4.19민주묘지역,무악재역,42,19800,2
4.19민주묘지역,금호역,36,16500,2
4.19민주묘지역,옥수역,37,17600,2
4.19민주묘지역,잠원역,44,20900,2
4.19민주묘지역,한성대입구역,22,9900,1
4.19민주묘지역,성신여대입구역,16,8800,0
4.19민주묘지역,수유역,28,13200,1
4.19민주묘지역,이촌역,44,22000,1
4.19민주묘지역,동작역,46,23100,1
4.19민주묘지역,마장역,41,15400,2
4.19민주묘지역,애오개역,44,19800,2
4.19민주묘지역,신금호역,36,15400,2
4.19민주묘지역,아차산역,49,19800,2
4.19민주묘지역,영등포시장역,54,25300,2
4.19민주묘지역,방이역,64,26400,2
4.19민주묘지역,보문역,18,9900,0
4.19민주묘지역,창신역,24,11000,1
4.19민주묘지역,효창공원앞역,44,22000,1
4.19민주묘지역,광흥창역,50,25300,1
4.19민주묘지역,월드컵경기장역,59,22000,1
4.19민주묘지역,고려대역,26,12100,1
4.19민주묘지역,공릉역,42,18700,2
4.19민주묘지역,어린이대공원역,44,17600,3
4.19민주묘지역,용마산역,52,24200,2
4.19민주묘지역,자양역,44,17600,3
4.19민주묘지역,하계역,42,18700,2
4.19민주묘지역,남성역,54,25300,2
4.19민주묘지역,암사역,58,25300,3
4.19민주묘지역,몽촌토성역,52,22000,3
4.19민주묘지역,강동구청역,54,23100,3
4.19민주묘지역,송파역,54,23100,3
4.19민주묘지역,석촌역,52,22000,3
4.19민주묘지역,노들역,50,23100,2
4.19민주묘지역,선유도역,57,27500,2
4.19민주묘지역,한성백제역,67,24200,3
4.19민주묘지역,양천향교역,70,23100,3
4.19민주묘지역,흑석역,52,24200,2
4.19민주묘지역,공항시장역,77,24200,3
가락시장역,제기동역,42,14300,2
가락시장역,동묘앞역,43,14300,1
가락시장역,신설동역,36,13200,2
가락시장역,외대앞역,52,17600,2
가락시장역,남영역,44,22000,2
가락시장역,문래역,53,24200,1
가락시장역,아현역,44,22000,1
가락시장역,한양대역,24,11000,1
가락시장역,잠실나루역,12,4400,1
가락시장역,양천구청역,54,25300,2
가락시장역,신정네거리역,56,26400,2
가락시장역,독립문역,48,26400,0
가락시장역,무악재역,50,27500,0
가락시장역,금호역,32,17600,0
가락시장역,옥수역,30,16500,0
가락시장역,잠원역,24,13200,0
가락시장역,한성대입구역,49,18700,2
가락시장역,성신여대입구역,51,15400,2
가락시장역,수유역,55,19800,2
가락시장역,이촌역,40,17600,2
가락시장역,동작역,30,16500,1
가락시장역,마장역,28,13200,1
가락시장역,애오개역,50,25300,1
가락시장역,신금호역,34,16500,1
가락시장역,아차산역,20,8800,1
가락시장역,영등포시장역,45,24200,2
가락시장역,방이역,10,3300,1
가락시장역,보문역,45,14300,1
가락시장역,창신역,43,16500,1
가락시장역,효창공원앞역,50,22000,1
가락시장역,광흥창역,56,28600,1
가락시장역,월드컵경기장역,66,34100,1
가락시장역,고려대역,51,16500,1
가락시장역,공릉역,44,19800,2
가락시장역,어린이대공원역,24,8800,2
가락시장역,용마산역,30,12100,2
가락시장역,자양역,24,8800,2
가락시장역,하계역,46,20900,2
가락시장역,남성역,32,15400,1
가락시장역,암사역,14,7700,0
가락시장역,몽촌토성역,8,4400,0
가락시장역,강동구청역,10,5500,0
가락시장역,송파역,2,1100,0
가락시장역,석촌역,4,2200,0
가락시장역,노들역,34,18700,1
가락시장역,선유도역,44,25300,1
가락시장역,한성백제역,12,4400,1
가락시장역,양천향교역,54,31900,1
가락시장역,흑석역,32,17600,1
가락시장역,공항시장역,65,28600,2
가산디지털단지역,제기동역,42,18700,0
가산디지털단지역,동묘앞역,38,16500,0
가산디지털단지역,신설동역,40,17600,0
가산디지털단지역,외대앞역,49,22000,0
가산디지털단지역,남영역,22,8800,0
가산디지털단지역,문래역,10,3300,1
가산디지털단지역,아현역,24,11000,1
가산디지털단지역,한양대역,40,19800,1
가산디지털단지역,잠실나루역,44,22000,1
가산디지털단지역,양천구청역,12,4400,1
가산디지털단지역,신정네거리역,14,5500,1
가산디지털단지역,독립문역,34,16500,1
가산디지털단지역,무악재역,36,17600,1
가산디지털단지역,금호역,38,18700,1
가산디지털단지역,옥수역,32,12100,1
가산디지털단지역,잠원역,30,14300,1
가산디지털단지역,한성대입구역,36,17600,1
가산디지털단지역,성신여대입구역,38,18700,1
가산디지털단지역,수유역,46,23100,1
가산디지털단지역,이촌역,22,8800,1
가산디지털단지역,동작역,21,9900,1
가산디지털단지역,마장역,42,20900,1
가산디지털단지역,애오개역,22,9900,1
가산디지털단지역,신금호역,36,17600,1
가산디지털단지역,아차산역,48,24200,1
가산디지털단지역,영등포시장역,14,5500,1
가산디지털단지역,방이역,53,28600,2
가산디지털단지역,보문역,38,18700,1
가산디지털단지역,창신역,36,17600,1
가산디지털단지역,효창공원앞역,22,8800,1
가산디지털단지역,광흥창역,33,8800,2
가산디지털단지역,월드컵경기장역,28,9900,2
가산디지털단지역,고려대역,42,20900,1
가산디지털단지역,공릉역,60,33000,0
가산디지털단지역,어린이대공원역,42,22000,0
가산디지털단지역,용마산역,47,25300,0
가산디지털단지역,자양역,37,19800,0
가산디지털단지역,하계역,61,34100,0
가산디지털단지역,남성역,18,9900,0
가산디지털단지역,암사역,58,25300,2
가산디지털단지역,몽촌토성역,57,22000,2
가산디지털단지역,강동구청역,58,23100,2
가산디지털단지역,송파역,53,25300,2
가산디지털단지역,석촌역,43,24200,1
가산디지털단지역,노들역,18,7700,1
가산디지털단지역,선유도역,25,12100,1
가산디지털단지역,한성백제역,47,26400,1
가산디지털단지역,양천향교역,35,18700,1
가산디지털단지역,흑석역,20,8800,1
가산디지털단지역,공항시장역,39,12100,2
가양역,제기동역,43,23100,1
가양역,동묘앞역,39,20900,1
가양역,신설동역,41,22000,1
가양역,외대앞역,49,26400,1
가양역,남영역,25,13200,1
가양역,문래역,18,8800,1
가양역,아현역,24,12100,1
가양역,한양대역,47,15400,2
가양역,잠실나루역,51,22000,1
가양역,양천구청역,28,12100,2
가양역,신정네거리역,30,13200,2
가양역,독립문역,43,13200,2
가양역,무악재역,45,12100,2
가양역,금호역,41,13200,1
가양역,옥수역,39,22000,1
가양역,잠원역,33,18700,1
가양역,한성대입구역,50,27500,1
가양역,성신여대입구역,52,28600,1
가양역,수유역,60,33000,1
가양역,이촌역,28,15400,1
가양역,동작역,22,14300,0
가양역,마장역,43,15400,1
가양역,애오개역,26,13200,1
가양역,신금호역,42,22000,1
가양역,아차산역,51,19800,1
가양역,영등포시장역,22,11000,1
가양역,방이역,46,26400,1
가양역,보문역,47,23100,2
가양역,창신역,45,22000,2
가양역,효창공원앞역,30,13200,2
가양역,광흥창역,24,9900,2
가양역,월드컵경기장역,26,11000,2
가양역,고려대역,51,25300,2
가양역,공릉역,67,37400,1
가양역,어린이대공원역,47,26400,1
가양역,용마산역,53,29700,1
가양역,자양역,43,24200,1
가양역,하계역,69,38500,1
가양역,남성역,37,20900,1
가양역,암사역,58,34100,1
가양역,몽촌토성역,52,30800,1
가양역,강동구청역,54,31900,1
가양역,송파역,50,29700,1
가양역,석촌역,44,28600,0
가양역,노들역,19,12100,0
가양역,선유도역,9,5500,0
가양역,한성백제역,48,30800,0
가양역,양천향교역,2,1100,0
가양역,흑석역,21,13200,0
가양역,공항시장역,7,4400,0
가오리역,제기동역,24,11000,1
가오리역,동묘앞역,24,11000,1
가오리역,신설동역,18,9900,0
가오리역,외대앞역,30,14300,1
가오리역,남영역,38,18700,1
가오리역,문래역,56,26400,2
가오리역,아현역,42,18700,2
가오리역,한양대역,36,15400,2
가오리역,잠실나루역,42,18700,2
가오리역,양천구청역,58,27500,2
가오리역,신정네거리역,60,28600,2
가오리역,독립문역,40,17600,2
가오리역,무악재역,42,18700,2
가오리역,금호역,36,15400,2
가오리역,옥수역,38,16500,2
가오리역,잠원역,44,19800,2
가오리역,한성대입구역,20,8800,1
가오리역,성신여대입구역,14,7700,0
가오리역,수유역,26,12100,1
가오리역,이촌역,42,20900,1
가오리역,동작역,44,22000,1
가오리역,마장역,40,17600,2
가오리역,애오개역,42,18700,2
가오리역,신금호역,34,14300,2
가오리역,아차산역,48,22000,2
가오리역,영등포시장역,52,24200,2
가오리역,방이역,60,28600,2
가오리역,보문역,16,8800,0
가오리역,창신역,22,9900,1
가오리역,효창공원앞역,42,20900,1
가오리역,광흥창역,48,24200,1
가오리역,월드컵경기장역,58,29700,1
가오리역,고려대역,24,11000,1
가오리역,공릉역,40,17600,2
가오리역,어린이대공원역,42,16500,3
가오리역,용마산역,50,23100,2
가오리역,자양역,42,16500,3
가오리역,하계역,40,17600,2
가오리역,남성역,52,24200,2
가오리역,암사역,56,24200,3
가오리역,몽촌토성역,50,20900,3
가오리역,강동구청역,52,22000,3
가오리역,송파역,52,22000,3
가오리역,석촌역,50,20900,3
가오리역,노들역,48,22000,2
가오리역,선유도역,55,26400,2
가오리역,한성백제역,62,26400,3
가오리역,양천향교역,65,33000,2
가오리역,흑석역,50,23100,2
가오리역,공항시장역,70,36300,2
가좌역,제기동역,26,11000,1
가좌역,동묘앞역,22,8800,1
가좌역,신설동역,24,9900,1
가좌역,외대앞역,32,14300,1
가좌역,남영역,12,3300,1
가좌역,문래역,15,5500,1
가좌역,아현역,13,4400,1
가좌역,한양대역,33,15400,1
가좌역,잠실나루역,45,22000,1
가좌역,양천구청역,25,8800,2
가좌역,신정네거리역,27,9900,2
가좌역,독립문역,26,8800,2
가좌역,무악재역,27,9900,2
가좌역,금호역,33,11000,1
가좌역,옥수역,27,9900,0
가좌역,잠원역,37,13200,1
가좌역,한성대입구역,24,9900,1
가좌역,성신여대입구역,26,11000,1
가좌역,수유역,34,15400,1
가좌역,이촌역,18,6600,0
가좌역,동작역,20,7700,1
가좌역,마장역,37,16500,1
가좌역,애오개역,15,4400,1
가좌역,신금호역,31,13200,1
가좌역,아차산역,45,20900,1
가좌역,영등포시장역,23,8800,1
가좌역,방이역,57,27500,1
가좌역,보문역,37,16500,1
가좌역,창신역,35,15400,1
가좌역,효창공원앞역,12,4400,0
가좌역,광흥창역,17,5500,1
가좌역,월드컵경기장역,9,2200,1
가좌역,고려대역,41,18700,1
가좌역,공릉역,57,20900,1
가좌역,어린이대공원역,45,19800,2
가좌역,용마산역,55,19800,1
가좌역,자양역,42,17600,2
가좌역,하계역,48,20900,2
가좌역,남성역,28,9900,2
가좌역,암사역,55,24200,2
가좌역,몽촌토성역,53,24200,2
가좌역,강동구청역,55,25300,2
가좌역,송파역,55,25300,2
가좌역,석촌역,46,22000,2
가좌역,노들역,22,6600,2
가좌역,선유도역,17,4400,2
가좌역,한성백제역,50,24200,2
가좌역,양천향교역,27,11000,2
가좌역,흑석역,24,7700,2
가좌역,공항시장역,33,14300,2
강남구청역,제기동역,16,5500,1
강남구청역,동묘앞역,20,7700,1
강남구청역,신설동역,18,6600,1
강남구청역,외대앞역,18,6600,1
강남구청역,남영역,34,15400,1
강남구청역,문래역,36,17600,1
강남구청역,아현역,30,13200,1
강남구청역,한양대역,14,4400,1
강남구청역,잠실나루역,16,6600,1
강남구청역,양천구청역,42,18700,2
강남구청역,신정네거리역,44,19800,2
강남구청역,독립문역,38,18700,1
강남구청역,무악재역,40,19800,1
강남구청역,금호역,22,9900,1
강남구청역,옥수역,19,5500,1
강남구청역,잠원역,14,5500,1
강남구청역,한성대입구역,28,9900,2
강남구청역,성신여대입구역,26,8800,2
강남구청역,수유역,44,22000,1
강남구청역,이촌역,20,8800,1
강남구청역,동작역,17,7700,1
강남구청역,마장역,14,4400,1
강남구청역,애오개역,32,14300,1
강남구청역,신금호역,16,5500,1
강남구청역,아차산역,16,6600,1
강남구청역,영등포시장역,34,15400,2
강남구청역,방이역,28,13200,1
강남구청역,보문역,24,7700,2
강남구청역,창신역,24,7700,2
강남구청역,효창공원앞역,34,11000,1
강남구청역,광흥창역,36,15400,2
강남구청역,월드컵경기장역,46,20900,2
강남구청역,고려대역,30,11000,2
강남구청역,공릉역,28,15400,0
강남구청역,어린이대공원역,8,4400,0
강남구청역,용마산역,14,7700,0
강남구청역,자양역,4,2200,0
강남구청역,하계역,30,16500,0
강남구청역,남성역,14,7700,0
강남구청역,암사역,26,9900,2
강남구청역,몽촌토성역,23,7700,2
강남구청역,강동구청역,25,8800,2
강남구청역,송파역,23,8800,2
강남구청역,석촌역,17,7700,1
강남구청역,노들역,21,9900,1
강남구청역,선유도역,31,16500,1
강남구청역,한성백제역,21,9900,1
강남구청역,양천향교역,41,23100,1
강남구청역,흑석역,19,8800,1
강남구청역,공항시장역,47,26400,1
강남역,제기동역,30,9900,2
강남역,동묘앞역,30,11000,2
강남역,신설동역,34,16500,1
강남역,외대앞역,32,11000,2
강남역,남영역,28,12100,2
강남역,문래역,26,14300,0
강남역,아현역,40,22000,0
강남역,한양대역,26,14300,0
강남역,잠실나루역,14,7700,0
강남역,양천구청역,32,15400,1
강남역,신정네거리역,34,16500,1
강남역,독립문역,34,15400,1
강남역,무악재역,36,16500,1
강남역,금호역,18,6600,1
강남역,옥수역,16,5500,1
강남역,잠원역,10,3300,1
강남역,한성대입구역,40,19800,1
강남역,성신여대입구역,42,20900,1
강남역,수유역,50,25300,1
강남역,이촌역,18,7700,1
강남역,동작역,15,6600,1
강남역,마장역,34,16500,1
강남역,애오개역,36,16500,2
강남역,신금호역,36,17600,1
강남역,아차산역,29,11000,2
강남역,영등포시장역,34,16500,1
강남역,방이역,28,12100,2
강남역,보문역,34,13200,2
강남역,창신역,32,12100,2
강남역,효창공원앞역,30,9900,2
강남역,광흥창역,40,19800,1
강남역,월드컵경기장역,42,20900,1
강남역,고려대역,38,15400,2
강남역,공릉역,41,19800,1
강남역,어린이대공원역,21,8800,1
강남역,용마산역,27,12100,1
강남역,자양역,17,6600,1
강남역,하계역,43,20900,1
강남역,남성역,19,7700,1
강남역,암사역,24,11000,1
강남역,몽촌토성역,18,7700,1
강남역,강동구청역,20,8800,1
강남역,송파역,20,8800,1
강남역,석촌역,17,7700,1
강남역,노들역,19,8800,1
강남역,선유도역,29,15400,1
강남역,한성백제역,21,9900,1
강남역,양천향교역,39,22000,1
강남역,흑석역,17,7700,1
강남역,공항시장역,44,25300,1
강동구청역,제기동역,34,11000,3
강동구청역,동묘앞역,34,14300,2
강동구청역,신설동역,30,12100,2
강동구청역,외대앞역,36,12100,3
강동구청역,남영역,44,19800,2
강동구청역,문래역,46,23100,1
강동구청역,아현역,42,20900,1
강동구청역,한양대역,22,9900,1
강동구청역,잠실나루역,10,3300,1
강동구청역,양천구청역,52,24200,2
강동구청역,신정네거리역,54,25300,2
강동구청역,독립문역,42,18700,2
강동구청역,무악재역,44,19800,2
강동구청역,금호역,46,23100,1
강동구청역,옥수역,32,11000,2
강동구청역,잠원역,38,18700,1
강동구청역,한성대입구역,38,16500,2
강동구청역,성신여대입구역,40,17600,2
강동구청역,수유역,48,22000,2
강동구청역,이촌역,38,16500,2
강동구청역,동작역,32,17600,1
강동구청역,마장역,18,7700,1
강동구청역,애오개역,40,19800,1
강동구청역,신금호역,24,11000,1
강동구청역,아차산역,10,3300,1
강동구청역,영등포시장역,52,26400,1
강동구청역,방이역,14,5500,1
강동구청역,보문역,38,16500,2
강동구청역,창신역,36,15400,2
강동구청역,효창공원앞역,44,19800,2
강동구청역,광흥창역,50,23100,2
강동구청역,월드컵경기장역,60,28600,2
강동구청역,고려대역,42,18700,2
강동구청역,공릉역,34,14300,2
강동구청역,어린이대공원역,18,5500,2
강동구청역,용마산역,20,6600,2
강동구청역,자양역,22,7700,2
강동구청역,하계역,36,15400,2
강동구청역,남성역,37,17600,2
강동구청역,암사역,4,2200,0
강동구청역,몽촌토성역,2,1100,0
강동구청역,강동구청역,0,0,0
강동구청역,송파역,8,4400,0
강동구청역,석촌역,6,3300,0
강동구청역,노들역,36,19800,1
강동구청역,선유도역,46,26400,1
강동구청역,한성백제역,14,5500,1
강동구청역,양천향교역,56,33000,1
강동구청역,흑석역,34,18700,1
강동구청역,공항시장역,62,36300,1
강동역,제기동역,30,11000,2
강동역,동묘앞역,30,14300,1
강동역,신설동역,32,12100,2
강동역,외대앞역,32,12100,2
강동역,남영역,40,19800,1
강동역,문래역,52,26400,1
강동역,아현역,38,18700,1
강동역,한양대역,22,9900,1
강동역,잠실나루역,18,5500,2
강동역,양천구청역,68,35200,1
강동역,신정네거리역,66,34100,1
강동역,독립문역,38,18700,1
강동역,무악재역,40,19800,1
강동역,금호역,34,12100,2
강동역,옥수역,28,11000,1
강동역,잠원역,40,19800,1
강동역,한성대입구역,34,16500,1
강동역,성신여대입구역,36,17600,1
강동역,수유역,44,22000,1
강동역,이촌역,36,14300,1
강동역,동작역,35,19800,1
강동역,마장역,14,7700,0
강동역,애오개역,36,19800,0
강동역,신금호역,20,11000,0
강동역,아차산역,6,3300,0
강동역,영등포시장역,48,26400,0
강동역,방이역,6,3300,0
강동역,보문역,34,16500,1
강동역,창신역,32,15400,1
강동역,효창공원앞역,40,19800,1
강동역,광흥창역,46,23100,1
강동역,월드컵경기장역,56,28600,1
강동역,고려대역,38,18700,1
강동역,공릉역,30,14300,1
강동역,어린이대공원역,14,5500,1
강동역,용마산역,16,6600,1
강동역,자양역,18,7700,1
강동역,하계역,32,15400,1
강동역,남성역,36,17600,1
강동역,암사역,8,2200,1
강동역,몽촌토성역,10,3300,1
강동역,강동구청역,8,2200,1
강동역,송파역,16,6600,1
강동역,석촌역,13,5500,1
강동역,노들역,39,22000,1
강동역,선유도역,49,28600,1
강동역,한성백제역,10,3300,1
강동역,양천향교역,59,35200,1
강동역,흑석역,37,20900,1
강동역,공항시장역,65,38500,1
강변역,제기동역,24,8800,2
강변역,동묘앞역,22,9900,1
강변역,신설동역,18,7700,1
강변역,외대앞역,28,9900,2
강변역,남영역,34,16500,1
강변역,문래역,42,23100,0
강변역,아현역,30,16500,0
강변역,한양대역,10,5500,0
강변역,잠실나루역,2,1100,0
강변역,양천구청역,48,24200,1
강변역,신정네거리역,50,25300,1
강변역,독립문역,34,16500,1
강변역,무악재역,36,17600,1
강변역,금호역,34,16500,1
강변역,옥수역,24,8800,1
강변역,잠원역,26,12100,1
강변역,한성대입구역,28,13200,1
강변역,성신여대입구역,30,14300,1
강변역,수유역,38,18700,1
강변역,이촌역,32,12100,1
강변역,동작역,29,15400,1
강변역,마장역,18,7700,1
강변역,애오개역,34,16500,1
강변역,신금호역,20,8800,1
강변역,아차산역,26,12100,1
강변역,영등포시장역,46,23100,1
강변역,방이역,26,9900,2
강변역,보문역,26,12100,1
강변역,창신역,24,11000,1
강변역,효창공원앞역,36,17600,1
강변역,광흥창역,42,20900,1
강변역,월드컵경기장역,48,24200,1
강변역,고려대역,30,14300,1
강변역,공릉역,30,14300,1
강변역,어린이대공원역,10,3300,1
강변역,용마산역,16,6600,1
강변역,자양역,10,3300,1
강변역,하계역,32,15400,1
강변역,남성역,28,13200,1
강변역,암사역,16,6600,1
강변역,몽촌토성역,10,3300,1
강변역,강동구청역,12,4400,1
강변역,송파역,12,4400,1
강변역,석촌역,10,3300,1
강변역,노들역,33,17600,1
강변역,선유도역,43,24200,1
강변역,한성백제역,21,9900,1
강변역,양천향교역,53,30800,1
강변역,흑석역,31,16500,1
강변역,공항시장역,58,34100,1
강일역,제기동역,42,17600,2
강일역,동묘앞역,42,20900,1
강일역,신설동역,44,18700,2
강일역,외대앞역,44,18700,2
강일역,남영역,52,26400,1
강일역,문래역,64,33000,1
강일역,아현역,50,25300,1
강일역,한양대역,34,16500,1
강일역,잠실나루역,30,12100,2
강일역,양천구청역,80,41800,1
강일역,신정네거리역,78,40700,1
강일역,독립문역,50,25300,1
강일역,무악재역,52,26400,1
강일역,금호역,46,18700,2
강일역,옥수역,40,17600,1
강일역,잠원역,52,26400,1
강일역,한성대입구역,46,23100,1
강일역,성신여대입구역,48,24200,1
강일역,수유역,56,28600,1
강일역,이촌역,48,20900,1
강일역,동작역,47,26400,1
강일역,마장역,26,14300,0
강일역,애오개역,48,26400,0
강일역,신금호역,32,17600,0
강일역,아차산역,18,9900,0
강일역,영등포시장역,60,33000,0
강일역,방이역,18,9900,0
강일역,보문역,46,23100,1
강일역,창신역,44,22000,1
강일역,효창공원앞역,52,26400,1
강일역,광흥창역,58,29700,1
강일역,월드컵경기장역,68,35200,1
강일역,고려대역,50,25300,1
강일역,공릉역,42,20900,1
강일역,어린이대공원역,26,12100,1
강일역,용마산역,28,13200,1
강일역,자양역,30,14300,1
강일역,하계역,44,22000,1
강일역,남성역,48,24200,1
강일역,암사역,20,8800,1
강일역,몽촌토성역,22,9900,1
강일역,강동구청역,20,8800,1
강일역,송파역,28,13200,1
강일역,석촌역,25,12100,1
강일역,노들역,51,28600,1
강일역,선유도역,61,35200,1
강일역,한성백제역,22,9900,1
강일역,양천향교역,71,41800,1
강일역,흑석역,49,27500,1
강일역,공항시장역,77,45100,1
개롱역,제기동역,40,16500,2
개롱역,동묘앞역,40,19800,1
개롱역,신설동역,42,17600,2
개롱역,외대앞역,42,17600,2
개롱역,남영역,50,25300,1
개롱역,문래역,62,31900,1
개롱역,아현역,48,24200,1
개롱역,한양대역,32,15400,1
개롱역,잠실나루역,28,11000,2
개롱역,양천구청역,78,40700,1
개롱역,신정네거리역,76,39600,1
개롱역,독립문역,48,24200,1
개롱역,무악재역,50,25300,1
개롱역,금호역,42,20900,1
개롱역,옥수역,38,16500,1
개롱역,잠원역,34,16500,1
개롱역,한성대입구역,44,22000,1
개롱역,성신여대입구역,46,23100,1
개롱역,수유역,54,27500,1
개롱역,이촌역,46,19800,1
개롱역,동작역,37,20900,1
개롱역,마장역,24,13200,0
개롱역,애오개역,46,25300,0
개롱역,신금호역,30,16500,0
개롱역,아차산역,16,8800,0
개롱역,영등포시장역,58,31900,0
개롱역,방이역,4,2200,0
개롱역,보문역,44,22000,1
개롱역,창신역,42,20900,1
개롱역,효창공원앞역,50,25300,1
개롱역,광흥창역,56,28600,1
개롱역,월드컵경기장역,66,34100,1
개롱역,고려대역,48,24200,1
개롱역,공릉역,40,19800,1
개롱역,어린이대공원역,24,11000,1
개롱역,용마산역,26,12100,1
개롱역,자양역,28,13200,1
개롱역,하계역,42,20900,1
개롱역,남성역,46,23100,1
개롱역,암사역,18,7700,1
개롱역,몽촌토성역,20,8800,1
개롱역,강동구청역,18,7700,1
개롱역,송파역,16,4400,2
개롱역,석촌역,15,6600,1
개롱역,노들역,41,23100,1
개롱역,선유도역,51,29700,1
개롱역,한성백제역,12,4400,1
개롱역,양천향교역,61,36300,1
개롱역,흑석역,39,22000,1
개롱역,공항시장역,67,39600,1
개봉역,제기동역,36,19800,0
개봉역,동묘앞역,32,17600,0
개봉역,신설동역,34,18700,0
개봉역,외대앞역,42,23100,0
개봉역,남영역,18,9900,0
개봉역,문래역,12,4400,1
개봉역,아현역,26,12100,1
개봉역,한양대역,42,20900,1
개봉역,잠실나루역,48,24200,1
개봉역,양천구청역,14,5500,1
개봉역,신정네거리역,16,6600,1
개봉역,독립문역,36,17600,1
개봉역,무악재역,38,18700,1
개봉역,금호역,40,19800,1
개봉역,옥수역,34,13200,1
개봉역,잠원역,34,15400,2
개봉역,한성대입구역,38,18700,1
개봉역,성신여대입구역,40,19800,1
개봉역,수유역,48,24200,1
개봉역,이촌역,24,9900,1
개봉역,동작역,23,11000,1
개봉역,마장역,44,22000,1
개봉역,애오개역,24,11000,1
개봉역,신금호역,38,18700,1
개봉역,아차산역,52,26400,1
개봉역,영등포시장역,16,6600,1
개봉역,방이역,64,33000,1
개봉역,보문역,40,19800,1
개봉역,창신역,38,18700,1
개봉역,효창공원앞역,24,9900,1
개봉역,광흥창역,26,9900,2
개봉역,월드컵경기장역,28,11000,2
개봉역,고려대역,44,22000,1
개봉역,공릉역,58,27500,2
개봉역,어린이대공원역,50,25300,1
개봉역,용마산역,56,28600,1
개봉역,자양역,46,23100,1
개봉역,하계역,60,28600,2
개봉역,남성역,28,13200,1
개봉역,암사역,58,27500,2
개봉역,몽촌토성역,52,24200,2
개봉역,강동구청역,54,25300,2
개봉역,송파역,51,26400,2
개봉역,석촌역,45,25300,1
개봉역,노들역,20,8800,1
개봉역,선유도역,27,13200,1
개봉역,한성백제역,49,27500,1
개봉역,양천향교역,37,19800,1
개봉역,흑석역,22,9900,1
개봉역,공항시장역,42,23100,1
개포동역,제기동역,31,12100,1
개포동역,동묘앞역,35,14300,1
개포동역,신설동역,33,13200,1
개포동역,외대앞역,33,13200,1
개포동역,남영역,49,22000,1
개포동역,문래역,44,20900,1
개포동역,아현역,44,19800,1
개포동역,한양대역,28,11000,1
개포동역,잠실나루역,24,9900,1
개포동역,양천구청역,50,22000,2
개포동역,신정네거리역,52,23100,2
개포동역,독립문역,45,22000,1
개포동역,무악재역,47,23100,1
개포동역,금호역,29,13200,1
개포동역,옥수역,27,12100,1
개포동역,잠원역,21,8800,1
개포동역,한성대입구역,42,16500,2
개포동역,성신여대입구역,41,15400,2
개포동역,수유역,52,22000,2
개포동역,이촌역,43,15400,1
개포동역,동작역,28,13200,1
개포동역,마장역,28,11000,1
개포동역,애오개역,46,20900,1
개포동역,신금호역,30,12100,1
개포동역,아차산역,36,15400,1
개포동역,영등포시장역,45,20900,2
개포동역,방이역,21,6600,2
개포동역,보문역,39,14300,2
개포동역,창신역,38,14300,2
개포동역,효창공원앞역,49,17600,1
개포동역,광흥창역,53,24200,2
개포동역,월드컵경기장역,60,27500,2
개포동역,고려대역,44,17600,2
개포동역,공릉역,47,22000,1
개포동역,어린이대공원역,27,11000,1
개포동역,용마산역,33,14300,1
개포동역,자양역,23,8800,1
개포동역,하계역,49,23100,1
개포동역,남성역,33,14300,1
개포동역,암사역,32,14300,1
개포동역,몽촌토성역,26,11000,1
개포동역,강동구청역,28,12100,1
개포동역,송파역,20,7700,1
개포동역,석촌역,22,8800,1
개포동역,노들역,32,15400,1
개포동역,선유도역,42,22000,1
개포동역,한성백제역,31,14300,1
개포동역,양천향교역,52,28600,1
개포동역,흑석역,30,14300,1
개포동역,공항시장역,58,31900,1
개화산역,제기동역,58,29700,1
개화산역,동묘앞역,54,27500,1
개화산역,신설동역,56,28600,1
개화산역,외대앞역,64,33000,1
개화산역,남영역,40,19800,1
개화산역,문래역,30,14300,1
개화산역,아현역,40,19800,1
개화산역,한양대역,60,30800,1
개화산역,잠실나루역,70,36300,1
개화산역,양천구청역,22,9900,1
개화산역,신정네거리역,20,8800,1
개화산역,독립문역,56,28600,1
개화산역,무악재역,58,29700,1
개화산역,금호역,60,30800,1
개화산역,옥수역,60,26400,1
개화산역,잠원역,48,25300,2
개화산역,한성대입구역,60,30800,1
개화산역,성신여대입구역,62,31900,1
개화산역,수유역,70,36300,1
개화산역,이촌역,50,23100,1
개화산역,동작역,37,20900,1
개화산역,마장역,60,33000,0
개화산역,애오개역,38,20900,0
개화산역,신금호역,54,29700,0
개화산역,아차산역,68,37400,0
개화산역,영등포시장역,26,14300,0
개화산역,방이역,80,44000,0
개화산역,보문역,64,33000,1
개화산역,창신역,62,31900,1
개화산역,효창공원앞역,42,20900,1
개화산역,광흥창역,44,22000,1
개화산역,월드컵경기장역,26,4400,2
개화산역,고려대역,68,35200,1
개화산역,공릉역,88,46200,1
개화산역,어린이대공원역,62,33000,2
개화산역,용마산역,74,38500,1
개화산역,자양역,58,30800,2
개화산역,하계역,90,47300,1
개화산역,남성역,52,27500,2
개화산역,암사역,78,40700,1
개화산역,몽촌토성역,67,37400,2
개화산역,강동구청역,69,38500,2
개화산역,송파역,65,36300,2
개화산역,석촌역,59,35200,1
개화산역,노들역,34,18700,1
개화산역,선유도역,24,12100,1
개화산역,한성백제역,63,37400,1
개화산역,양천향교역,13,5500,1
개화산역,흑석역,36,19800,1
개화산역,공항시장역,8,2200,1
개화역,제기동역,53,29700,1
개화역,동묘앞역,49,27500,1
개화역,신설동역,51,28600,1
개화역,외대앞역,59,33000,1
개화역,남영역,35,19800,1
개화역,문래역,28,15400,1
개화역,아현역,34,18700,1
개화역,한양대역,54,29700,1
개화역,잠실나루역,59,35200,1
개화역,양천구청역,26,9900,2
개화역,신정네거리역,24,8800,2
개화역,독립문역,53,27500,2
개화역,무악재역,55,28600,2
개화역,금호역,51,29700,1
개화역,옥수역,49,28600,1
개화역,잠원역,43,25300,1
개화역,한성대입구역,60,34100,1
개화역,성신여대입구역,62,35200,1
개화역,수유역,70,39600,1
개화역,이촌역,38,22000,1
개화역,동작역,32,20900,0
개화역,마장역,58,31900,1
개화역,애오개역,36,19800,1
개화역,신금호역,52,28600,1
개화역,아차산역,66,36300,1
개화역,영등포시장역,30,14300,1
개화역,방이역,66,39600,1
개화역,보문역,57,29700,2
개화역,창신역,55,28600,2
개화역,효창공원앞역,40,19800,2
개화역,광흥창역,34,16500,2
개화역,월드컵경기장역,24,6600,2
개화역,고려대역,61,31900,2
개화역,공릉역,77,44000,1
개화역,어린이대공원역,57,33000,1
개화역,용마산역,63,36300,1
개화역,자양역,53,30800,1
개화역,하계역,79,45100,1
개화역,남성역,47,27500,1
개화역,암사역,68,40700,1
개화역,몽촌토성역,62,37400,1
개화역,강동구청역,64,38500,1
개화역,송파역,60,36300,1
개화역,석촌역,54,35200,0
개화역,노들역,29,18700,0
개화역,선유도역,19,12100,0
개화역,한성백제역,58,37400,0
개화역,양천향교역,9,5500,0
개화역,흑석역,31,19800,0
개화역,공항시장역,4,2200,0
거여역,제기동역,42,17600,2
거여역,동묘앞역,42,20900,1
거여역,신설동역,44,18700,2
거여역,외대앞역,44,18700,2
거여역,남영역,52,26400,1
거여역,문래역,64,33000,1
거여역,아현역,50,25300,1
거여역,한양대역,34,16500,1
거여역,잠실나루역,30,12100,2
거여역,양천구청역,80,41800,1
거여역,신정네거리역,78,40700,1
거여역,독립문역,50,25300,1
거여역,무악재역,52,26400,1
거여역,금호역,44,22000,1
거여역,옥수역,40,17600,1
거여역,잠원역,36,17600,1
거여역,한성대입구역,46,23100,1
거여역,성신여대입구역,48,24200,1
거여역,수유역,56,28600,1
거여역,이촌역,48,20900,1
거여역,동작역,39,22000,1
거여역,마장역,26,14300,0
거여역,애오개역,48,26400,0
거여역,신금호역,32,17600,0
거여역,아차산역,18,9900,0
거여역,영등포시장역,60,33000,0
거여역,방이역,6,3300,0
거여역,보문역,46,23100,1
거여역,창신역,44,22000,1
거여역,효창공원앞역,52,26400,1
거여역,광흥창역,58,29700,1
거여역,월드컵경기장역,68,35200,1
거여역,고려대역,50,25300,1
거여역,공릉역,42,20900,1
거여역,어린이대공원역,26,12100,1
거여역,용마산역,28,13200,1
거여역,자양역,30,14300,1
거여역,하계역,44,22000,1
거여역,남성역,48,24200,1
거여역,암사역,20,8800,1
거여역,몽촌토성역,22,9900,1
거여역,강동구청역,20,8800,1
거여역,송파역,18,5500,2
거여역,석촌역,17,7700,1
거여역,노들역,43,24200,1
거여역,선유도역,53,30800,1
거여역,한성백제역,14,5500,1
거여역,양천향교역,63,37400,1
거여역,흑석역,41,23100,1
거여역,공항시장역,69,40700,1
건대입구역,제기동역,20,6600,2
건대입구역,동묘앞역,18,7700,1
건대입구역,신설동역,14,5500,1
건대입구역,외대앞역,24,7700,2
건대입구역,남영역,30,14300,1
건대입구역,문래역,40,22000,0
건대입구역,아현역,26,14300,0
건대입구역,한양대역,6,3300,0
건대입구역,잠실나루역,6,3300,0
건대입구역,양천구청역,50,25300,1
건대입구역,신정네거리역,52,26400,1
건대입구역,독립문역,30,14300,1
건대입구역,무악재역,32,15400,1
건대입구역,금호역,28,13200,1
건대입구역,옥수역,20,6600,1
건대입구역,잠원역,20,8800,1
건대입구역,한성대입구역,24,11000,1
건대입구역,성신여대입구역,26,12100,1
건대입구역,수유역,34,16500,1
건대입구역,이촌역,26,12100,1
건대입구역,동작역,23,11000,1
건대입구역,마장역,14,5500,1
건대입구역,애오개역,30,14300,1
건대입구역,신금호역,16,6600,1
건대입구역,아차산역,10,3300,1
건대입구역,영등포시장역,42,20900,1
건대입구역,방이역,22,9900,1
건대입구역,보문역,22,9900,1
건대입구역,창신역,20,8800,1
건대입구역,효창공원앞역,32,15400,1
건대입구역,광흥창역,38,18700,1
건대입구역,월드컵경기장역,44,22000,1
건대입구역,고려대역,26,12100,1
건대입구역,공릉역,22,12100,0
건대입구역,어린이대공원역,2,1100,0
건대입구역,용마산역,8,4400,0
건대입구역,자양역,2,1100,0
건대입구역,하계역,24,13200,0
건대입구역,남성역,20,11000,0
건대입구역,암사역,20,8800,1
건대입구역,몽촌토성역,14,5500,1
건대입구역,강동구청역,16,6600,1
건대입구역,송파역,16,6600,1
건대입구역,석촌역,14,5500,1
건대입구역,노들역,27,13200,1
건대입구역,선유도역,37,19800,1
건대입구역,한성백제역,25,12100,1
건대입구역,양천향교역,47,26400,1
건대입구역,흑석역,25,12100,1
건대입구역,공항시장역,53,29700,1
경복궁역,제기동역,18,7700,1
경복궁역,동묘앞역,14,5500,1
경복궁역,신설동역,16,6600,1
경복궁역,외대앞역,24,11000,1
경복궁역,남영역,16,6600,1
경복궁역,문래역,32,15400,1
경복궁역,아현역,18,7700,1
경복궁역,한양대역,22,9900,1
경복궁역,잠실나루역,34,16500,1
경복궁역,양천구청역,36,15400,2
경복궁역,신정네거리역,38,16500,2
경복궁역,독립문역,2,1100,0
경복궁역,무악재역,4,2200,0
경복궁역,금호역,14,7700,0
경복궁역,옥수역,16,8800,0
경복궁역,잠원역,22,12100,0
경복궁역,한성대입구역,20,8800,1
경복궁역,성신여대입구역,22,9900,1
경복궁역,수유역,30,14300,1
경복궁역,이촌역,26,12100,1
경복궁역,동작역,28,13200,1
경복궁역,마장역,22,9900,1
경복궁역,애오개역,16,6600,1
경복궁역,신금호역,16,6600,1
경복궁역,아차산역,30,14300,1
경복궁역,영등포시장역,28,13200,1
경복궁역,방이역,42,20900,1
경복궁역,보문역,26,12100,1
경복궁역,창신역,24,11000,1
경복궁역,효창공원앞역,28,13200,1
경복궁역,광흥창역,34,16500,1
경복궁역,월드컵경기장역,26,12100,1
경복궁역,고려대역,30,14300,1
경복궁역,공릉역,46,20900,2
경복궁역,어린이대공원역,34,14300,2
경복궁역,용마산역,36,15400,2
경복궁역,자양역,40,19800,1
경복궁역,하계역,44,19800,2
경복궁역,남성역,34,16500,1
경복궁역,암사역,40,17600,2
경복궁역,몽촌토성역,42,18700,2
경복궁역,강동구청역,40,17600,2
경복궁역,송파역,52,26400,1
경복궁역,석촌역,45,24200,1
경복궁역,노들역,26,9900,2
경복궁역,선유도역,33,14300,2
경복궁역,한성백제역,49,26400,1
경복궁역,양천향교역,43,20900,2
경복궁역,흑석역,35,17600,1
경복궁역,공항시장역,48,24200,2
경찰병원역,제기동역,46,16500,2
경찰병원역,동묘앞역,46,23100,1
경찰병원역,신설동역,48,17600,2
경찰병원역,외대앞역,48,17600,2
경찰병원역,남영역,46,22000,2
경찰병원역,문래역,50,25300,1
경찰병원역,아현역,54,27500,1
경찰병원역,한양대역,30,12100,2
경찰병원역,잠실나루역,18,5500,2
경찰병원역,양천구청역,56,26400,2
경찰병원역,신정네거리역,58,27500,2
경찰병원역,독립문역,50,27500,0
경찰병원역,무악재역,52,28600,0
경찰병원역,금호역,34,18700,0
경찰병원역,옥수역,32,17600,0
경찰병원역,잠원역,26,14300,0
경찰병원역,한성대입구역,52,26400,1
경찰병원역,성신여대입구역,54,27500,1
경찰병원역,수유역,62,31900,1
경찰병원역,이촌역,46,20900,1
경찰병원역,동작역,33,16500,1
경찰병원역,마장역,28,13200,1
경찰병원역,애오개역,50,25300,1
경찰병원역,신금호역,34,16500,1
경찰병원역,아차산역,20,8800,1
경찰병원역,영등포시장역,50,24200,2
경찰병원역,방이역,8,2200,1
경찰병원역,보문역,50,25300,1
경찰병원역,창신역,48,24200,1
경찰병원역,효창공원앞역,52,23100,1
경찰병원역,광흥창역,58,29700,1
경찰병원역,월드컵경기장역,68,35200,1
경찰병원역,고려대역,54,27500,1
경찰병원역,공릉역,44,19800,2
경찰병원역,어린이대공원역,28,11000,2
경찰병원역,용마산역,30,12100,2
경찰병원역,자양역,40,19800,1
경찰병원역,하계역,46,20900,2
경찰병원역,남성역,34,16500,1
경찰병원역,암사역,20,8800,1
경찰병원역,몽촌토성역,14,5500,1
경찰병원역,강동구청역,16,6600,1
경찰병원역,송파역,8,2200,1
경찰병원역,석촌역,10,3300,1
경찰병원역,노들역,37,18700,1
경찰병원역,선유도역,47,25300,1
경찰병원역,한성백제역,16,4400,2
경찰병원역,양천향교역,57,31900,1
경찰병원역,흑석역,35,17600,1
경찰병원역,공항시장역,63,35200,1
고덕역,제기동역,38,15400,2
고덕역,동묘앞역,38,18700,1
고덕역,신설동역,40,16500,2
고덕역,외대앞역,40,16500,2
고덕역,남영역,48,24200,1
고덕역,문래역,60,30800,1
고덕역,아현역,46,23100,1
고덕역,한양대역,30,14300,1
고덕역,잠실나루역,26,9900,2
고덕역,양천구청역,76,39600,1
고덕역,신정네거리역,74,38500,1
고덕역,독립문역,46,23100,1
고덕역,무악재역,48,24200,1
고덕역,금호역,42,16500,2
고덕역,옥수역,36,15400,1
고덕역,잠원역,48,24200,1
고덕역,한성대입구역,42,20900,1
고덕역,성신여대입구역,44,22000,1
고덕역,수유역,52,26400,1
고덕역,이촌역,44,18700,1
고덕역,동작역,43,24200,1
고덕역,마장역,22,12100,0
고덕역,애오개역,44,24200,0
고덕역,신금호역,28,15400,0
고덕역,아차산역,14,7700,0
고덕역,영등포시장역,56,30800,0
고덕역,방이역,14,7700,0
고덕역,보문역,42,20900,1
고덕역,창신역,40,19800,1
고덕역,효창공원앞역,48,24200,1
고덕역,광흥창역,54,27500,1
고덕역,월드컵경기장역,64,33000,1
고덕역,고려대역,46,23100,1
고덕역,공릉역,38,18700,1
고덕역,어린이대공원역,22,9900,1
고덕역,용마산역,24,11000,1
고덕역,자양역,26,12100,1
고덕역,하계역,40,19800,1
고덕역,남성역,44,22000,1
고덕역,암사역,16,6600,1
고덕역,몽촌토성역,18,7700,1
고덕역,강동구청역,16,6600,1
고덕역,송파역,24,11000,1
고덕역,석촌역,21,9900,1
고덕역,노들역,47,26400,1
고덕역,선유도역,57,33000,1
고덕역,한성백제역,18,7700,1
고덕역,양천향교역,67,39600,1
고덕역,흑석역,45,25300,1
고덕역,공항시장역,73,42900,1
고려대역,제기동역,16,6600,1
고려대역,동묘앞역,8,4400,0
고려대역,신설동역,10,3300,1
고려대역,외대앞역,16,6600,1
고려대역,남영역,26,12100,1
고려대역,문래역,42,20900,1
고려대역,아현역,28,13200,1
고려대역,한양대역,20,8800,1
고려대역,잠실나루역,32,15400,1
고려대역,양천구청역,46,20900,2
고려대역,신정네거리역,48,22000,2
고려대역,독립문역,32,15400,1
고려대역,무악재역,34,16500,1
고려대역,금호역,20,8800,1
고려대역,옥수역,22,9900,1
고려대역,잠원역,28,13200,1
고려대역,한성대입구역,16,4400,2
고려대역,성신여대입구역,10,3300,1
고려대역,수유역,22,7700,2
고려대역,이촌역,32,15400,1
고려대역,동작역,34,16500,1
고려대역,마장역,24,11000,1
고려대역,애오개역,30,14300,1
고려대역,신금호역,18,7700,1
고려대역,아차산역,32,15400,1
고려대역,영등포시장역,42,20900,1
고려대역,방이역,44,22000,1
고려대역,보문역,4,2200,0
고려대역,창신역,6,3300,0
고려대역,효창공원앞역,26,14300,0
고려대역,광흥창역,32,17600,0
고려대역,월드컵경기장역,42,23100,0
고려대역,고려대역,0,0,0
고려대역,공릉역,16,6600,1
고려대역,어린이대공원역,32,15400,1
고려대역,용마산역,26,12100,1
고려대역,자양역,36,17600,1
고려대역,하계역,18,7700,1
고려대역,남성역,40,17600,2
고려대역,암사역,42,18700,2
고려대역,몽촌토성역,40,17600,2
고려대역,강동구청역,42,18700,2
고려대역,송파역,42,18700,2
고려대역,석촌역,40,17600,2
고려대역,노들역,36,15400,2
고려대역,선유도역,43,19800,2
고려대역,한성백제역,48,22000,2
고려대역,양천향교역,53,26400,2
고려대역,흑석역,38,16500,2
고려대역,공항시장역,58,29700,2
고속터미널역,제기동역,34,16500,1
고속터미널역,동묘앞역,22,9900,1
고속터미널역,신설동역,32,15400,1
고속터미널역,외대앞역,30,9900,2
고속터미널역,남영역,18,8800,1
고속터미널역,문래역,25,13200,1
고속터미널역,아현역,30,14300,1
고속터미널역,한양대역,24,11000,1
고속터미널역,잠실나루역,22,11000,1
고속터미널역,양천구청역,30,13200,2
고속터미널역,신정네거리역,32,14300,2
고속터미널역,독립문역,26,14300,0
고속터미널역,무악재역,28,15400,0
고속터미널역,금호역,10,5500,0
고속터미널역,옥수역,8,4400,0
고속터미널역,잠원역,2,1100,0
고속터미널역,한성대입구역,28,13200,1
고속터미널역,성신여대입구역,30,14300,1
고속터미널역,수유역,38,18700,1
고속터미널역,이촌역,11,4400,1
고속터미널역,동작역,5,3300,0
고속터미널역,마장역,28,13200,1
고속터미널역,애오개역,26,13200,1
고속터미널역,신금호역,32,15400,1
고속터미널역,아차산역,24,11000,1
고속터미널역,영등포시장역,22,11000,1
고속터미널역,방이역,28,15400,1
고속터미널역,보문역,26,12100,1
고속터미널역,창신역,24,11000,1
고속터미널역,효창공원앞역,28,9900,1
고속터미널역,광흥창역,34,16500,1
고속터미널역,월드컵경기장역,33,15400,2
고속터미널역,고려대역,30,14300,1
고속터미널역,공릉역,36,19800,0
고속터미널역,어린이대공원역,16,8800,0
고속터미널역,용마산역,22,12100,0
고속터미널역,자양역,12,6600,0
고속터미널역,하계역,38,20900,0
고속터미널역,남성역,6,3300,0
고속터미널역,암사역,31,16500,1
고속터미널역,몽촌토성역,25,13200,1
고속터미널역,강동구청역,27,14300,1
고속터미널역,송파역,23,12100,1
고속터미널역,석촌역,17,11000,0
고속터미널역,노들역,9,5500,0
고속터미널역,선유도역,19,12100,0
고속터미널역,한성백제역,21,13200,0
고속터미널역,양천향교역,29,18700,0
고속터미널역,흑석역,7,4400,0
고속터미널역,공항시장역,35,22000,0
공덕역,제기동역,24,11000,1
공덕역,동묘앞역,20,11000,0
공덕역,신설동역,22,9900,1
공덕역,외대앞역,30,14300,1
공덕역,남영역,12,2200,1
공덕역,문래역,18,5500,1
공덕역,아현역,10,3300,1
공덕역,한양대역,26,12100,1
공덕역,잠실나루역,38,18700,1
공덕역,양천구청역,30,14300,1
공덕역,신정네거리역,28,13200,1
공덕역,독립문역,20,8800,1
공덕역,무악재역,22,9900,1
공덕역,금호역,20,8800,1
공덕역,옥수역,18,6600,0
공덕역,잠원역,28,9900,1
공덕역,한성대입구역,24,8800,1
공덕역,성신여대입구역,26,9900,1
공덕역,수유역,34,14300,1
공덕역,이촌역,9,3300,0
공덕역,동작역,14,5500,1
공덕역,마장역,24,13200,0
공덕역,애오개역,2,1100,0
공덕역,신금호역,18,9900,0
공덕역,아차산역,32,17600,0
공덕역,영등포시장역,10,5500,0
공덕역,방이역,44,24200,0
공덕역,보문역,24,13200,0
공덕역,창신역,22,12100,0
공덕역,효창공원앞역,2,1100,0
공덕역,광흥창역,4,2200,0
공덕역,월드컵경기장역,14,7700,0
공덕역,고려대역,28,15400,0
공덕역,공릉역,44,22000,1
공덕역,어린이대공원역,36,17600,1
공덕역,용마산역,38,18700,1
공덕역,자양역,40,19800,1
공덕역,하계역,46,23100,1
공덕역,남성역,22,7700,2
공덕역,암사역,42,20900,1
공덕역,몽촌토성역,44,22000,1
공덕역,강동구청역,42,20900,1
공덕역,송파역,50,25300,1
공덕역,석촌역,41,23100,1
공덕역,노들역,15,6600,1
공덕역,선유도역,15,6600,1
공덕역,한성백제역,45,25300,1
공덕역,양천향교역,24,4400,1
공덕역,흑석역,17,7700,1
공덕역,공항시장역,26,5500,1
공릉역,제기동역,22,7700,2
공릉역,동묘앞역,24,11000,1
공릉역,신설동역,24,8800,2
공릉역,외대앞역,16,4400,2
공릉역,남영역,40,17600,2
공릉역,문래역,64,33000,1
공릉역,아현역,52,26400,1
공릉역,한양대역,32,15400,1
공릉역,잠실나루역,32,15400,1
공릉역,양천구청역,60,26400,3
공릉역,신정네거리역,62,27500,3
공릉역,독립문역,48,22000,2
공릉역,무악재역,50,23100,2
공릉역,금호역,36,15400,2
공릉역,옥수역,32,11000,1
공릉역,잠원역,42,20900,1
공릉역,한성대입구역,26,12100,1
공릉역,성신여대입구역,24,11000,1
공릉역,수유역,16,6600,1
공릉역,이촌역,40,14300,1
공릉역,동작역,45,23100,1
공릉역,마장역,28,13200,1
공릉역,애오개역,50,25300,1
공릉역,신금호역,34,16500,1
공릉역,아차산역,24,11000,1
공릉역,영등포시장역,62,31900,1
공릉역,방이역,36,17600,1
공릉역,보문역,20,8800,1
공릉역,창신역,22,9900,1
공릉역,효창공원앞역,42,20900,1
공릉역,광흥창역,48,24200,1
공릉역,월드컵경기장역,58,29700,1
공릉역,고려대역,16,6600,1
공릉역,공릉역,0,0,0
공릉역,어린이대공원역,20,11000,0
공릉역,용마산역,14,7700,0
공릉역,자양역,24,13200,0
공릉역,하계역,2,1100,0
공릉역,남성역,42,23100,0
공릉역,암사역,34,14300,2
공릉역,몽촌토성역,36,15400,2
공릉역,강동구청역,34,14300,2
공릉역,송파역,42,18700,2
공릉역,석촌역,40,17600,2
공릉역,노들역,49,25300,1
공릉역,선유도역,59,31900,1
공릉역,한성백제역,40,17600,2
공릉역,양천향교역,69,38500,1
공릉역,흑석역,47,24200,1
공릉역,공항시장역,75,41800,1
공항시장역,제기동역,50,27500,1
공항시장역,동묘앞역,46,25300,1
공항시장역,신설동역,48,26400,1
공항시장역,외대앞역,56,30800,1
공항시장역,남영역,32,17600,1
공항시장역,문래역,26,13200,1
공항시장역,아현역,32,16500,1
공항시장역,한양대역,52,27500,1
공항시장역,잠실나루역,57,33000,1
공항시장역,양천구청역,26,9900,2
공항시장역,신정네거리역,24,8800,2
공항시장역,독립문역,50,25300,2
공항시장역,무악재역,52,26400,2
공항시장역,금호역,49,27500,1
공항시장역,옥수역,47,26400,1
공항시장역,잠원역,41,23100,1
공항시장역,한성대입구역,58,31900,1
공항시장역,성신여대입구역,60,33000,1
공항시장역,수유역,68,37400,1
공항시장역,이촌역,36,19800,1
공항시장역,동작역,30,18700,0
공항시장역,마장역,55,29700,1
공항시장역,애오개역,33,17600,1
공항시장역,신금호역,49,26400,1
공항시장역,아차산역,63,34100,1
공항시장역,영등포시장역,29,15400,1
공항시장역,방이역,63,37400,1
공항시장역,보문역,54,27500,2
공항시장역,창신역,52,26400,2
공항시장역,효창공원앞역,37,17600,2
공항시장역,광흥창역,32,14300,2
공항시장역,월드컵경기장역,22,4400,2
공항시장역,고려대역,58,29700,2
공항시장역,공릉역,75,41800,1
공항시장역,어린이대공원역,55,30800,1
공항시장역,용마산역,61,34100,1
공항시장역,자양역,51,28600,1
공항시장역,하계역,77,42900,1
공항시장역,남성역,45,25300,1
공항시장역,암사역,66,38500,1
공항시장역,몽촌토성역,60,35200,1
공항시장역,강동구청역,62,36300,1
공항시장역,송파역,58,34100,1
공항시장역,석촌역,52,33000,0
공항시장역,노들역,26,16500,0
공항시장역,선유도역,16,9900,0
공항시장역,한성백제역,56,35200,0
공항시장역,양천향교역,6,3300,0
공항시장역,흑석역,28,17600,0
공항시장역,공항시장역,0,0,0
관악산역,제기동역,46,23100,1
관악산역,동묘앞역,42,20900,1
관악산역,신설동역,44,22000,1
관악산역,외대앞역,52,26400,1
관악산역,남영역,28,13200,1
관악산역,문래역,20,8800,1
관악산역,아현역,34,16500,1
관악산역,한양대역,52,26400,1
관악산역,잠실나루역,40,19800,1
관악산역,양천구청역,26,9900,2
관악산역,신정네거리역,28,11000,2
관악산역,독립문역,46,20900,2
관악산역,무악재역,48,22000,2
관악산역,금호역,40,17600,2
관악산역,옥수역,38,16500,2
관악산역,잠원역,32,13200,2
관악산역,한성대입구역,48,22000,2
관악산역,성신여대입구역,50,23100,2
관악산역,수유역,58,27500,2
관악산역,이촌역,28,11000,2
관악산역,동작역,31,15400,1
관악산역,마장역,54,25300,2
관악산역,애오개역,38,16500,2
관악산역,신금호역,48,22000,2
관악산역,아차산역,58,27500,2
관악산역,영등포시장역,28,11000,2
관악산역,방이역,54,24200,3
관악산역,보문역,50,23100,2
관악산역,창신역,48,22000,2
관악산역,효창공원앞역,34,13200,2
관악산역,광흥창역,34,14300,2
관악산역,월드컵경기장역,36,15400,2
관악산역,고려대역,54,25300,2
관악산역,공릉역,70,36300,1
관악산역,어린이대공원역,50,25300,1
관악산역,용마산역,56,28600,1
관악산역,자양역,46,23100,1
관악산역,하계역,72,37400,1
관악산역,남성역,28,13200,1
관악산역,암사역,50,23100,2
관악산역,몽촌토성역,44,19800,2
관악산역,강동구청역,46,20900,2
관악산역,송파역,46,20900,2
관악산역,석촌역,43,19800,2
관악산역,노들역,28,13200,1
관악산역,선유도역,31,15400,1
관악산역,한성백제역,47,22000,2
관악산역,양천향교역,41,22000,1
관악산역,흑석역,30,14300,1
관악산역,공항시장역,47,25300,1
광나루역,제기동역,26,8800,2
광나루역,동묘앞역,26,12100,1
광나루역,신설동역,28,9900,2
광나루역,외대앞역,28,9900,2
광나루역,남영역,36,17600,1
광나루역,문래역,48,24200,1
광나루역,아현역,34,16500,1
광나루역,한양대역,18,7700,1
광나루역,잠실나루역,18,5500,2
광나루역,양천구청역,64,33000,1
광나루역,신정네거리역,62,31900,1
광나루역,독립문역,34,16500,1
광나루역,무악재역,36,17600,1
광나루역,금호역,30,9900,2
광나루역,옥수역,24,8800,1
광나루역,잠원역,32,13200,2
광나루역,한성대입구역,30,14300,1
광나루역,성신여대입구역,32,15400,1
광나루역,수유역,40,19800,1
광나루역,이촌역,32,12100,1
광나루역,동작역,39,22000,1
광나루역,마장역,10,5500,0
광나루역,애오개역,32,17600,0
광나루역,신금호역,16,8800,0
광나루역,아차산역,2,1100,0
광나루역,영등포시장역,44,24200,0
광나루역,방이역,10,5500,0
광나루역,보문역,30,14300,1
광나루역,창신역,28,13200,1
광나루역,효창공원앞역,36,17600,1
광나루역,광흥창역,42,20900,1
광나루역,월드컵경기장역,52,26400,1
광나루역,고려대역,34,16500,1
광나루역,공릉역,26,12100,1
광나루역,어린이대공원역,10,3300,1
광나루역,용마산역,12,4400,1
광나루역,자양역,14,5500,1
광나루역,하계역,28,13200,1
광나루역,남성역,32,15400,1
광나루역,암사역,8,2200,1
광나루역,몽촌토성역,10,3300,1
광나루역,강동구청역,8,2200,1
광나루역,송파역,16,6600,1
광나루역,석촌역,14,5500,1
광나루역,노들역,43,24200,1
광나루역,선유도역,49,25300,1
광나루역,한성백제역,14,5500,1
광나루역,양천향교역,60,31900,1
광나루역,흑석역,41,23100,1
광나루역,공항시장역,65,35200,1
광운대역,제기동역,12,6600,0
광운대역,동묘앞역,16,8800,0
광운대역,신설동역,14,7700,0
광운대역,외대앞역,6,3300,0
광운대역,남영역,30,16500,0
광운대역,문래역,48,24200,1
광운대역,아현역,34,16500,1
광운대역,한양대역,24,7700,2
광운대역,잠실나루역,36,14300,2
광운대역,양천구청역,50,25300,1
광운대역,신정네거리역,52,26400,1
광운대역,독립문역,32,15400,1
광운대역,무악재역,34,16500,1
광운대역,금호역,36,17600,1
광운대역,옥수역,24,8800,1
광운대역,잠원역,34,12100,2
광운대역,한성대입구역,24,11000,1
광운대역,성신여대입구역,22,9900,1
광운대역,수유역,14,5500,1
광운대역,이촌역,34,12100,1
광운대역,동작역,42,20900,1
광운대역,마장역,24,7700,2
광운대역,애오개역,34,16500,1
광운대역,신금호역,26,8800,2
광운대역,아차산역,32,12100,2
광운대역,영등포시장역,44,22000,1
광운대역,방이역,44,18700,2
광운대역,보문역,18,7700,1
광운대역,창신역,20,8800,1
광운대역,효창공원앞역,40,14300,1
광운대역,광흥창역,44,22000,1
광운대역,월드컵경기장역,54,27500,1
광운대역,고려대역,14,5500,1
광운대역,공릉역,14,3300,2
광운대역,어린이대공원역,30,12100,2
광운대역,용마산역,24,8800,2
광운대역,자양역,34,12100,2
광운대역,하계역,16,4400,2
광운대역,남성역,44,17600,2
광운대역,암사역,42,15400,3
광운대역,몽촌토성역,44,16500,3
광운대역,강동구청역,42,15400,3
광운대역,송파역,46,17600,3
광운대역,석촌역,42,17600,2
광운대역,노들역,40,19800,1
광운대역,선유도역,47,24200,1
광운대역,한성백제역,46,19800,2
광운대역,양천향교역,57,30800,1
광운대역,흑석역,42,20900,1
광운대역,공항시장역,62,34100,1
광화문역,제기동역,16,6600,1
광화문역,동묘앞역,12,4400,1
광화문역,신설동역,14,5500,1
광화문역,외대앞역,22,9900,1
광화문역,남영역,14,5500,1
광화문역,문래역,24,11000,1
광화문역,아현역,10,3300,1
광화문역,한양대역,18,7700,1
광화문역,잠실나루역,30,14300,1
광화문역,양천구청역,38,18700,1
광화문역,신정네거리역,36,17600,1
광화문역,독립문역,12,4400,1
광화문역,무악재역,14,5500,1
광화문역,금호역,16,6600,1
광화문역,옥수역,18,7700,1
광화문역,잠원역,24,11000,1
광화문역,한성대입구역,16,6600,1
광화문역,성신여대입구역,18,7700,1
광화문역,수유역,26,12100,1
광화문역,이촌역,22,7700,1
광화문역,동작역,26,13200,1
광화문역,마장역,16,8800,0
광화문역,애오개역,6,3300,0
광화문역,신금호역,10,5500,0
광화문역,아차산역,24,13200,0
광화문역,영등포시장역,18,9900,0
광화문역,방이역,36,19800,0
광화문역,보문역,20,8800,1
광화문역,창신역,18,7700,1
광화문역,효창공원앞역,14,5500,1
광화문역,광흥창역,16,6600,1
광화문역,월드컵경기장역,26,12100,1
광화문역,고려대역,24,11000,1
광화문역,공릉역,44,22000,1
광화문역,어린이대공원역,28,13200,1
광화문역,용마산역,30,14300,1
광화문역,자양역,32,15400,1
광화문역,하계역,46,23100,1
광화문역,남성역,36,15400,2
광화문역,암사역,34,16500,1
광화문역,몽촌토성역,36,17600,1
광화문역,강동구청역,34,16500,1
광화문역,송파역,42,20900,1
광화문역,석촌역,40,19800,1
광화문역,노들역,23,11000,1
광화문역,선유도역,23,11000,1
광화문역,한성백제역,40,19800,1
광화문역,양천향교역,34,17600,1
광화문역,흑석역,25,12100,1
광화문역,공항시장역,39,20900,1
광흥창역,제기동역,32,15400,1
광흥창역,동묘앞역,24,13200,0
광흥창역,신설동역,30,14300,1
광흥창역,외대앞역,38,18700,1
광흥창역,남영역,20,5500,2
광흥창역,문래역,14,5500,1
광흥창역,아현역,16,6600,1
광흥창역,한양대역,32,15400,1
광흥창역,잠실나루역,44,22000,1
광흥창역,양천구청역,24,8800,2
광흥창역,신정네거리역,26,9900,2
광흥창역,독립문역,34,16500,1
광흥창역,무악재역,32,15400,1
광흥창역,금호역,24,11000,1
광흥창역,옥수역,26,8800,1
광흥창역,잠원역,32,15400,1
광흥창역,한성대입구역,30,14300,1
광흥창역,성신여대입구역,32,15400,1
광흥창역,수유역,40,19800,1
광흥창역,이촌역,18,5500,1
광흥창역,동작역,18,7700,1
광흥창역,마장역,32,15400,1
광흥창역,애오개역,10,3300,1
광흥창역,신금호역,26,12100,1
광흥창역,아차산역,40,19800,1
광흥창역,영등포시장역,18,7700,1
광흥창역,방이역,52,26400,1
광흥창역,보문역,28,15400,0
광흥창역,창신역,26,14300,0
광흥창역,효창공원앞역,6,3300,0
광흥창역,광흥창역,0,0,0
광흥창역,월드컵경기장역,10,5500,0
광흥창역,고려대역,32,17600,0
광흥창역,공릉역,48,24200,1
광흥창역,어린이대공원역,44,19800,2
광흥창역,용마산역,46,20900,2
광흥창역,자양역,40,17600,2
광흥창역,하계역,50,25300,1
광흥창역,남성역,26,9900,2
광흥창역,암사역,50,23100,2
광흥창역,몽촌토성역,52,24200,2
광흥창역,강동구청역,50,23100,2
광흥창역,송파역,54,25300,2
광흥창역,석촌역,44,22000,2
광흥창역,노들역,23,8800,2
광흥창역,선유도역,16,4400,2
광흥창역,한성백제역,48,24200,2
광흥창역,양천향교역,26,11000,2
광흥창역,흑석역,24,8800,2
광흥창역,공항시장역,32,14300,2
교대역,제기동역,36,17600,1
교대역,동묘앞역,24,11000,1
교대역,신설동역,34,16500,1
교대역,외대앞역,32,11000,2
교대역,남영역,24,9900,2
교대역,문래역,24,13200,0
교대역,아현역,38,20900,0
교대역,한양대역,28,15400,0
교대역,잠실나루역,16,8800,0
교대역,양천구청역,30,14300,1
교대역,신정네거리역,32,15400,1
교대역,독립문역,28,15400,0
교대역,무악재역,30,16500,0
교대역,금호역,12,6600,0
교대역,옥수역,10,5500,0
교대역,잠원역,4,2200,0
교대역,한성대입구역,30,14300,1
교대역,성신여대입구역,32,15400,1
교대역,수유역,40,19800,1
교대역,이촌역,16,6600,1
교대역,동작역,11,4400,1
교대역,마장역,28,8800,2
교대역,애오개역,34,16500,1
교대역,신금호역,34,16500,1
교대역,아차산역,30,12100,2
교대역,영등포시장역,32,15400,1
교대역,방이역,30,14300,1
교대역,보문역,28,13200,1
교대역,창신역,26,12100,1
교대역,효창공원앞역,30,11000,1
교대역,광흥창역,36,17600,1
교대역,월드컵경기장역,40,19800,1
교대역,고려대역,32,15400,1
교대역,공릉역,42,20900,1
교대역,어린이대공원역,22,9900,1
교대역,용마산역,28,13200,1
교대역,자양역,18,7700,1
교대역,하계역,44,22000,1
교대역,남성역,12,4400,1
교대역,암사역,26,12100,1
교대역,몽촌토성역,20,8800,1
교대역,강동구청역,22,9900,1
교대역,송파역,22,9900,1
교대역,석촌역,19,8800,1
교대역,노들역,15,6600,1
교대역,선유도역,25,13200,1
교대역,한성백제역,23,11000,1
교대역,양천향교역,35,19800,1
교대역,흑석역,13,5500,1
교대역,공항시장역,41,23100,1
구로디지털단지역,제기동역,38,18700,1
구로디지털단지역,동묘앞역,34,16500,1
구로디지털단지역,신설동역,36,17600,1
구로디지털단지역,외대앞역,44,22000,1
구로디지털단지역,남영역,20,8800,1
구로디지털단지역,문래역,6,3300,0
구로디지털단지역,아현역,20,11000,0
구로디지털단지역,한양대역,40,22000,0
구로디지털단지역,잠실나루역,34,18700,0
구로디지털단지역,양천구청역,12,4400,1
구로디지털단지역,신정네거리역,14,5500,1
구로디지털단지역,독립문역,40,19800,1
구로디지털단지역,무악재역,42,20900,1
구로디지털단지역,금호역,34,16500,1
구로디지털단지역,옥수역,32,15400,1
구로디지털단지역,잠원역,26,12100,1
구로디지털단지역,한성대입구역,42,20900,1
구로디지털단지역,성신여대입구역,44,22000,1
구로디지털단지역,수유역,52,26400,1
구로디지털단지역,이촌역,22,9900,1
구로디지털단지역,동작역,20,8800,1
구로디지털단지역,마장역,44,22000,1
구로디지털단지역,애오개역,26,12100,1
구로디지털단지역,신금호역,40,19800,1
구로디지털단지역,아차산역,52,26400,1
구로디지털단지역,영등포시장역,14,5500,1
구로디지털단지역,방이역,48,23100,2
구로디지털단지역,보문역,44,22000,1
구로디지털단지역,창신역,42,20900,1
구로디지털단지역,효창공원앞역,26,12100,1
구로디지털단지역,광흥창역,20,8800,1
구로디지털단지역,월드컵경기장역,22,9900,1
구로디지털단지역,고려대역,48,24200,1
구로디지털단지역,공릉역,62,31900,1
구로디지털단지역,어린이대공원역,42,20900,1
구로디지털단지역,용마산역,48,24200,1
구로디지털단지역,자양역,38,18700,1
구로디지털단지역,하계역,64,33000,1
구로디지털단지역,남성역,20,8800,1
구로디지털단지역,암사역,44,22000,1
구로디지털단지역,몽촌토성역,38,18700,1
구로디지털단지역,강동구청역,40,19800,1
구로디지털단지역,송파역,40,19800,1
구로디지털단지역,석촌역,37,18700,1
구로디지털단지역,노들역,23,11000,1
구로디지털단지역,선유도역,16,6600,1
구로디지털단지역,한성백제역,41,20900,1
구로디지털단지역,양천향교역,26,13200,1
구로디지털단지역,흑석역,25,12100,1
구로디지털단지역,공항시장역,32,16500,1
구로역,제기동역,32,17600,0
구로역,동묘앞역,28,15400,0
구로역,신설동역,30,16500,0
구로역,외대앞역,38,20900,0
구로역,남영역,14,7700,0
구로역,문래역,8,2200,1
구로역,아현역,22,9900,1
구로역,한양대역,38,18700,1
구로역,잠실나루역,44,22000,1
구로역,양천구청역,10,3300,1
구로역,신정네거리역,12,4400,1
구로역,독립문역,32,15400,1
구로역,무악재역,34,16500,1
구로역,금호역,36,17600,1
구로역,옥수역,30,11000,1
구로역,잠원역,30,13200,2
구로역,한성대입구역,34,16500,1
구로역,성신여대입구역,36,17600,1
구로역,수유역,44,22000,1
구로역,이촌역,20,7700,1
구로역,동작역,19,8800,1
구로역,마장역,40,19800,1
구로역,애오개역,20,8800,1
구로역,신금호역,34,16500,1
구로역,아차산역,48,24200,1
구로역,영등포시장역,12,4400,1
구로역,방이역,60,30800,1
구로역,보문역,36,17600,1
구로역,창신역,34,16500,1
구로역,효창공원앞역,20,7700,1
구로역,광흥창역,22,7700,2
구로역,월드컵경기장역,24,8800,2
구로역,고려대역,40,19800,1
구로역,공릉역,54,25300,2
구로역,어린이대공원역,46,23100,1
구로역,용마산역,52,26400,1
구로역,자양역,42,20900,1
구로역,하계역,56,26400,2
구로역,남성역,24,11000,1
구로역,암사역,54,25300,2
구로역,몽촌토성역,48,22000,2
구로역,강동구청역,50,23100,2
구로역,송파역,47,24200,2
구로역,석촌역,41,23100,1
구로역,노들역,16,6600,1
구로역,선유도역,23,11000,1
구로역,한성백제역,45,25300,1
구로역,양천향교역,33,17600,1
구로역,흑석역,18,7700,1
구로역,공항시장역,38,20900,1
구룡역,제기동역,28,11000,1
구룡역,동묘앞역,32,13200,1
구룡역,신설동역,30,12100,1
구룡역,외대앞역,30,12100,1
구룡역,남영역,46,20900,1
구룡역,문래역,42,19800,1
구룡역,아현역,42,18700,1
구룡역,한양대역,26,9900,1
구룡역,잠실나루역,22,8800,1
구룡역,양천구청역,48,20900,2
구룡역,신정네거리역,50,22000,2
구룡역,독립문역,42,20900,1
구룡역,무악재역,44,22000,1
구룡역,금호역,26,12100,1
구룡역,옥수역,24,11000,1
구룡역,잠원역,18,7700,1
구룡역,한성대입구역,40,15400,2
구룡역,성신여대입구역,38,14300,2
구룡역,수유역,50,20900,2
구룡역,이촌역,40,14300,1
구룡역,동작역,26,12100,1
구룡역,마장역,26,9900,1
구룡역,애오개역,44,19800,1
구룡역,신금호역,28,11000,1
구룡역,아차산역,34,14300,1
구룡역,영등포시장역,42,19800,2
구룡역,방이역,24,7700,2
구룡역,보문역,36,13200,2
구룡역,창신역,36,13200,2
구룡역,효창공원앞역,46,16500,1
구룡역,광흥창역,50,23100,2
구룡역,월드컵경기장역,58,26400,2
구룡역,고려대역,42,16500,2
구룡역,공릉역,44,20900,1
구룡역,어린이대공원역,24,9900,1
구룡역,용마산역,30,13200,1
구룡역,자양역,20,7700,1
구룡역,하계역,46,22000,1
구룡역,남성역,30,13200,1
구룡역,암사역,34,15400,1
구룡역,몽촌토성역,28,12100,1
구룡역,강동구청역,30,13200,1
구룡역,송파역,22,8800,1
구룡역,석촌역,24,9900,1
구룡역,노들역,30,14300,1
구룡역,선유도역,40,20900,1
구룡역,한성백제역,28,13200,1
구룡역,양천향교역,50,27500,1
구룡역,흑석역,28,13200,1
구룡역,공항시장역,55,30800,1
구반포역,제기동역,33,16500,1
구반포역,동묘앞역,29,14300,1
구반포역,신설동역,31,15400,1
구반포역,외대앞역,39,19800,1
구반포역,남영역,15,6600,1
구반포역,문래역,22,11000,1
구반포역,아현역,28,14300,1
구반포역,한양대역,38,19800,1
구반포역,잠실나루역,26,13200,1
구반포역,양천구청역,27,11000,2
구반포역,신정네거리역,29,12100,2
구반포역,독립문역,34,16500,1
구반포역,무악재역,36,17600,1
구반포역,금호역,18,7700,1
구반포역,옥수역,16,6600,1
구반포역,잠원역,10,3300,1
구반포역,한성대입구역,30,14300,1
구반포역,성신여대입구역,32,15400,1
구반포역,수유역,40,19800,1
구반포역,이촌역,8,2200,1
구반포역,동작역,2,1100,0
구반포역,마장역,32,12100,2
구반포역,애오개역,22,11000,1
구반포역,신금호역,38,19800,1
구반포역,아차산역,32,13200,2
구반포역,영등포시장역,18,8800,1
구반포역,방이역,32,17600,1
구반포역,보문역,34,14300,2
구반포역,창신역,32,13200,2
구반포역,효창공원앞역,20,4400,2
구반포역,광흥창역,24,8800,2
구반포역,월드컵경기장역,30,13200,2
구반포역,고려대역,38,16500,2
구반포역,공릉역,44,22000,1
구반포역,어린이대공원역,24,11000,1
구반포역,용마산역,30,14300,1
구반포역,자양역,20,8800,1
구반포역,하계역,46,23100,1
구반포역,남성역,14,5500,1
구반포역,암사역,35,18700,1
구반포역,몽촌토성역,29,15400,1
구반포역,강동구청역,31,16500,1
구반포역,송파역,27,14300,1
구반포역,석촌역,21,13200,0
구반포역,노들역,6,3300,0
구반포역,선유도역,16,9900,0
구반포역,한성백제역,25,15400,0
구반포역,양천향교역,26,16500,0
구반포역,흑석역,4,2200,0
구반포역,공항시장역,32,19800,0
구산역,제기동역,36,15400,2
구산역,동묘앞역,44,24200,0
구산역,신설동역,34,14300,2
구산역,외대앞역,42,18700,2
구산역,남영역,28,8800,2
구산역,문래역,26,12100,1
구산역,아현역,28,13200,1
구산역,한양대역,48,24200,1
구산역,잠실나루역,60,30800,1
구산역,양천구청역,36,15400,2
구산역,신정네거리역,38,16500,2
구산역,독립문역,16,6600,1
구산역,무악재역,14,5500,1
구산역,금호역,32,15400,1
구산역,옥수역,34,16500,1
구산역,잠원역,40,19800,1
구산역,한성대입구역,38,16500,2
구산역,성신여대입구역,40,17600,2
구산역,수유역,48,22000,2
구산역,이촌역,34,12100,1
구산역,동작역,38,18700,1
구산역,마장역,40,17600,2
구산역,애오개역,30,14300,1
구산역,신금호역,34,14300,2
구산역,아차산역,48,22000,2
구산역,영등포시장역,38,18700,1
구산역,방이역,60,28600,2
구산역,보문역,48,26400,0
구산역,창신역,46,25300,0
구산역,효창공원앞역,26,14300,0
구산역,광흥창역,20,11000,0
구산역,월드컵경기장역,10,5500,0
구산역,고려대역,52,28600,0
구산역,공릉역,68,35200,1
구산역,어린이대공원역,60,28600,2
구산역,용마산역,54,23100,3
구산역,자양역,58,27500,2
구산역,하계역,70,36300,1
구산역,남성역,46,20900,2
구산역,암사역,58,25300,3
구산역,몽촌토성역,68,33000,2
구산역,강동구청역,58,25300,3
구산역,송파역,70,34100,2
구산역,석촌역,60,31900,2
구산역,노들역,35,15400,2
구산역,선유도역,28,11000,2
구산역,한성백제역,64,34100,2
구산역,양천향교역,26,6600,2
구산역,흑석역,37,16500,2
구산역,공항시장역,28,7700,2
구의역,제기동역,22,7700,2
구의역,동묘앞역,20,8800,1
구의역,신설동역,16,6600,1
구의역,외대앞역,26,8800,2
구의역,남영역,32,15400,1
구의역,문래역,42,23100,0
구의역,아현역,28,15400,0
구의역,한양대역,8,4400,0
구의역,잠실나루역,4,2200,0
구의역,양천구청역,50,25300,1
구의역,신정네거리역,52,26400,1
구의역,독립문역,32,15400,1
구의역,무악재역,34,16500,1
구의역,금호역,32,15400,1
구의역,옥수역,22,7700,1
구의역,잠원역,28,13200,1
구의역,한성대입구역,26,12100,1
구의역,성신여대입구역,28,13200,1
구의역,수유역,36,17600,1
구의역,이촌역,30,11000,1
구의역,동작역,31,16500,1
구의역,마장역,16,6600,1
구의역,애오개역,32,15400,1
구의역,신금호역,18,7700,1
구의역,아차산역,24,11000,1
구의역,영등포시장역,44,22000,1
구의역,방이역,36,17600,1
구의역,보문역,24,11000,1
구의역,창신역,22,9900,1
구의역,효창공원앞역,34,16500,1
구의역,광흥창역,40,19800,1
구의역,월드컵경기장역,46,23100,1
구의역,고려대역,28,13200,1
구의역,공릉역,28,13200,1
구의역,어린이대공원역,8,2200,1
구의역,용마산역,14,5500,1
구의역,자양역,8,2200,1
구의역,하계역,30,14300,1
구의역,남성역,26,12100,1
구의역,암사역,18,7700,1
구의역,몽촌토성역,12,4400,1
구의역,강동구청역,14,5500,1
구의역,송파역,14,5500,1
구의역,석촌역,12,4400,1
구의역,노들역,35,18700,1
구의역,선유도역,44,22000,1
구의역,한성백제역,23,11000,1
구의역,양천향교역,54,28600,1
구의역,흑석역,33,17600,1
구의역,공항시장역,60,31900,1
구일역,제기동역,34,18700,0
구일역,동묘앞역,30,16500,0
구일역,신설동역,32,17600,0
구일역,외대앞역,40,22000,0
구일역,남영역,16,8800,0
구일역,문래역,10,3300,1
구일역,아현역,24,11000,1
구일역,한양대역,40,19800,1
구일역,잠실나루역,46,23100,1
구일역,양천구청역,12,4400,1
구일역,신정네거리역,14,5500,1
구일역,독립문역,34,16500,1
구일역,무악재역,36,17600,1
구일역,금호역,38,18700,1
구일역,옥수역,32,12100,1
구일역,잠원역,32,14300,2
구일역,한성대입구역,36,17600,1
구일역,성신여대입구역,38,18700,1
구일역,수유역,46,23100,1
구일역,이촌역,22,8800,1
구일역,동작역,21,9900,1
구일역,마장역,42,20900,1
구일역,애오개역,22,9900,1
구일역,신금호역,36,17600,1
구일역,아차산역,50,25300,1
구일역,영등포시장역,14,5500,1
구일역,방이역,62,31900,1
구일역,보문역,38,18700,1
구일역,창신역,36,17600,1
구일역,효창공원앞역,22,8800,1
구일역,광흥창역,24,8800,2
구일역,월드컵경기장역,26,9900,2
구일역,고려대역,42,20900,1
구일역,공릉역,56,26400,2
구일역,어린이대공원역,48,24200,1
구일역,용마산역,54,27500,1
구일역,자양역,44,22000,1
구일역,하계역,58,27500,2
구일역,남성역,26,12100,1
구일역,암사역,56,26400,2
구일역,몽촌토성역,50,23100,2
구일역,강동구청역,52,24200,2
구일역,송파역,49,25300,2
구일역,석촌역,43,24200,1
구일역,노들역,18,7700,1
구일역,선유도역,25,12100,1
구일역,한성백제역,47,26400,1
구일역,양천향교역,35,18700,1
구일역,흑석역,20,8800,1
구일역,공항시장역,40,22000,1
구파발역,제기동역,32,15400,1
구파발역,동묘앞역,28,13200,1
구파발역,신설동역,30,14300,1
구파발역,외대앞역,38,18700,1
구파발역,남영역,30,14300,1
구파발역,문래역,34,14300,2
구파발역,아현역,32,15400,1
구파발역,한양대역,36,17600,1
구파발역,잠실나루역,48,24200,1
구파발역,양천구청역,50,23100,2
구파발역,신정네거리역,52,24200,2
구파발역,독립문역,12,6600,0
구파발역,무악재역,10,5500,0
구파발역,금호역,28,15400,0
구파발역,옥수역,30,16500,0
구파발역,잠원역,36,19800,0
구파발역,한성대입구역,34,16500,1
구파발역,성신여대입구역,36,17600,1
구파발역,수유역,44,22000,1
구파발역,이촌역,40,19800,1
구파발역,동작역,42,20900,1
구파발역,마장역,36,17600,1
구파발역,애오개역,30,14300,1
구파발역,신금호역,30,14300,1
구파발역,아차산역,44,22000,1
구파발역,영등포시장역,42,20900,1
구파발역,방이역,56,28600,1
구파발역,보문역,40,19800,1
구파발역,창신역,38,18700,1
구파발역,효창공원앞역,34,16500,1
구파발역,광흥창역,28,13200,1
구파발역,월드컵경기장역,18,7700,1
구파발역,고려대역,44,22000,1
구파발역,공릉역,60,28600,2
구파발역,어린이대공원역,48,22000,2
구파발역,용마산역,50,23100,2
구파발역,자양역,54,27500,1
구파발역,하계역,58,27500,2
구파발역,남성역,48,24200,1
구파발역,암사역,54,25300,2
구파발역,몽촌토성역,56,26400,2
구파발역,강동구청역,54,25300,2
구파발역,송파역,66,34100,1
구파발역,석촌역,59,31900,1
구파발역,노들역,40,17600,2
구파발역,선유도역,36,13200,3
구파발역,한성백제역,63,34100,1
구파발역,양천향교역,34,8800,3
구파발역,흑석역,49,25300,1
구파발역,공항시장역,36,9900,3
국회의사당역,제기동역,31,15400,1
국회의사당역,동묘앞역,27,13200,1
국회의사당역,신설동역,29,14300,1
국회의사당역,외대앞역,37,18700,1
국회의사당역,남영역,13,5500,1
국회의사당역,문래역,10,3300,1
국회의사당역,아현역,16,6600,1
국회의사당역,한양대역,36,17600,1
국회의사당역,잠실나루역,38,20900,1
국회의사당역,양천구청역,20,6600,2
국회의사당역,신정네거리역,22,7700,2
국회의사당역,독립문역,31,13200,2
국회의사당역,무악재역,33,14300,2
국회의사당역,금호역,30,15400,1
국회의사당역,옥수역,28,14300,1
국회의사당역,잠원역,22,11000,1
국회의사당역,한성대입구역,39,19800,1
국회의사당역,성신여대입구역,41,20900,1
국회의사당역,수유역,49,25300,1
국회의사당역,이촌역,16,7700,1
국회의사당역,동작역,10,6600,0
국회의사당역,마장역,36,17600,1
국회의사당역,애오개역,14,5500,1
국회의사당역,신금호역,30,14300,1
국회의사당역,아차산역,44,22000,1
국회의사당역,영등포시장역,10,3300,1
국회의사당역,방이역,44,25300,1
국회의사당역,보문역,35,15400,2
국회의사당역,창신역,33,14300,2
국회의사당역,효창공원앞역,18,5500,2
국회의사당역,광흥창역,16,4400,2
국회의사당역,월드컵경기장역,18,5500,2
국회의사당역,고려대역,39,17600,2
국회의사당역,공릉역,56,29700,1
국회의사당역,어린이대공원역,36,18700,1
국회의사당역,용마산역,42,22000,1
국회의사당역,자양역,32,16500,1
국회의사당역,하계역,58,30800,1
국회의사당역,남성역,26,13200,1
국회의사당역,암사역,47,26400,1
국회의사당역,몽촌토성역,41,23100,1
국회의사당역,강동구청역,43,24200,1
국회의사당역,송파역,39,22000,1
국회의사당역,석촌역,33,20900,0
국회의사당역,노들역,7,4400,0
국회의사당역,선유도역,4,2200,0
국회의사당역,한성백제역,37,23100,0
국회의사당역,양천향교역,14,8800,0
국회의사당역,흑석역,9,5500,0
국회의사당역,공항시장역,20,12100,0
군자역,제기동역,22,6600,2
군자역,동묘앞역,22,9900,1
군자역,신설동역,22,7700,2
군자역,외대앞역,24,7700,2
군자역,남영역,32,15400,1
군자역,문래역,44,22000,1
군자역,아현역,30,14300,1
군자역,한양대역,14,5500,1
군자역,잠실나루역,14,5500,1
군자역,양천구청역,60,30800,1
군자역,신정네거리역,58,29700,1
군자역,독립문역,30,14300,1
군자역,무악재역,32,15400,1
군자역,금호역,32,15400,1
군자역,옥수역,20,6600,1
군자역,잠원역,24,11000,1
군자역,한성대입구역,26,12100,1
군자역,성신여대입구역,28,13200,1
군자역,수유역,34,16500,1
군자역,이촌역,28,9900,1
군자역,동작역,27,13200,1
군자역,마장역,6,3300,0
군자역,애오개역,28,15400,0
군자역,신금호역,12,6600,0
군자역,아차산역,2,1100,0
군자역,영등포시장역,40,22000,0
군자역,방이역,14,7700,0
군자역,보문역,26,12100,1
군자역,창신역,24,11000,1
군자역,효창공원앞역,32,15400,1
군자역,광흥창역,38,18700,1
군자역,월드컵경기장역,48,24200,1
군자역,고려대역,30,14300,1
군자역,공릉역,18,9900,0
군자역,어린이대공원역,2,1100,0
군자역,용마산역,4,2200,0
군자역,자양역,6,3300,0
군자역,하계역,20,11000,0
군자역,남성역,24,13200,0
군자역,암사역,12,4400,1
군자역,몽촌토성역,14,5500,1
군자역,강동구청역,12,4400,1
군자역,송파역,20,8800,1
군자역,석촌역,18,7700,1
군자역,노들역,31,15400,1
군자역,선유도역,41,22000,1
군자역,한성백제역,18,7700,1
군자역,양천향교역,51,28600,1
군자역,흑석역,29,14300,1
군자역,공항시장역,57,31900,1
굽은다리역,제기동역,34,13200,2
굽은다리역,동묘앞역,34,16500,1
굽은다리역,신설동역,36,14300,2
굽은다리역,외대앞역,36,14300,2
굽은다리역,남영역,44,22000,1
굽은다리역,문래역,56,28600,1
굽은다리역,아현역,42,20900,1
굽은다리역,한양대역,26,12100,1
굽은다리역,잠실나루역,22,7700,2
굽은다리역,양천구청역,72,37400,1
굽은다리역,신정네거리역,70,36300,1
굽은다리역,독립문역,42,20900,1
굽은다리역,무악재역,44,22000,1
굽은다리역,금호역,38,14300,2
굽은다리역,옥수역,32,13200,1
굽은다리역,잠원역,44,22000,1
굽은다리역,한성대입구역,38,18700,1
굽은다리역,성신여대입구역,40,19800,1
굽은다리역,수유역,48,24200,1
굽은다리역,이촌역,40,16500,1
굽은다리역,동작역,39,22000,1
굽은다리역,마장역,18,9900,0
굽은다리역,애오개역,40,22000,0
굽은다리역,신금호역,24,13200,0
굽은다리역,아차산역,10,5500,0
굽은다리역,영등포시장역,52,28600,0
굽은다리역,방이역,10,5500,0
굽은다리역,보문역,38,18700,1
굽은다리역,창신역,36,17600,1
굽은다리역,효창공원앞역,44,22000,1
굽은다리역,광흥창역,50,25300,1
굽은다리역,월드컵경기장역,60,30800,1
굽은다리역,고려대역,42,20900,1
굽은다리역,공릉역,34,16500,1
굽은다리역,어린이대공원역,18,7700,1
굽은다리역,용마산역,20,8800,1
굽은다리역,자양역,22,9900,1
굽은다리역,하계역,36,17600,1
굽은다리역,남성역,40,19800,1
굽은다리역,암사역,12,4400,1
굽은다리역,몽촌토성역,14,5500,1
굽은다리역,강동구청역,12,4400,1
굽은다리역,송파역,20,8800,1
굽은다리역,석촌역,17,7700,1
굽은다리역,노들역,43,24200,1
굽은다리역,선유도역,53,30800,1
굽은다리역,한성백제역,14,5500,1
굽은다리역,양천향교역,63,37400,1
굽은다리역,흑석역,41,23100,1
굽은다리역,공항시장역,69,40700,1
금천구청역,제기동역,38,20900,0
금천구청역,동묘앞역,34,18700,0
금천구청역,신설동역,36,19800,0
금천구청역,외대앞역,44,24200,0
금천구청역,남영역,20,11000,0
금천구청역,문래역,14,5500,1
금천구청역,아현역,28,13200,1
금천구청역,한양대역,44,22000,1
금천구청역,잠실나루역,50,25300,1
금천구청역,양천구청역,16,6600,1
금천구청역,신정네거리역,18,7700,1
금천구청역,독립문역,38,18700,1
금천구청역,무악재역,40,19800,1
금천구청역,금호역,42,20900,1
금천구청역,옥수역,36,14300,1
금천구청역,잠원역,36,16500,2
금천구청역,한성대입구역,40,19800,1
금천구청역,성신여대입구역,42,20900,1
금천구청역,수유역,50,25300,1
금천구청역,이촌역,26,11000,1
금천구청역,동작역,25,12100,1
금천구청역,마장역,46,23100,1
금천구청역,애오개역,26,12100,1
금천구청역,신금호역,40,19800,1
금천구청역,아차산역,54,27500,1
금천구청역,영등포시장역,18,7700,1
금천구청역,방이역,66,34100,1
금천구청역,보문역,42,20900,1
금천구청역,창신역,40,19800,1
금천구청역,효창공원앞역,26,11000,1
금천구청역,광흥창역,28,11000,2
금천구청역,월드컵경기장역,30,12100,2
금천구청역,고려대역,46,23100,1
금천구청역,공릉역,68,35200,1
금천구청역,어린이대공원역,48,24200,1
금천구청역,용마산역,54,27500,1
금천구청역,자양역,44,22000,1
금천구청역,하계역,70,36300,1
금천구청역,남성역,26,12100,1
금천구청역,암사역,60,28600,2
금천구청역,몽촌토성역,54,25300,2
금천구청역,강동구청역,56,26400,2
금천구청역,송파역,53,27500,2
금천구청역,석촌역,47,26400,1
금천구청역,노들역,22,9900,1
금천구청역,선유도역,29,14300,1
금천구청역,한성백제역,51,28600,1
금천구청역,양천향교역,39,20900,1
금천구청역,흑석역,24,11000,1
금천구청역,공항시장역,44,24200,1
금호역,제기동역,24,11000,1
금호역,동묘앞역,12,4400,1
금호역,신설동역,22,9900,1
금호역,외대앞역,30,14300,1
금호역,남영역,22,9900,1
금호역,문래역,34,16500,1
금호역,아현역,20,8800,1
금호역,한양대역,24,11000,1
금호역,잠실나루역,32,15400,1
금호역,양천구청역,42,18700,2
금호역,신정네거리역,44,19800,2
금호역,독립문역,16,8800,0
금호역,무악재역,18,9900,0
금호역,금호역,0,0,0
금호역,옥수역,2,1100,0
금호역,잠원역,8,4400,0
금호역,한성대입구역,18,7700,1
금호역,성신여대입구역,20,8800,1
금호역,수유역,28,13200,1
금호역,이촌역,16,4400,1
금호역,동작역,19,8800,1
금호역,마장역,20,4400,2
금호역,애오개역,22,9900,1
금호역,신금호역,22,9900,1
금호역,아차산역,28,8800,2
금호역,영등포시장역,34,16500,1
금호역,방이역,42,20900,1
금호역,보문역,16,6600,1
금호역,창신역,14,5500,1
금호역,효창공원앞역,18,7700,1
금호역,광흥창역,24,11000,1
금호역,월드컵경기장역,34,16500,1
금호역,고려대역,20,8800,1
금호역,공릉역,36,15400,2
금호역,어린이대공원역,30,14300,1
금호역,용마산역,36,17600,1
금호역,자양역,26,12100,1
금호역,하계역,38,16500,2
금호역,남성역,20,8800,1
금호역,암사역,50,25300,1
금호역,몽촌토성역,44,22000,1
금호역,강동구청역,46,23100,1
금호역,송파역,38,18700,1
금호역,석촌역,31,16500,1
금호역,노들역,23,11000,1
금호역,선유도역,33,17600,1
금호역,한성백제역,35,18700,1
금호역,양천향교역,43,24200,1
금호역,흑석역,21,9900,1
금호역,공항시장역,49,27500,1
길동역,제기동역,32,12100,2
길동역,동묘앞역,32,15400,1
길동역,신설동역,34,13200,2
길동역,외대앞역,34,13200,2
길동역,남영역,42,20900,1
길동역,문래역,54,27500,1
길동역,아현역,40,19800,1
길동역,한양대역,24,11000,1
길동역,잠실나루역,20,6600,2
길동역,양천구청역,70,36300,1
길동역,신정네거리역,68,35200,1
길동역,독립문역,40,19800,1
길동역,무악재역,42,20900,1
길동역,금호역,36,13200,2
길동역,옥수역,30,12100,1
길동역,잠원역,42,20900,1
길동역,한성대입구역,36,17600,1
길동역,성신여대입구역,38,18700,1
길동역,수유역,46,23100,1
길동역,이촌역,38,15400,1
길동역,동작역,37,20900,1
길동역,마장역,16,8800,0
길동역,애오개역,38,20900,0
길동역,신금호역,22,12100,0
길동역,아차산역,8,4400,0
길동역,영등포시장역,50,27500,0
길동역,방이역,8,4400,0
길동역,보문역,36,17600,1
길동역,창신역,34,16500,1
길동역,효창공원앞역,42,20900,1
길동역,광흥창역,48,24200,1
길동역,월드컵경기장역,58,29700,1
길동역,고려대역,40,19800,1
길동역,공릉역,32,15400,1
길동역,어린이대공원역,16,6600,1
길동역,용마산역,18,7700,1
길동역,자양역,20,8800,1
길동역,하계역,34,16500,1
길동역,남성역,38,18700,1
길동역,암사역,10,3300,1
길동역,몽촌토성역,12,4400,1
길동역,강동구청역,10,3300,1
길동역,송파역,18,7700,1
길동역,석촌역,15,6600,1
길동역,노들역,41,23100,1
길동역,선유도역,51,29700,1
길동역,한성백제역,12,4400,1
길동역,양천향교역,61,36300,1
길동역,흑석역,39,22000,1
길동역,공항시장역,67,39600,1
길음역,제기동역,18,7700,1
길음역,동묘앞역,14,5500,1
길음역,신설동역,10,3300,1
길음역,외대앞역,24,11000,1
길음역,남영역,24,11000,1
길음역,문래역,40,19800,1
길음역,아현역,26,12100,1
길음역,한양대역,22,9900,1
길음역,잠실나루역,34,16500,1
길음역,양천구청역,44,19800,2
길음역,신정네거리역,46,20900,2
길음역,독립문역,26,12100,1
길음역,무악재역,28,13200,1
길음역,금호역,22,9900,1
길음역,옥수역,24,11000,1
길음역,잠원역,30,14300,1
길음역,한성대입구역,4,2200,0
길음역,성신여대입구역,2,1100,0
길음역,수유역,6,3300,0
길음역,이촌역,26,14300,0
길음역,동작역,28,15400,0
길음역,마장역,24,11000,1
길음역,애오개역,26,12100,1
길음역,신금호역,18,7700,1
길음역,아차산역,32,15400,1
길음역,영등포시장역,38,18700,1
길음역,방이역,44,22000,1
길음역,보문역,8,2200,1
길음역,창신역,14,3300,2
길음역,효창공원앞역,28,13200,1
길음역,광흥창역,34,16500,1
길음역,월드컵경기장역,44,22000,1
길음역,고려대역,16,4400,2
길음역,공릉역,22,9900,1
길음역,어린이대공원역,42,20900,1
길음역,용마산역,36,17600,1
길음역,자양역,34,14300,2
길음역,하계역,20,8800,1
길음역,남성역,36,17600,1
길음역,암사역,42,18700,2
길음역,몽촌토성역,42,18700,2
길음역,강동구청역,42,18700,2
길음역,송파역,44,19800,2
길음역,석촌역,42,18700,2
길음역,노들역,36,17600,1
길음역,선유도역,46,24200,1
길음역,한성백제역,48,22000,2
길음역,양천향교역,56,30800,1
길음역,흑석역,34,16500,1
길음역,공항시장역,62,34100,1
김포공항역,제기동역,50,14300,1
김포공항역,동묘앞역,46,12100,1
김포공항역,신설동역,48,13200,1
김포공항역,외대앞역,56,17600,1
김포공항역,남영역,34,18700,1
김포공항역,문래역,27,14300,1
김포공항역,아현역,28,6600,1
김포공항역,한양대역,48,17600,1
김포공항역,잠실나루역,58,34100,1
김포공항역,양천구청역,20,8800,1
김포공항역,신정네거리역,18,7700,1
김포공항역,독립문역,38,12100,2
김포공항역,무악재역,36,11000,2
김포공항역,금호역,50,28600,1
김포공항역,옥수역,48,13200,1
김포공항역,잠원역,42,24200,1
김포공항역,한성대입구역,48,13200,1
김포공항역,성신여대입구역,50,14300,1
김포공항역,수유역,58,18700,1
김포공항역,이촌역,37,20900,1
김포공항역,동작역,31,19800,0
김포공항역,마장역,58,31900,0
김포공항역,애오개역,36,19800,0
김포공항역,신금호역,52,28600,0
김포공항역,아차산역,66,36300,0
김포공항역,영등포시장역,24,13200,0
김포공항역,방이역,64,38500,1
김포공항역,보문역,52,17600,1
김포공항역,창신역,50,16500,1
김포공항역,효창공원앞역,30,5500,1
김포공항역,광흥창역,28,8800,1
김포공항역,월드컵경기장역,18,3300,1
김포공항역,고려대역,56,19800,1
김포공항역,공릉역,76,42900,1
김포공항역,어린이대공원역,56,31900,1
김포공항역,용마산역,62,35200,1
김포공항역,자양역,52,29700,1
김포공항역,하계역,78,44000,1
김포공항역,남성역,46,26400,1
김포공항역,암사역,67,39600,1
김포공항역,몽촌토성역,61,36300,1
김포공항역,강동구청역,63,37400,1
김포공항역,송파역,59,35200,1
김포공항역,석촌역,53,34100,0
김포공항역,노들역,28,17600,0
김포공항역,선유도역,18,11000,0
김포공항역,한성백제역,57,36300,0
김포공항역,양천향교역,7,4400,0
김포공항역,흑석역,30,18700,0
김포공항역,공항시장역,2,1100,0
까치산역,제기동역,42,20900,1
까치산역,동묘앞역,38,18700,1
까치산역,신설동역,40,19800,1
까치산역,외대앞역,48,24200,1
까치산역,남영역,24,11000,1
까치산역,문래역,14,5500,1
까치산역,아현역,26,12100,1
까치산역,한양대역,46,23100,1
까치산역,잠실나루역,50,25300,1
까치산역,양천구청역,4,2200,0
까치산역,신정네거리역,2,1100,0
까치산역,독립문역,42,20900,1
까치산역,무악재역,44,22000,1
까치산역,금호역,46,23100,1
까치산역,옥수역,46,18700,1
까치산역,잠원역,40,18700,2
까치산역,한성대입구역,46,23100,1
까치산역,성신여대입구역,48,24200,1
까치산역,수유역,56,28600,1
까치산역,이촌역,36,15400,1
까치산역,동작역,28,14300,1
까치산역,마장역,46,25300,0
까치산역,애오개역,24,13200,0
까치산역,신금호역,40,22000,0
까치산역,아차산역,54,29700,0
까치산역,영등포시장역,12,6600,0
까치산역,방이역,66,36300,0
까치산역,보문역,50,25300,1
까치산역,창신역,48,24200,1
까치산역,효창공원앞역,28,13200,1
까치산역,광흥창역,30,14300,1
까치산역,월드컵경기장역,28,11000,2
까치산역,고려대역,54,27500,1
까치산역,공릉역,74,38500,1
까치산역,어린이대공원역,58,29700,1
까치산역,용마산역,60,30800,1
까치산역,자양역,50,24200,2
까치산역,하계역,76,39600,1
까치산역,남성역,32,13200,2
까치산역,암사역,64,33000,1
까치산역,몽촌토성역,54,25300,2
까치산역,강동구청역,64,33000,1
까치산역,송파역,56,26400,2
까치산역,석촌역,51,28600,1
까치산역,노들역,25,12100,1
까치산역,선유도역,25,12100,1
까치산역,한성백제역,55,30800,1
까치산역,양천향교역,23,11000,1
까치산역,흑석역,27,13200,1
까치산역,공항시장역,18,7700,1
낙성대역,제기동역,40,15400,2
낙성대역,동묘앞역,44,22000,1
낙성대역,신설동역,44,22000,1
낙성대역,외대앞역,42,16500,2
낙성대역,남영역,30,14300,1
낙성대역,문래역,16,8800,0
낙성대역,아현역,30,16500,0
낙성대역,한양대역,36,19800,0
낙성대역,잠실나루역,24,13200,0
낙성대역,양천구청역,22,9900,1
낙성대역,신정네거리역,24,11000,1
낙성대역,독립문역,40,19800,1
낙성대역,무악재역,42,20900,1
낙성대역,금호역,24,11000,1
낙성대역,옥수역,22,9900,1
낙성대역,잠원역,16,6600,1
낙성대역,한성대입구역,34,16500,1
낙성대역,성신여대입구역,36,17600,1
낙성대역,수유역,44,22000,1
낙성대역,이촌역,12,4400,1
낙성대역,동작역,10,3300,1
낙성대역,마장역,44,22000,1
낙성대역,애오개역,36,17600,1
낙성대역,신금호역,36,15400,2
낙성대역,아차산역,40,17600,2
낙성대역,영등포시장역,24,11000,1
낙성대역,방이역,38,17600,2
낙성대역,보문역,40,17600,2
낙성대역,창신역,38,16500,2
낙성대역,효창공원앞역,24,6600,2
낙성대역,광흥창역,30,14300,1
낙성대역,월드컵경기장역,32,15400,1
낙성대역,고려대역,44,19800,2
낙성대역,공릉역,56,28600,1
낙성대역,어린이대공원역,36,17600,1
낙성대역,용마산역,42,20900,1
낙성대역,자양역,36,17600,1
낙성대역,하계역,58,29700,1
낙성대역,남성역,14,3300,2
낙성대역,암사역,34,16500,1
낙성대역,몽촌토성역,28,13200,1
낙성대역,강동구청역,30,14300,1
낙성대역,송파역,30,14300,1
낙성대역,석촌역,27,13200,1
낙성대역,노들역,18,5500,2
낙성대역,선유도역,26,12100,1
낙성대역,한성백제역,31,15400,1
낙성대역,양천향교역,36,18700,1
낙성대역,흑석역,16,4400,2
낙성대역,공항시장역,42,22000,1
남구로역,제기동역,40,19800,1
남구로역,동묘앞역,36,17600,1
남구로역,신설동역,38,18700,1
남구로역,외대앞역,46,23100,1
남구로역,남영역,22,9900,1
남구로역,문래역,10,3300,1
남구로역,아현역,24,11000,1
남구로역,한양대역,44,22000,1
남구로역,잠실나루역,42,20900,1
남구로역,양천구청역,16,4400,2
남구로역,신정네거리역,18,5500,2
남구로역,독립문역,40,17600,2
남구로역,무악재역,42,18700,2
남구로역,금호역,36,17600,1
남구로역,옥수역,34,16500,1
남구로역,잠원역,28,13200,1
남구로역,한성대입구역,48,24200,1
남구로역,성신여대입구역,50,25300,1
남구로역,수유역,58,29700,1
남구로역,이촌역,26,12100,1
남구로역,동작역,24,11000,1
남구로역,마장역,50,25300,1
남구로역,애오개역,28,11000,2
남구로역,신금호역,42,18700,2
남구로역,아차산역,46,23100,1
남구로역,영등포시장역,18,5500,2
남구로역,방이역,58,29700,1
남구로역,보문역,44,19800,2
남구로역,창신역,42,18700,2
남구로역,효창공원앞역,28,9900,2
남구로역,광흥창역,24,8800,2
남구로역,월드컵경기장역,26,9900,2
남구로역,고려대역,48,22000,2
남구로역,공릉역,58,31900,0
남구로역,어린이대공원역,38,20900,0
남구로역,용마산역,44,24200,0
남구로역,자양역,34,18700,0
남구로역,하계역,60,33000,0
남구로역,남성역,16,8800,0
남구로역,암사역,52,24200,2
남구로역,몽촌토성역,46,20900,2
남구로역,강동구청역,48,22000,2
남구로역,송파역,48,22000,2
남구로역,석촌역,43,23100,1
남구로역,노들역,24,8800,2
남구로역,선유도역,20,6600,2
남구로역,한성백제역,47,25300,1
남구로역,양천향교역,30,13200,2
남구로역,흑석역,33,16500,1
남구로역,공항시장역,36,16500,2
남부터미널역,제기동역,38,18700,1
남부터미널역,동묘앞역,26,12100,1
남부터미널역,신설동역,36,17600,1
남부터미널역,외대앞역,34,12100,2
남부터미널역,남영역,26,11000,2
남부터미널역,문래역,30,14300,1
남부터미널역,아현역,34,16500,1
남부터미널역,한양대역,34,16500,1
남부터미널역,잠실나루역,22,9900,1
남부터미널역,양천구청역,36,15400,2
남부터미널역,신정네거리역,38,16500,2
남부터미널역,독립문역,30,16500,0
남부터미널역,무악재역,32,17600,0
남부터미널역,금호역,14,7700,0
남부터미널역,옥수역,12,6600,0
남부터미널역,잠원역,6,3300,0
남부터미널역,한성대입구역,32,15400,1
남부터미널역,성신여대입구역,34,16500,1
남부터미널역,수유역,42,20900,1
남부터미널역,이촌역,26,9900,1
남부터미널역,동작역,13,5500,1
남부터미널역,마장역,30,9900,2
남부터미널역,애오개역,36,17600,1
남부터미널역,신금호역,36,17600,1
남부터미널역,아차산역,40,19800,1
남부터미널역,영등포시장역,30,13200,2
남부터미널역,방이역,28,13200,1
남부터미널역,보문역,30,14300,1
남부터미널역,창신역,28,13200,1
남부터미널역,효창공원앞역,32,12100,1
남부터미널역,광흥창역,38,18700,1
남부터미널역,월드컵경기장역,48,24200,1
남부터미널역,고려대역,34,16500,1
남부터미널역,공릉역,44,22000,1
남부터미널역,어린이대공원역,24,11000,1
남부터미널역,용마산역,30,14300,1
남부터미널역,자양역,20,8800,1
남부터미널역,하계역,46,23100,1
남부터미널역,남성역,14,5500,1
남부터미널역,암사역,36,17600,1
남부터미널역,몽촌토성역,30,14300,1
남부터미널역,강동구청역,32,15400,1
남부터미널역,송파역,24,11000,1
남부터미널역,석촌역,25,13200,1
남부터미널역,노들역,17,7700,1
남부터미널역,선유도역,27,14300,1
남부터미널역,한성백제역,29,15400,1
남부터미널역,양천향교역,37,20900,1
남부터미널역,흑석역,15,6600,1
남부터미널역,공항시장역,43,24200,1
남성역,제기동역,36,13200,2
남성역,동묘앞역,32,13200,2
남성역,신설동역,36,15400,2
남성역,외대앞역,38,14300,2
남성역,남영역,24,8800,2
남성역,문래역,22,9900,1
남성역,아현역,36,17600,1
남성역,한양대역,30,14300,1
남성역,잠실나루역,30,14300,1
남성역,양천구청역,28,11000,2
남성역,신정네거리역,30,12100,2
남성역,독립문역,36,17600,1
남성역,무악재역,38,18700,1
남성역,금호역,20,8800,1
남성역,옥수역,18,7700,1
남성역,잠원역,12,4400,1
남성역,한성대입구역,32,15400,1
남성역,성신여대입구역,34,16500,1
남성역,수유역,42,20900,1
남성역,이촌역,10,3300,1
남성역,동작역,8,2200,1
남성역,마장역,34,16500,1
남성역,애오개역,36,16500,2
남성역,신금호역,40,19800,1
남성역,아차산역,30,14300,1
남성역,영등포시장역,30,12100,2
남성역,방이역,42,20900,1
남성역,보문역,36,15400,2
남성역,창신역,34,14300,2
남성역,효창공원앞역,22,5500,2
남성역,광흥창역,26,9900,2
남성역,월드컵경기장역,36,15400,2
남성역,고려대역,40,17600,2
남성역,공릉역,42,23100,0
남성역,어린이대공원역,22,12100,0
남성역,용마산역,28,15400,0
남성역,자양역,18,9900,0
남성역,하계역,44,24200,0
남성역,남성역,0,0,0
남성역,암사역,40,17600,2
남성역,몽촌토성역,35,16500,2
남성역,강동구청역,37,17600,2
남성역,송파역,33,15400,2
남성역,석촌역,27,14300,1
남성역,노들역,19,8800,1
남성역,선유도역,29,15400,1
남성역,한성백제역,31,16500,1
남성역,양천향교역,39,22000,1
남성역,흑석역,17,7700,1
남성역,공항시장역,45,25300,1
남영역,제기동역,18,9900,0
남영역,동묘앞역,14,7700,0
남영역,신설동역,16,8800,0
남영역,외대앞역,24,13200,0
남영역,남영역,0,0,0
남영역,문래역,18,7700,1
남영역,아현역,12,4400,1
남영역,한양대역,24,11000,1
남영역,잠실나루역,36,17600,1
남영역,양천구청역,20,8800,1
남영역,신정네거리역,22,9900,1
남영역,독립문역,18,7700,1
남영역,무악재역,20,8800,1
남영역,금호역,22,9900,1
남영역,옥수역,20,5500,1
남영역,잠원역,30,14300,1
남영역,한성대입구역,20,8800,1
남영역,성신여대입구역,22,9900,1
남영역,수유역,30,14300,1
남영역,이촌역,10,2200,1
남영역,동작역,13,5500,1
남영역,마장역,26,12100,1
남영역,애오개역,20,8800,1
남영역,신금호역,20,8800,1
남영역,아차산역,34,16500,1
남영역,영등포시장역,14,5500,1
남영역,방이역,46,23100,1
남영역,보문역,22,9900,1
남영역,창신역,20,8800,1
남영역,효창공원앞역,10,2200,1
남영역,광흥창역,20,5500,2
남영역,월드컵경기장역,22,5500,2
남영역,고려대역,26,12100,1
남영역,공릉역,40,17600,2
남영역,어린이대공원역,36,15400,2
남영역,용마산역,40,17600,2
남영역,자양역,34,15400,2
남영역,하계역,42,18700,2
남영역,남성역,24,8800,2
남영역,암사역,44,19800,2
남영역,몽촌토성역,43,22000,2
남영역,강동구청역,44,19800,2
남영역,송파역,41,20900,2
남영역,석촌역,35,19800,1
남영역,노들역,10,3300,1
남영역,선유도역,17,7700,1
남영역,한성백제역,39,22000,1
남영역,양천향교역,27,14300,1
남영역,흑석역,12,4400,1
남영역,공항시장역,32,17600,1
남태령역,제기동역,36,17600,1
남태령역,동묘앞역,32,15400,1
남태령역,신설동역,34,16500,1
남태령역,외대앞역,42,20900,1
남태령역,남영역,22,9900,1
남태령역,문래역,24,11000,1
남태령역,아현역,38,18700,1
남태령역,한양대역,36,17600,1
남태령역,잠실나루역,28,13200,1
남태령역,양천구청역,30,12100,2
남태령역,신정네거리역,32,13200,2
남태령역,독립문역,36,17600,1
남태령역,무악재역,38,18700,1
남태령역,금호역,32,15400,1
남태령역,옥수역,22,7700,1
남태령역,잠원역,18,5500,2
남태령역,한성대입구역,30,16500,0
남태령역,성신여대입구역,32,17600,0
남태령역,수유역,40,22000,0
남태령역,이촌역,8,4400,0
남태령역,동작역,6,3300,0
남태령역,마장역,38,18700,1
남태령역,애오개역,26,9900,2
남태령역,신금호역,32,15400,1
남태령역,아차산역,36,15400,2
남태령역,영등포시장역,26,11000,2
남태령역,방이역,43,22000,2
남태령역,보문역,36,17600,1
남태령역,창신역,34,16500,1
남태령역,효창공원앞역,20,6600,1
남태령역,광흥창역,24,11000,1
남태령역,월드컵경기장역,34,16500,1
남태령역,고려대역,40,19800,1
남태령역,공릉역,48,24200,1
남태령역,어린이대공원역,28,13200,1
남태령역,용마산역,34,16500,1
남태령역,자양역,24,11000,1
남태령역,하계역,50,25300,1
남태령역,남성역,10,3300,1
남태령역,암사역,38,16500,2
남태령역,몽촌토성역,32,13200,2
남태령역,강동구청역,34,14300,2
남태령역,송파역,34,14300,2
남태령역,석촌역,32,17600,1
남태령역,노들역,14,5500,1
남태령역,선유도역,24,12100,1
남태령역,한성백제역,36,19800,1
남태령역,양천향교역,34,18700,1
남태령역,흑석역,12,4400,1
남태령역,공항시장역,40,22000,1
내방역,제기동역,32,11000,2
내방역,동묘앞역,28,11000,2
내방역,신설동역,34,12100,2
내방역,외대앞역,34,12100,2
내방역,남영역,24,8800,2
내방역,문래역,26,12100,1
내방역,아현역,40,19800,1
내방역,한양대역,26,12100,1
내방역,잠실나루역,26,12100,1
내방역,양천구청역,32,13200,2
내방역,신정네거리역,34,14300,2
내방역,독립문역,32,15400,1
내방역,무악재역,34,16500,1
내방역,금호역,16,6600,1
내방역,옥수역,14,5500,1
내방역,잠원역,8,2200,1
내방역,한성대입구역,32,15400,1
내방역,성신여대입구역,34,16500,1
내방역,수유역,42,20900,1
내방역,이촌역,10,3300,1
내방역,동작역,8,2200,1
내방역,마장역,30,14300,1
내방역,애오개역,32,14300,2
내방역,신금호역,36,17600,1
내방역,아차산역,26,12100,1
내방역,영등포시장역,28,12100,2
내방역,방이역,38,18700,1
내방역,보문역,32,13200,2
내방역,창신역,30,12100,2
내방역,효창공원앞역,22,5500,2
내방역,광흥창역,26,9900,2
내방역,월드컵경기장역,36,15400,2
내방역,고려대역,36,15400,2
내방역,공릉역,38,20900,0
내방역,어린이대공원역,18,9900,0
내방역,용마산역,24,13200,0
내방역,자양역,14,7700,0
내방역,하계역,40,22000,0
내방역,남성역,4,2200,0
내방역,암사역,36,15400,2
내방역,몽촌토성역,31,14300,2
내방역,강동구청역,33,15400,2
내방역,송파역,29,13200,2
내방역,석촌역,23,12100,1
내방역,노들역,15,6600,1
내방역,선유도역,25,13200,1
내방역,한성백제역,27,14300,1
내방역,양천향교역,35,19800,1
내방역,흑석역,13,5500,1
내방역,공항시장역,41,23100,1
노들역,제기동역,28,13200,1
노들역,동묘앞역,24,11000,1
노들역,신설동역,26,12100,1
노들역,외대앞역,34,16500,1
노들역,남영역,10,3300,1
노들역,문래역,17,7700,1
노들역,아현역,23,11000,1
노들역,한양대역,34,14300,2
노들역,잠실나루역,31,16500,1
노들역,양천구청역,22,7700,2
노들역,신정네거리역,24,8800,2
노들역,독립문역,28,11000,2
노들역,무악재역,30,12100,2
노들역,금호역,23,11000,1
노들역,옥수역,21,9900,1
노들역,잠원역,15,6600,1
노들역,한성대입구역,32,15400,1
노들역,성신여대입구역,34,16500,1
노들역,수유역,42,20900,1
노들역,이촌역,10,3300,1
노들역,동작역,4,2200,0
노들역,마장역,39,19800,1
노들역,애오개역,17,7700,1
노들역,신금호역,33,16500,1
노들역,아차산역,37,16500,2
노들역,영등포시장역,13,5500,1
노들역,방이역,37,20900,1
노들역,보문역,32,13200,2
노들역,창신역,30,12100,2
노들역,효창공원앞역,16,3300,2
노들역,광흥창역,23,8800,2
노들역,월드컵경기장역,25,9900,2
노들역,고려대역,36,15400,2
노들역,공릉역,49,25300,1
노들역,어린이대공원역,29,14300,1
노들역,용마산역,35,17600,1
노들역,자양역,25,12100,1
노들역,하계역,51,26400,1
노들역,남성역,19,8800,1
노들역,암사역,40,22000,1
노들역,몽촌토성역,34,18700,1
노들역,강동구청역,36,19800,1
노들역,송파역,32,17600,1
노들역,석촌역,26,16500,0
노들역,노들역,0,0,0
노들역,선유도역,11,6600,0
노들역,한성백제역,30,18700,0
노들역,양천향교역,21,13200,0
노들역,흑석역,2,1100,0
노들역,공항시장역,26,16500,0
노량진역,제기동역,22,12100,0
노량진역,동묘앞역,18,9900,0
노량진역,신설동역,20,11000,0
노량진역,외대앞역,28,15400,0
노량진역,남영역,4,2200,0
노량진역,문래역,14,5500,1
노량진역,아현역,16,6600,1
노량진역,한양대역,28,13200,1
노량진역,잠실나루역,32,17600,1
노량진역,양천구청역,16,6600,1
노량진역,신정네거리역,18,7700,1
노량진역,독립문역,22,9900,1
노량진역,무악재역,24,11000,1
노량진역,금호역,24,12100,1
노량진역,옥수역,20,5500,1
노량진역,잠원역,16,7700,1
노량진역,한성대입구역,24,11000,1
노량진역,성신여대입구역,26,12100,1
노량진역,수유역,34,16500,1
노량진역,이촌역,10,2200,1
노량진역,동작역,5,3300,0
노량진역,마장역,30,14300,1
노량진역,애오개역,15,6600,1
노량진역,신금호역,24,11000,1
노량진역,아차산역,38,18700,1
노량진역,영등포시장역,10,3300,1
노량진역,방이역,38,22000,1
노량진역,보문역,26,12100,1
노량진역,창신역,24,11000,1
노량진역,효창공원앞역,10,2200,1
노량진역,광흥창역,20,5500,2
노량진역,월드컵경기장역,23,8800,2
노량진역,고려대역,30,14300,1
노량진역,공릉역,50,26400,1
노량진역,어린이대공원역,30,15400,1
노량진역,용마산역,36,18700,1
노량진역,자양역,26,13200,1
노량진역,하계역,52,27500,1
노량진역,남성역,20,9900,1
노량진역,암사역,41,23100,1
노량진역,몽촌토성역,35,19800,1
노량진역,강동구청역,37,20900,1
노량진역,송파역,33,18700,1
노량진역,석촌역,27,17600,0
노량진역,노들역,2,1100,0
노량진역,선유도역,9,5500,0
노량진역,한성백제역,31,19800,0
노량진역,양천향교역,19,12100,0
노량진역,흑석역,4,2200,0
노량진역,공항시장역,24,15400,0
노원역,제기동역,24,11000,1
노원역,동묘앞역,26,12100,1
노원역,신설동역,22,9900,1
노원역,외대앞역,18,7700,1
노원역,남영역,36,17600,1
노원역,문래역,52,26400,1
노원역,아현역,38,18700,1
노원역,한양대역,34,16500,1
노원역,잠실나루역,38,18700,1
노원역,양천구청역,56,26400,2
노원역,신정네거리역,58,27500,2
노원역,독립문역,38,18700,1
노원역,무악재역,40,19800,1
노원역,금호역,34,16500,1
노원역,옥수역,36,17600,1
노원역,잠원역,42,20900,1
노원역,한성대입구역,16,8800,0
노원역,성신여대입구역,14,7700,0
노원역,수유역,6,3300,0
노원역,이촌역,38,20900,0
노원역,동작역,40,22000,0
노원역,마장역,34,16500,1
노원역,애오개역,38,18700,1
노원역,신금호역,30,14300,1
노원역,아차산역,30,14300,1
노원역,영등포시장역,50,25300,1
노원역,방이역,42,20900,1
노원역,보문역,20,8800,1
노원역,창신역,28,13200,1
노원역,효창공원앞역,40,19800,1
노원역,광흥창역,46,23100,1
노원역,월드컵경기장역,56,28600,1
노원역,고려대역,22,9900,1
노원역,공릉역,6,3300,0
노원역,어린이대공원역,26,14300,0
노원역,용마산역,20,11000,0
노원역,자양역,30,16500,0
노원역,하계역,4,2200,0
노원역,남성역,48,26400,0
노원역,암사역,40,17600,2
노원역,몽촌토성역,42,18700,2
노원역,강동구청역,40,17600,2
노원역,송파역,48,22000,2
노원역,석촌역,46,20900,2
노원역,노들역,48,24200,1
노원역,선유도역,58,30800,1
노원역,한성백제역,46,20900,2
노원역,양천향교역,68,37400,1
노원역,흑석역,46,23100,1
노원역,공항시장역,74,40700,1
녹번역,제기동역,26,12100,1
녹번역,동묘앞역,22,9900,1
녹번역,신설동역,24,11000,1
녹번역,외대앞역,32,15400,1
녹번역,남영역,24,11000,1
녹번역,문래역,40,19800,1
녹번역,아현역,26,12100,1
녹번역,한양대역,30,14300,1
녹번역,잠실나루역,42,20900,1
녹번역,양천구청역,44,19800,2
녹번역,신정네거리역,46,20900,2
녹번역,독립문역,6,3300,0
녹번역,무악재역,4,2200,0
녹번역,금호역,22,12100,0
녹번역,옥수역,24,13200,0
녹번역,잠원역,30,16500,0
녹번역,한성대입구역,28,13200,1
녹번역,성신여대입구역,30,14300,1
녹번역,수유역,38,18700,1
녹번역,이촌역,34,16500,1
녹번역,동작역,36,17600,1
녹번역,마장역,30,14300,1
녹번역,애오개역,24,11000,1
녹번역,신금호역,24,11000,1
녹번역,아차산역,38,18700,1
녹번역,영등포시장역,36,17600,1
녹번역,방이역,50,25300,1
녹번역,보문역,34,16500,1
녹번역,창신역,32,15400,1
녹번역,효창공원앞역,34,16500,1
녹번역,광흥창역,28,13200,1
녹번역,월드컵경기장역,18,7700,1
녹번역,고려대역,38,18700,1
녹번역,공릉역,54,25300,2
녹번역,어린이대공원역,42,18700,2
녹번역,용마산역,44,19800,2
녹번역,자양역,48,24200,1
녹번역,하계역,52,24200,2
녹번역,남성역,42,20900,1
녹번역,암사역,48,22000,2
녹번역,몽촌토성역,50,23100,2
녹번역,강동구청역,48,22000,2
녹번역,송파역,60,30800,1
녹번역,석촌역,53,28600,1
녹번역,노들역,34,14300,2
녹번역,선유도역,41,18700,2
녹번역,한성백제역,57,30800,1
녹번역,양천향교역,51,25300,2
녹번역,흑석역,43,22000,1
녹번역,공항시장역,36,9900,3
녹사평역,제기동역,22,9900,1
녹사평역,동묘앞역,14,7700,0
녹사평역,신설동역,20,8800,1
녹사평역,외대앞역,28,13200,1
녹사평역,남영역,16,4400,2
녹사평역,문래역,24,11000,1
녹사평역,아현역,26,12100,1
녹사평역,한양대역,22,9900,1
녹사평역,잠실나루역,34,16500,1
녹사평역,양천구청역,34,14300,2
녹사평역,신정네거리역,36,15400,2
녹사평역,독립문역,26,12100,1
녹사평역,무악재역,28,13200,1
녹사평역,금호역,14,5500,1
녹사평역,옥수역,16,6600,1
녹사평역,잠원역,22,9900,1
녹사평역,한성대입구역,24,11000,1
녹사평역,성신여대입구역,24,11000,1
녹사평역,수유역,34,16500,1
녹사평역,이촌역,10,3300,1
녹사평역,동작역,12,4400,1
녹사평역,마장역,22,9900,1
녹사평역,애오개역,12,4400,1
녹사평역,신금호역,16,6600,1
녹사평역,아차산역,30,14300,1
녹사평역,영등포시장역,20,8800,1
녹사평역,방이역,42,20900,1
녹사평역,보문역,18,9900,0
녹사평역,창신역,16,8800,0
녹사평역,효창공원앞역,4,2200,0
녹사평역,광흥창역,10,5500,0
녹사평역,월드컵경기장역,20,11000,0
녹사평역,고려대역,22,12100,0
녹사평역,공릉역,38,18700,1
녹사평역,어린이대공원역,34,14300,2
녹사평역,용마산역,36,15400,2
녹사평역,자양역,34,14300,2
녹사평역,하계역,40,19800,1
녹사평역,남성역,20,6600,2
녹사평역,암사역,40,17600,2
녹사평역,몽촌토성역,42,18700,2
녹사평역,강동구청역,40,17600,2
녹사평역,송파역,44,19800,2
녹사평역,석촌역,38,18700,2
녹사평역,노들역,20,6600,2
녹사평역,선유도역,25,9900,2
녹사평역,한성백제역,42,20900,2
녹사평역,양천향교역,36,16500,2
녹사평역,흑석역,18,5500,2
녹사평역,공항시장역,41,19800,2
녹천역,제기동역,16,8800,0
녹천역,동묘앞역,20,11000,0
녹천역,신설동역,18,9900,0
녹천역,외대앞역,10,5500,0
녹천역,남영역,34,18700,0
녹천역,문래역,52,26400,1
녹천역,아현역,38,18700,1
녹천역,한양대역,28,9900,2
녹천역,잠실나루역,40,16500,2
녹천역,양천구청역,54,27500,1
녹천역,신정네거리역,56,28600,1
녹천역,독립문역,36,17600,1
녹천역,무악재역,38,18700,1
녹천역,금호역,40,19800,1
녹천역,옥수역,28,11000,1
녹천역,잠원역,38,14300,2
녹천역,한성대입구역,20,8800,1
녹천역,성신여대입구역,18,7700,1
녹천역,수유역,10,3300,1
녹천역,이촌역,38,14300,1
녹천역,동작역,44,22000,1
녹천역,마장역,28,9900,2
녹천역,애오개역,38,18700,1
녹천역,신금호역,30,11000,2
녹천역,아차산역,36,14300,2
녹천역,영등포시장역,48,24200,1
녹천역,방이역,48,20900,2
녹천역,보문역,22,9900,1
녹천역,창신역,24,11000,1
녹천역,효창공원앞역,44,16500,1
녹천역,광흥창역,48,24200,1
녹천역,월드컵경기장역,58,29700,1
녹천역,고려대역,18,7700,1
녹천역,공릉역,24,11000,1
녹천역,어린이대공원역,34,14300,2
녹천역,용마산역,28,11000,2
녹천역,자양역,38,14300,2
녹천역,하계역,22,9900,1
녹천역,남성역,48,19800,2
녹천역,암사역,46,17600,3
녹천역,몽촌토성역,48,18700,3
녹천역,강동구청역,46,17600,3
녹천역,송파역,50,19800,3
녹천역,석촌역,46,19800,2
녹천역,노들역,44,22000,1
녹천역,선유도역,51,26400,1
녹천역,한성백제역,50,22000,2
녹천역,양천향교역,61,33000,1
녹천역,흑석역,46,23100,1
녹천역,공항시장역,66,36300,1
논현역,제기동역,26,7700,2
논현역,동묘앞역,24,8800,2
논현역,신설동역,28,8800,2
논현역,외대앞역,28,8800,2
논현역,남영역,26,11000,2
논현역,문래역,32,15400,1
논현역,아현역,40,19800,1
논현역,한양대역,20,8800,1
논현역,잠실나루역,20,8800,1
논현역,양천구청역,38,16500,2
논현역,신정네거리역,40,17600,2
논현역,독립문역,28,13200,1
논현역,무악재역,30,14300,1
논현역,금호역,12,4400,1
논현역,옥수역,10,3300,1
논현역,잠원역,8,2200,1
논현역,한성대입구역,38,18700,1
논현역,성신여대입구역,40,19800,1
논현역,수유역,48,24200,1
논현역,이촌역,16,6600,1
논현역,동작역,13,5500,1
논현역,마장역,24,11000,1
논현역,애오개역,34,15400,2
논현역,신금호역,30,14300,1
논현역,아차산역,20,8800,1
논현역,영등포시장역,30,13200,2
논현역,방이역,32,15400,1
논현역,보문역,28,11000,2
논현역,창신역,26,9900,2
논현역,효창공원앞역,28,8800,2
논현역,광흥창역,32,13200,2
논현역,월드컵경기장역,42,18700,2
논현역,고려대역,32,13200,2
논현역,공릉역,32,17600,0
논현역,어린이대공원역,12,6600,0
논현역,용마산역,18,9900,0
논현역,자양역,8,4400,0
논현역,하계역,34,18700,0
논현역,남성역,10,5500,0
논현역,암사역,30,12100,2
논현역,몽촌토성역,27,9900,2
논현역,강동구청역,29,11000,2
논현역,송파역,26,11000,2
논현역,석촌역,20,9900,1
논현역,노들역,17,7700,1
논현역,선유도역,27,14300,1
논현역,한성백제역,24,12100,1
논현역,양천향교역,37,20900,1
논현역,흑석역,15,6600,1
논현역,공항시장역,43,24200,1
답십리역,제기동역,18,4400,2
답십리역,동묘앞역,18,7700,1
답십리역,신설동역,20,5500,2
답십리역,외대앞역,20,5500,2
답십리역,남영역,28,13200,1
답십리역,문래역,40,19800,1
답십리역,아현역,26,12100,1
답십리역,한양대역,10,3300,1
답십리역,잠실나루역,22,9900,1
답십리역,양천구청역,56,28600,1
답십리역,신정네거리역,54,27500,1
답십리역,독립문역,26,12100,1
답십리역,무악재역,28,13200,1
답십리역,금호역,22,5500,2
답십리역,옥수역,16,4400,1
답십리역,잠원역,26,7700,2
답십리역,한성대입구역,22,9900,1
답십리역,성신여대입구역,24,11000,1
답십리역,수유역,32,15400,1
답십리역,이촌역,24,7700,1
답십리역,동작역,34,16500,1
답십리역,마장역,2,1100,0
답십리역,애오개역,24,13200,0
답십리역,신금호역,8,4400,0
답십리역,아차산역,6,3300,0
답십리역,영등포시장역,36,19800,0
답십리역,방이역,18,9900,0
답십리역,보문역,22,9900,1
답십리역,창신역,20,8800,1
답십리역,효창공원앞역,28,13200,1
답십리역,광흥창역,34,16500,1
답십리역,월드컵경기장역,44,22000,1
답십리역,고려대역,26,12100,1
답십리역,공릉역,26,12100,1
답십리역,어린이대공원역,10,3300,1
답십리역,용마산역,12,4400,1
답십리역,자양역,14,5500,1
답십리역,하계역,28,13200,1
답십리역,남성역,32,15400,1
답십리역,암사역,16,6600,1
답십리역,몽촌토성역,18,7700,1
답십리역,강동구청역,16,6600,1
답십리역,송파역,24,11000,1
답십리역,석촌역,22,9900,1
답십리역,노들역,41,20900,1
답십리역,선유도역,41,20900,1
답십리역,한성백제역,22,9900,1
답십리역,양천향교역,52,27500,1
답십리역,흑석역,43,22000,1
답십리역,공항시장역,57,30800,1
당곡역,제기동역,38,18700,1
당곡역,동묘앞역,34,16500,1
당곡역,신설동역,36,17600,1
당곡역,외대앞역,44,22000,1
당곡역,남영역,20,8800,1
당곡역,문래역,16,6600,1
당곡역,아현역,30,14300,1
당곡역,한양대역,48,24200,1
당곡역,잠실나루역,36,17600,1
당곡역,양천구청역,22,7700,2
당곡역,신정네거리역,24,8800,2
당곡역,독립문역,38,16500,2
당곡역,무악재역,40,17600,2
당곡역,금호역,36,15400,2
당곡역,옥수역,34,14300,2
당곡역,잠원역,28,11000,2
당곡역,한성대입구역,40,17600,2
당곡역,성신여대입구역,42,18700,2
당곡역,수유역,50,23100,2
당곡역,이촌역,24,8800,2
당곡역,동작역,23,11000,1
당곡역,마장역,46,20900,2
당곡역,애오개역,30,12100,2
당곡역,신금호역,40,17600,2
당곡역,아차산역,50,23100,2
당곡역,영등포시장역,22,7700,2
당곡역,방이역,56,29700,2
당곡역,보문역,42,18700,2
당곡역,창신역,40,17600,2
당곡역,효창공원앞역,26,8800,2
당곡역,광흥창역,30,12100,2
당곡역,월드컵경기장역,32,13200,2
당곡역,고려대역,46,20900,2
당곡역,공릉역,62,31900,1
당곡역,어린이대공원역,42,20900,1
당곡역,용마산역,48,24200,1
당곡역,자양역,38,18700,1
당곡역,하계역,64,33000,1
당곡역,남성역,20,8800,1
당곡역,암사역,46,20900,2
당곡역,몽촌토성역,40,17600,2
당곡역,강동구청역,42,18700,2
당곡역,송파역,42,18700,2
당곡역,석촌역,45,25300,1
당곡역,노들역,20,8800,1
당곡역,선유도역,23,11000,1
당곡역,한성백제역,49,27500,1
당곡역,양천향교역,33,17600,1
당곡역,흑석역,22,9900,1
당곡역,공항시장역,39,20900,1
당산역,제기동역,32,15400,1
당산역,동묘앞역,28,13200,1
당산역,신설동역,30,14300,1
당산역,외대앞역,38,18700,1
당산역,남영역,15,6600,1
당산역,문래역,4,2200,0
당산역,아현역,10,5500,0
당산역,한양대역,30,16500,0
당산역,잠실나루역,42,23100,0
당산역,양천구청역,14,5500,1
당산역,신정네거리역,16,6600,1
당산역,독립문역,30,14300,1
당산역,무악재역,32,15400,1
당산역,금호역,30,14300,1
당산역,옥수역,29,15400,1
당산역,잠원역,23,12100,1
당산역,한성대입구역,32,15400,1
당산역,성신여대입구역,34,16500,1
당산역,수유역,42,20900,1
당산역,이촌역,18,8800,1
당산역,동작역,12,7700,0
당산역,마장역,34,16500,1
당산역,애오개역,15,6600,1
당산역,신금호역,30,14300,1
당산역,아차산역,42,20900,1
당산역,영등포시장역,8,2200,1
당산역,방이역,45,26400,1
당산역,보문역,34,16500,1
당산역,창신역,32,15400,1
당산역,효창공원앞역,16,6600,1
당산역,광흥창역,10,3300,1
당산역,월드컵경기장역,12,4400,1
당산역,고려대역,38,18700,1
당산역,공릉역,57,30800,1
당산역,어린이대공원역,37,19800,1
당산역,용마산역,43,23100,1
당산역,자양역,33,17600,1
당산역,하계역,59,31900,1
당산역,남성역,26,12100,1
당산역,암사역,48,27500,1
당산역,몽촌토성역,42,24200,1
당산역,강동구청역,44,25300,1
당산역,송파역,40,23100,1
당산역,석촌역,34,22000,0
당산역,노들역,9,5500,0
당산역,선유도역,2,1100,0
당산역,한성백제역,38,24200,0
당산역,양천향교역,12,7700,0
당산역,흑석역,11,6600,0
당산역,공항시장역,18,11000,0
대림역,제기동역,36,17600,1
대림역,동묘앞역,32,15400,1
대림역,신설동역,34,16500,1
대림역,외대앞역,42,20900,1
대림역,남영역,18,7700,1
대림역,문래역,4,2200,0
대림역,아현역,18,9900,0
대림역,한양대역,38,20900,0
대림역,잠실나루역,36,19800,0
대림역,양천구청역,10,3300,1
대림역,신정네거리역,12,4400,1
대림역,독립문역,38,18700,1
대림역,무악재역,40,19800,1
대림역,금호역,34,16500,1
대림역,옥수역,32,15400,1
대림역,잠원역,26,12100,1
대림역,한성대입구역,40,19800,1
대림역,성신여대입구역,42,20900,1
대림역,수유역,50,25300,1
대림역,이촌역,24,11000,1
대림역,동작역,22,9900,1
대림역,마장역,42,20900,1
대림역,애오개역,24,11000,1
대림역,신금호역,38,18700,1
대림역,아차산역,44,22000,1
대림역,영등포시장역,12,4400,1
대림역,방이역,56,28600,1
대림역,보문역,42,20900,1
대림역,창신역,40,19800,1
대림역,효창공원앞역,24,11000,1
대림역,광흥창역,18,7700,1
대림역,월드컵경기장역,20,8800,1
대림역,고려대역,46,23100,1
대림역,공릉역,56,30800,0
대림역,어린이대공원역,36,19800,0
대림역,용마산역,42,23100,0
대림역,자양역,32,17600,0
대림역,하계역,58,31900,0
대림역,남성역,14,7700,0
대림역,암사역,46,23100,1
대림역,몽촌토성역,40,19800,1
대림역,강동구청역,42,20900,1
대림역,송파역,42,20900,1
대림역,석촌역,39,19800,1
대림역,노들역,21,9900,1
대림역,선유도역,14,5500,1
대림역,한성백제역,43,22000,1
대림역,양천향교역,24,12100,1
대림역,흑석역,23,11000,1
대림역,공항시장역,30,15400,1
대모산입구역,제기동역,34,13200,1
대모산입구역,동묘앞역,38,15400,1
대모산입구역,신설동역,36,14300,1
대모산입구역,외대앞역,36,14300,1
대모산입구역,남영역,52,23100,1
대모산입구역,문래역,46,22000,1
대모산입구역,아현역,47,20900,1
대모산입구역,한양대역,31,12100,1
대모산입구역,잠실나루역,26,11000,1
대모산입구역,양천구청역,52,23100,2
대모산입구역,신정네거리역,54,24200,2
대모산입구역,독립문역,48,23100,1
대모산입구역,무악재역,50,24200,1
대모산입구역,금호역,32,14300,1
대모산입구역,옥수역,30,13200,1
대모산입구역,잠원역,24,9900,1
대모산입구역,한성대입구역,45,17600,2
대모산입구역,성신여대입구역,44,16500,2
대모산입구역,수유역,55,23100,2
대모산입구역,이촌역,46,16500,1
대모산입구역,동작역,31,14300,1
대모산입구역,마장역,31,12100,1
대모산입구역,애오개역,49,22000,1
대모산입구역,신금호역,33,13200,1
대모산입구역,아차산역,30,12100,2
대모산입구역,영등포시장역,47,22000,2
대모산입구역,방이역,18,5500,2
대모산입구역,보문역,42,15400,2
대모산입구역,창신역,41,15400,2
대모산입구역,효창공원앞역,52,18700,1
대모산입구역,광흥창역,56,25300,2
대모산입구역,월드컵경기장역,62,28600,2
대모산입구역,고려대역,47,18700,2
대모산입구역,공릉역,50,23100,1
대모산입구역,어린이대공원역,30,12100,1
대모산입구역,용마산역,36,15400,1
대모산입구역,자양역,26,9900,1
대모산입구역,하계역,52,24200,1
대모산입구역,남성역,36,15400,1
대모산입구역,암사역,29,13200,1
대모산입구역,몽촌토성역,23,9900,1
대모산입구역,강동구청역,25,11000,1
대모산입구역,송파역,17,6600,1
대모산입구역,석촌역,19,7700,1
대모산입구역,노들역,35,16500,1
대모산입구역,선유도역,45,23100,1
대모산입구역,한성백제역,33,15400,1
대모산입구역,양천향교역,55,29700,1
대모산입구역,흑석역,33,15400,1
대모산입구역,공항시장역,60,33000,1
대방역,제기동역,24,13200,0
대방역,동묘앞역,20,11000,0
대방역,신설동역,22,12100,0
대방역,외대앞역,30,16500,0
대방역,남영역,6,3300,0
대방역,문래역,12,4400,1
대방역,아현역,18,7700,1
대방역,한양대역,30,14300,1
대방역,잠실나루역,42,20900,1
대방역,양천구청역,14,5500,1
대방역,신정네거리역,16,6600,1
대방역,독립문역,24,11000,1
대방역,무악재역,26,12100,1
대방역,금호역,28,13200,1
대방역,옥수역,22,6600,1
대방역,잠원역,22,8800,2
대방역,한성대입구역,26,12100,1
대방역,성신여대입구역,28,13200,1
대방역,수유역,36,17600,1
대방역,이촌역,12,3300,1
대방역,동작역,11,4400,1
대방역,마장역,32,15400,1
대방역,애오개역,16,6600,1
대방역,신금호역,26,12100,1
대방역,아차산역,40,19800,1
대방역,영등포시장역,8,2200,1
대방역,방이역,52,26400,1
대방역,보문역,28,13200,1
대방역,창신역,26,12100,1
대방역,효창공원앞역,12,3300,1
대방역,광흥창역,22,6600,2
대방역,월드컵경기장역,28,8800,2
대방역,고려대역,32,15400,1
대방역,공릉역,46,20900,2
대방역,어린이대공원역,40,19800,1
대방역,용마산역,46,23100,1
대방역,자양역,36,17600,1
대방역,하계역,48,22000,2
대방역,남성역,18,7700,1
대방역,암사역,47,24200,2
대방역,몽촌토성역,41,20900,2
대방역,강동구청역,43,22000,2
대방역,송파역,39,19800,2
대방역,석촌역,33,18700,1
대방역,노들역,8,2200,1
대방역,선유도역,13,5500,1
대방역,한성백제역,37,20900,1
대방역,양천향교역,23,12100,1
대방역,흑석역,10,3300,1
대방역,공항시장역,29,15400,1
대청역,제기동역,38,13200,2
대청역,동묘앞역,38,18700,1
대청역,신설동역,40,14300,2
대청역,외대앞역,40,14300,2
대청역,남영역,38,17600,2
대청역,문래역,42,20900,1
대청역,아현역,46,23100,1
대청역,한양대역,35,12100,2
대청역,잠실나루역,22,7700,2
대청역,양천구청역,48,22000,2
대청역,신정네거리역,50,23100,2
대청역,독립문역,42,23100,0
대청역,무악재역,44,24200,0
대청역,금호역,26,14300,0
대청역,옥수역,24,13200,0
대청역,잠원역,18,9900,0
대청역,한성대입구역,44,22000,1
대청역,성신여대입구역,46,23100,1
대청역,수유역,54,27500,1
대청역,이촌역,38,16500,1
대청역,동작역,25,12100,1
대청역,마장역,36,17600,1
대청역,애오개역,48,24200,1
대청역,신금호역,42,20900,1
대청역,아차산역,28,13200,1
대청역,영등포시장역,42,19800,2
대청역,방이역,16,6600,1
대청역,보문역,42,20900,1
대청역,창신역,40,19800,1
대청역,효창공원앞역,44,18700,1
대청역,광흥창역,50,25300,1
대청역,월드컵경기장역,60,30800,1
대청역,고려대역,46,23100,1
대청역,공릉역,56,28600,1
대청역,어린이대공원역,36,17600,1
대청역,용마산역,42,20900,1
대청역,자양역,32,15400,1
대청역,하계역,58,29700,1
대청역,남성역,26,12100,1
대청역,암사역,24,11000,1
대청역,몽촌토성역,18,7700,1
대청역,강동구청역,20,8800,1
대청역,송파역,12,4400,1
대청역,석촌역,14,5500,1
대청역,노들역,29,14300,1
대청역,선유도역,39,20900,1
대청역,한성백제역,22,7700,2
대청역,양천향교역,49,27500,1
대청역,흑석역,27,13200,1
대청역,공항시장역,55,30800,1
대치역,제기동역,34,11000,2
대치역,동묘앞역,34,16500,1
대치역,신설동역,36,12100,2
대치역,외대앞역,36,12100,2
대치역,남영역,34,15400,2
대치역,문래역,38,18700,1
대치역,아현역,42,20900,1
대치역,한양대역,31,9900,2
대치역,잠실나루역,30,14300,1
대치역,양천구청역,44,19800,2
대치역,신정네거리역,46,20900,2
대치역,독립문역,38,20900,0
대치역,무악재역,40,22000,0
대치역,금호역,22,12100,0
대치역,옥수역,20,11000,0
대치역,잠원역,14,7700,0
대치역,한성대입구역,40,19800,1
대치역,성신여대입구역,42,20900,1
대치역,수유역,50,25300,1
대치역,이촌역,34,14300,1
대치역,동작역,21,9900,1
대치역,마장역,31,9900,2
대치역,애오개역,44,22000,1
대치역,신금호역,33,11000,2
대치역,아차산역,32,15400,1
대치역,영등포시장역,38,17600,2
대치역,방이역,20,8800,1
대치역,보문역,38,18700,1
대치역,창신역,36,17600,1
대치역,효창공원앞역,40,16500,1
대치역,광흥창역,46,23100,1
대치역,월드컵경기장역,56,28600,1
대치역,고려대역,42,20900,1
대치역,공릉역,52,26400,1
대치역,어린이대공원역,32,15400,1
대치역,용마산역,38,18700,1
대치역,자양역,28,13200,1
대치역,하계역,54,27500,1
대치역,남성역,22,9900,1
대치역,암사역,28,13200,1
대치역,몽촌토성역,22,9900,1
대치역,강동구청역,24,11000,1
대치역,송파역,16,6600,1
대치역,석촌역,18,7700,1
대치역,노들역,25,12100,1
대치역,선유도역,35,18700,1
대치역,한성백제역,26,9900,2
대치역,양천향교역,45,25300,1
대치역,흑석역,23,11000,1
대치역,공항시장역,51,28600,1
대흥역,제기동역,30,14300,1
대흥역,동묘앞역,22,12100,0
대흥역,신설동역,28,13200,1
대흥역,외대앞역,36,17600,1
대흥역,남영역,18,4400,2
대흥역,문래역,16,6600,1
대흥역,아현역,18,7700,1
대흥역,한양대역,30,14300,1
대흥역,잠실나루역,42,20900,1
대흥역,양천구청역,26,9900,2
대흥역,신정네거리역,28,11000,2
대흥역,독립문역,34,16500,1
대흥역,무악재역,34,16500,1
대흥역,금호역,22,9900,1
대흥역,옥수역,24,7700,1
대흥역,잠원역,30,14300,1
대흥역,한성대입구역,28,13200,1
대흥역,성신여대입구역,30,14300,1
대흥역,수유역,38,18700,1
대흥역,이촌역,16,4400,1
대흥역,동작역,16,6600,1
대흥역,마장역,30,14300,1
대흥역,애오개역,8,2200,1
대흥역,신금호역,24,11000,1
대흥역,아차산역,38,18700,1
대흥역,영등포시장역,16,6600,1
대흥역,방이역,50,25300,1
대흥역,보문역,26,14300,0
대흥역,창신역,24,13200,0
대흥역,효창공원앞역,4,2200,0
대흥역,광흥창역,2,1100,0
대흥역,월드컵경기장역,12,6600,0
대흥역,고려대역,30,16500,0
대흥역,공릉역,46,23100,1
대흥역,어린이대공원역,42,18700,2
대흥역,용마산역,44,19800,2
대흥역,자양역,38,16500,2
대흥역,하계역,48,24200,1
대흥역,남성역,24,8800,2
대흥역,암사역,48,22000,2
대흥역,몽촌토성역,50,23100,2
대흥역,강동구청역,48,22000,2
대흥역,송파역,52,24200,2
대흥역,석촌역,42,20900,2
대흥역,노들역,21,7700,2
대흥역,선유도역,18,5500,2
대흥역,한성백제역,46,23100,2
대흥역,양천향교역,28,12100,2
대흥역,흑석역,22,7700,2
대흥역,공항시장역,34,15400,2
도곡역,제기동역,26,9900,1
도곡역,동묘앞역,30,12100,1
도곡역,신설동역,28,11000,1
도곡역,외대앞역,28,11000,1
도곡역,남영역,32,14300,2
도곡역,문래역,36,17600,1
도곡역,아현역,40,17600,1
도곡역,한양대역,24,8800,1
도곡역,잠실나루역,19,7700,1
도곡역,양천구청역,42,18700,2
도곡역,신정네거리역,44,19800,2
도곡역,독립문역,36,19800,0
도곡역,무악재역,38,20900,0
도곡역,금호역,20,11000,0
도곡역,옥수역,18,9900,0
도곡역,잠원역,12,6600,0
도곡역,한성대입구역,38,18700,1
도곡역,성신여대입구역,40,19800,1
도곡역,수유역,48,24200,1
도곡역,이촌역,32,13200,1
도곡역,동작역,19,8800,1
도곡역,마장역,24,8800,1
도곡역,애오개역,42,18700,1
도곡역,신금호역,26,9900,1
도곡역,아차산역,32,13200,1
도곡역,영등포시장역,36,16500,2
도곡역,방이역,22,9900,1
도곡역,보문역,36,17600,1
도곡역,창신역,34,16500,1
도곡역,효창공원앞역,38,15400,1
도곡역,광흥창역,44,22000,1
도곡역,월드컵경기장역,54,27500,1
도곡역,고려대역,40,19800,1
도곡역,공릉역,42,19800,1
도곡역,어린이대공원역,22,8800,1
도곡역,용마산역,28,12100,1
도곡역,자양역,18,6600,1
도곡역,하계역,44,20900,1
도곡역,남성역,20,8800,1
도곡역,암사역,30,14300,1
도곡역,몽촌토성역,24,11000,1
도곡역,강동구청역,26,12100,1
도곡역,송파역,18,7700,1
도곡역,석촌역,20,8800,1
도곡역,노들역,23,11000,1
도곡역,선유도역,33,17600,1
도곡역,한성백제역,26,12100,1
도곡역,양천향교역,43,24200,1
도곡역,흑석역,21,9900,1
도곡역,공항시장역,49,27500,1
도림천역,제기동역,36,17600,1
도림천역,동묘앞역,32,15400,1
도림천역,신설동역,34,16500,1
도림천역,외대앞역,42,20900,1
도림천역,남영역,18,7700,1
도림천역,문래역,8,2200,1
도림천역,아현역,22,9900,1
도림천역,한양대역,42,20900,1
도림천역,잠실나루역,44,22000,1
도림천역,양천구청역,2,1100,0
도림천역,신정네거리역,4,2200,0
도림천역,독립문역,36,15400,2
도림천역,무악재역,38,16500,2
도림천역,금호역,40,17600,2
도림천역,옥수역,34,11000,2
도림천역,잠원역,36,15400,2
도림천역,한성대입구역,38,16500,2
도림천역,성신여대입구역,40,17600,2
도림천역,수유역,48,22000,2
도림천역,이촌역,24,7700,2
도림천역,동작역,23,8800,2
도림천역,마장역,44,19800,2
도림천역,애오개역,24,8800,2
도림천역,신금호역,38,16500,2
도림천역,아차산역,52,24200,2
도림천역,영등포시장역,22,9900,1
도림천역,방이역,64,30800,2
도림천역,보문역,40,17600,2
도림천역,창신역,38,16500,2
도림천역,효창공원앞역,24,7700,2
도림천역,광흥창역,22,7700,2
도림천역,월드컵경기장역,24,8800,2
도림천역,고려대역,44,19800,2
도림천역,공릉역,58,25300,3
도림천역,어린이대공원역,48,22000,2
도림천역,용마산역,54,25300,2
도림천역,자양역,44,19800,2
도림천역,하계역,60,26400,3
도림천역,남성역,26,9900,2
도림천역,암사역,54,25300,2
도림천역,몽촌토성역,48,22000,2
도림천역,강동구청역,50,23100,2
도림천역,송파역,50,23100,2
도림천역,석촌역,45,23100,2
도림천역,노들역,20,6600,2
도림천역,선유도역,18,5500,2
도림천역,한성백제역,49,25300,2
도림천역,양천향교역,28,12100,2
도림천역,흑석역,22,7700,2
도림천역,공항시장역,28,11000,2
도봉산역,제기동역,24,13200,0
도봉산역,동묘앞역,28,15400,0
도봉산역,신설동역,26,14300,0
도봉산역,외대앞역,18,9900,0
도봉산역,남영역,42,23100,0
도봉산역,문래역,60,30800,1
도봉산역,아현역,46,23100,1
도봉산역,한양대역,36,14300,2
도봉산역,잠실나루역,44,22000,1
도봉산역,양천구청역,62,31900,1
도봉산역,신정네거리역,64,33000,1
도봉산역,독립문역,44,22000,1
도봉산역,무악재역,46,23100,1
도봉산역,금호역,48,24200,1
도봉산역,옥수역,36,15400,1
도봉산역,잠원역,46,18700,2
도봉산역,한성대입구역,24,11000,1
도봉산역,성신여대입구역,22,9900,1
도봉산역,수유역,14,5500,1
도봉산역,이촌역,46,18700,1
도봉산역,동작역,48,24200,1
도봉산역,마장역,40,19800,1
도봉산역,애오개역,46,23100,1
도봉산역,신금호역,38,15400,2
도봉산역,아차산역,36,17600,1
도봉산역,영등포시장역,56,28600,1
도봉산역,방이역,48,24200,1
도봉산역,보문역,30,14300,1
도봉산역,창신역,32,15400,1
도봉산역,효창공원앞역,52,20900,1
도봉산역,광흥창역,56,28600,1
도봉산역,월드컵경기장역,66,34100,1
도봉산역,고려대역,26,12100,1
도봉산역,공릉역,12,6600,0
도봉산역,어린이대공원역,32,17600,0
도봉산역,용마산역,26,14300,0
도봉산역,자양역,36,19800,0
도봉산역,하계역,10,5500,0
도봉산역,남성역,54,29700,0
도봉산역,암사역,46,20900,2
도봉산역,몽촌토성역,48,22000,2
도봉산역,강동구청역,46,20900,2
도봉산역,송파역,54,25300,2
도봉산역,석촌역,52,24200,2
도봉산역,노들역,52,26400,1
도봉산역,선유도역,59,30800,1
도봉산역,한성백제역,52,24200,2
도봉산역,양천향교역,69,37400,1
도봉산역,흑석역,54,27500,1
도봉산역,공항시장역,74,40700,1
도봉역,제기동역,22,12100,0
도봉역,동묘앞역,26,14300,0
도봉역,신설동역,24,13200,0
도봉역,외대앞역,16,8800,0
도봉역,남영역,40,22000,0
도봉역,문래역,58,29700,1
도봉역,아현역,44,22000,1
도봉역,한양대역,34,13200,2
도봉역,잠실나루역,46,19800,2
도봉역,양천구청역,60,30800,1
도봉역,신정네거리역,62,31900,1
도봉역,독립문역,42,20900,1
도봉역,무악재역,44,22000,1
도봉역,금호역,46,23100,1
도봉역,옥수역,34,14300,1
도봉역,잠원역,44,17600,2
도봉역,한성대입구역,22,9900,1
도봉역,성신여대입구역,20,8800,1
도봉역,수유역,12,4400,1
도봉역,이촌역,44,17600,1
도봉역,동작역,46,23100,1
도봉역,마장역,34,13200,2
도봉역,애오개역,44,22000,1
도봉역,신금호역,36,14300,2
도봉역,아차산역,42,17600,2
도봉역,영등포시장역,54,27500,1
도봉역,방이역,54,24200,2
도봉역,보문역,28,13200,1
도봉역,창신역,30,14300,1
도봉역,효창공원앞역,50,19800,1
도봉역,광흥창역,54,27500,1
도봉역,월드컵경기장역,64,33000,1
도봉역,고려대역,24,11000,1
도봉역,공릉역,18,7700,1
도봉역,어린이대공원역,38,18700,1
도봉역,용마산역,32,15400,1
도봉역,자양역,42,20900,1
도봉역,하계역,16,6600,1
도봉역,남성역,60,30800,1
도봉역,암사역,52,20900,3
도봉역,몽촌토성역,54,22000,3
도봉역,강동구청역,52,20900,3
도봉역,송파역,56,23100,3
도봉역,석촌역,52,23100,2
도봉역,노들역,50,25300,1
도봉역,선유도역,57,29700,1
도봉역,한성백제역,56,25300,2
도봉역,양천향교역,67,36300,1
도봉역,흑석역,52,26400,1
도봉역,공항시장역,72,39600,1
독립문역,제기동역,20,8800,1
독립문역,동묘앞역,16,6600,1
독립문역,신설동역,18,7700,1
독립문역,외대앞역,26,12100,1
독립문역,남영역,18,7700,1
독립문역,문래역,34,16500,1
독립문역,아현역,20,8800,1
독립문역,한양대역,24,11000,1
독립문역,잠실나루역,36,17600,1
독립문역,양천구청역,38,16500,2
독립문역,신정네거리역,40,17600,2
독립문역,독립문역,0,0,0
독립문역,무악재역,2,1100,0
독립문역,금호역,16,8800,0
독립문역,옥수역,18,9900,0
독립문역,잠원역,24,13200,0
독립문역,한성대입구역,22,9900,1
독립문역,성신여대입구역,24,11000,1
독립문역,수유역,32,15400,1
독립문역,이촌역,28,13200,1
독립문역,동작역,30,14300,1
독립문역,마장역,24,11000,1
독립문역,애오개역,18,7700,1
독립문역,신금호역,18,7700,1
독립문역,아차산역,32,15400,1
독립문역,영등포시장역,30,14300,1
독립문역,방이역,44,22000,1
독립문역,보문역,28,13200,1
독립문역,창신역,26,12100,1
독립문역,효창공원앞역,30,14300,1
독립문역,광흥창역,34,16500,1
독립문역,월드컵경기장역,24,11000,1
독립문역,고려대역,32,15400,1
독립문역,공릉역,48,22000,2
독립문역,어린이대공원역,36,15400,2
독립문역,용마산역,38,16500,2
독립문역,자양역,42,20900,1
독립문역,하계역,46,20900,2
독립문역,남성역,36,17600,1
독립문역,암사역,42,18700,2
독립문역,몽촌토성역,44,19800,2
독립문역,강동구청역,42,18700,2
독립문역,송파역,54,27500,1
독립문역,석촌역,47,25300,1
독립문역,노들역,28,11000,2
독립문역,선유도역,35,15400,2
독립문역,한성백제역,51,27500,1
독립문역,양천향교역,45,22000,2
독립문역,흑석역,37,18700,1
독립문역,공항시장역,50,25300,2
독바위역,제기동역,34,14300,2
독바위역,동묘앞역,30,12100,2
독바위역,신설동역,32,13200,2
독바위역,외대앞역,40,17600,2
독바위역,남영역,32,11000,2
독바위역,문래역,30,14300,1
독바위역,아현역,32,15400,1
독바위역,한양대역,38,16500,2
독바위역,잠실나루역,50,23100,2
독바위역,양천구청역,40,17600,2
독바위역,신정네거리역,42,18700,2
독바위역,독립문역,14,5500,1
독바위역,무악재역,12,4400,1
독바위역,금호역,30,14300,1
독바위역,옥수역,32,15400,1
독바위역,잠원역,38,18700,1
독바위역,한성대입구역,36,15400,2
독바위역,성신여대입구역,38,16500,2
독바위역,수유역,46,20900,2
독바위역,이촌역,38,14300,1
독바위역,동작역,42,20900,1
독바위역,마장역,38,16500,2
독바위역,애오개역,34,16500,1
독바위역,신금호역,32,13200,2
독바위역,아차산역,46,20900,2
독바위역,영등포시장역,42,20900,1
독바위역,방이역,58,27500,2
독바위역,보문역,52,28600,0
독바위역,창신역,50,27500,0
독바위역,효창공원앞역,30,16500,0
독바위역,광흥창역,24,13200,0
독바위역,월드컵경기장역,14,7700,0
독바위역,고려대역,56,30800,0
독바위역,공릉역,72,37400,1
독바위역,어린이대공원역,50,20900,3
독바위역,용마산역,52,22000,3
독바위역,자양역,56,26400,2
독바위역,하계역,74,38500,1
독바위역,남성역,50,23100,2
독바위역,암사역,56,24200,3
독바위역,몽촌토성역,58,25300,3
독바위역,강동구청역,56,24200,3
독바위역,송파역,68,33000,2
독바위역,석촌역,61,30800,2
독바위역,노들역,39,17600,2
독바위역,선유도역,32,13200,2
독바위역,한성백제역,65,33000,2
독바위역,양천향교역,30,8800,2
독바위역,흑석역,41,18700,2
독바위역,공항시장역,32,9900,2
독산역,제기동역,36,19800,0
독산역,동묘앞역,32,17600,0
독산역,신설동역,34,18700,0
독산역,외대앞역,42,23100,0
독산역,남영역,18,9900,0
독산역,문래역,12,4400,1
독산역,아현역,26,12100,1
독산역,한양대역,42,20900,1
독산역,잠실나루역,48,24200,1
독산역,양천구청역,14,5500,1
독산역,신정네거리역,16,6600,1
독산역,독립문역,36,17600,1
독산역,무악재역,38,18700,1
독산역,금호역,40,19800,1
독산역,옥수역,34,13200,1
독산역,잠원역,34,15400,2
독산역,한성대입구역,38,18700,1
독산역,성신여대입구역,40,19800,1
독산역,수유역,48,24200,1
독산역,이촌역,24,9900,1
독산역,동작역,23,11000,1
독산역,마장역,44,22000,1
독산역,애오개역,24,11000,1
독산역,신금호역,38,18700,1
독산역,아차산역,52,26400,1
독산역,영등포시장역,16,6600,1
독산역,방이역,64,33000,1
독산역,보문역,40,19800,1
독산역,창신역,38,18700,1
독산역,효창공원앞역,24,9900,1
독산역,광흥창역,26,9900,2
독산역,월드컵경기장역,28,11000,2
독산역,고려대역,44,22000,1
독산역,공릉역,66,34100,1
독산역,어린이대공원역,46,23100,1
독산역,용마산역,52,26400,1
독산역,자양역,42,20900,1
독산역,하계역,68,35200,1
독산역,남성역,24,11000,1
독산역,암사역,58,27500,2
독산역,몽촌토성역,52,24200,2
독산역,강동구청역,54,25300,2
독산역,송파역,51,26400,2
독산역,석촌역,45,25300,1
독산역,노들역,20,8800,1
독산역,선유도역,27,13200,1
독산역,한성백제역,49,27500,1
독산역,양천향교역,37,19800,1
독산역,흑석역,22,9900,1
독산역,공항시장역,42,23100,1
돌곶이역,제기동역,16,6600,1
돌곶이역,동묘앞역,14,7700,0
돌곶이역,신설동역,16,6600,1
돌곶이역,외대앞역,10,3300,1
돌곶이역,남영역,32,15400,1
돌곶이역,문래역,48,24200,1
돌곶이역,아현역,34,16500,1
돌곶이역,한양대역,26,12100,1
돌곶이역,잠실나루역,38,18700,1
돌곶이역,양천구청역,52,24200,2
돌곶이역,신정네거리역,54,25300,2
돌곶이역,독립문역,38,18700,1
돌곶이역,무악재역,40,19800,1
돌곶이역,금호역,26,12100,1
돌곶이역,옥수역,28,13200,1
돌곶이역,잠원역,34,16500,1
돌곶이역,한성대입구역,22,7700,2
돌곶이역,성신여대입구역,16,6600,1
돌곶이역,수유역,22,7700,2
돌곶이역,이촌역,38,18700,1
돌곶이역,동작역,40,19800,1
돌곶이역,마장역,30,14300,1
돌곶이역,애오개역,36,17600,1
돌곶이역,신금호역,24,11000,1
돌곶이역,아차산역,38,18700,1
돌곶이역,영등포시장역,48,24200,1
돌곶이역,방이역,50,25300,1
돌곶이역,보문역,10,5500,0
돌곶이역,창신역,12,6600,0
돌곶이역,효창공원앞역,32,17600,0
돌곶이역,광흥창역,38,20900,0
돌곶이역,월드컵경기장역,48,26400,0
돌곶이역,고려대역,6,3300,0
돌곶이역,공릉역,10,3300,1
돌곶이역,어린이대공원역,26,12100,1
돌곶이역,용마산역,20,8800,1
돌곶이역,자양역,30,14300,1
돌곶이역,하계역,12,4400,1
돌곶이역,남성역,48,24200,1
돌곶이역,암사역,48,22000,2
돌곶이역,몽촌토성역,46,20900,2
돌곶이역,강동구청역,48,22000,2
돌곶이역,송파역,48,22000,2
돌곶이역,석촌역,46,20900,2
돌곶이역,노들역,42,18700,2
돌곶이역,선유도역,49,23100,2
돌곶이역,한성백제역,54,25300,2
돌곶이역,양천향교역,59,29700,2
돌곶이역,흑석역,44,19800,2
돌곶이역,공항시장역,64,33000,2
동대문역,제기동역,6,3300,0
동대문역,동묘앞역,2,1100,0
동대문역,신설동역,4,2200,0
동대문역,외대앞역,12,6600,0
동대문역,남영역,12,6600,0
동대문역,문래역,30,14300,1
동대문역,아현역,16,6600,1
동대문역,한양대역,14,5500,1
동대문역,잠실나루역,26,12100,1
동대문역,양천구청역,32,15400,1
동대문역,신정네거리역,34,16500,1
동대문역,독립문역,14,5500,1
동대문역,무악재역,16,6600,1
동대문역,금호역,14,5500,1
동대문역,옥수역,16,6600,1
동대문역,잠원역,22,9900,1
동대문역,한성대입구역,4,2200,0
동대문역,성신여대입구역,6,3300,0
동대문역,수유역,14,7700,0
동대문역,이촌역,18,9900,0
동대문역,동작역,20,11000,0
동대문역,마장역,16,6600,1
동대문역,애오개역,16,6600,1
동대문역,신금호역,10,3300,1
동대문역,아차산역,24,11000,1
동대문역,영등포시장역,26,12100,1
동대문역,방이역,36,17600,1
동대문역,보문역,10,3300,1
동대문역,창신역,8,2200,1
동대문역,효창공원앞역,20,8800,1
동대문역,광흥창역,26,12100,1
동대문역,월드컵경기장역,36,17600,1
동대문역,고려대역,14,5500,1
동대문역,공릉역,30,14300,1
동대문역,어린이대공원역,26,9900,2
동대문역,용마산역,30,12100,2
동대문역,자양역,26,9900,2
동대문역,하계역,28,13200,1
동대문역,남성역,28,13200,1
동대문역,암사역,34,14300,2
동대문역,몽촌토성역,34,14300,2
동대문역,강동구청역,34,14300,2
동대문역,송파역,36,15400,2
동대문역,석촌역,34,14300,2
동대문역,노들역,22,9900,1
동대문역,선유도역,29,14300,1
동대문역,한성백제역,40,17600,2
동대문역,양천향교역,39,20900,1
동대문역,흑석역,24,11000,1
동대문역,공항시장역,44,24200,1
동대문역사문화공원역,제기동역,12,4400,1
동대문역사문화공원역,동묘앞역,8,2200,1
동대문역사문화공원역,신설동역,10,3300,1
동대문역사문화공원역,외대앞역,18,7700,1
동대문역사문화공원역,남영역,14,5500,1
동대문역사문화공원역,문래역,26,14300,0
동대문역사문화공원역,아현역,12,6600,0
동대문역사문화공원역,한양대역,8,4400,0
동대문역사문화공원역,잠실나루역,20,11000,0
동대문역사문화공원역,양천구청역,36,17600,1
동대문역사문화공원역,신정네거리역,38,18700,1
동대문역사문화공원역,독립문역,14,5500,1
동대문역사문화공원역,무악재역,16,6600,1
동대문역사문화공원역,금호역,12,4400,1
동대문역사문화공원역,옥수역,14,5500,1
동대문역사문화공원역,잠원역,20,8800,1
동대문역사문화공원역,한성대입구역,6,3300,0
동대문역사문화공원역,성신여대입구역,8,4400,0
동대문역사문화공원역,수유역,16,8800,0
동대문역사문화공원역,이촌역,16,8800,0
동대문역사문화공원역,동작역,18,9900,0
동대문역사문화공원역,마장역,10,5500,0
동대문역사문화공원역,애오개역,12,6600,0
동대문역사문화공원역,신금호역,4,2200,0
동대문역사문화공원역,아차산역,18,9900,0
동대문역사문화공원역,영등포시장역,24,13200,0
동대문역사문화공원역,방이역,30,16500,0
동대문역사문화공원역,보문역,12,4400,1
동대문역사문화공원역,창신역,10,3300,1
동대문역사문화공원역,효창공원앞역,18,7700,1
동대문역사문화공원역,광흥창역,22,9900,1
동대문역사문화공원역,월드컵경기장역,30,14300,1
동대문역사문화공원역,고려대역,16,6600,1
동대문역사문화공원역,공릉역,32,15400,1
동대문역사문화공원역,어린이대공원역,20,8800,1
동대문역사문화공원역,용마산역,24,11000,1
동대문역사문화공원역,자양역,20,8800,1
동대문역사문화공원역,하계역,30,14300,1
동대문역사문화공원역,남성역,26,12100,1
동대문역사문화공원역,암사역,28,13200,1
동대문역사문화공원역,몽촌토성역,28,13200,1
동대문역사문화공원역,강동구청역,28,13200,1
동대문역사문화공원역,송파역,30,14300,1
동대문역사문화공원역,석촌역,28,13200,1
동대문역사문화공원역,노들역,26,12100,1
동대문역사문화공원역,선유도역,28,13200,1
동대문역사문화공원역,한성백제역,34,16500,1
동대문역사문화공원역,양천향교역,38,19800,1
동대문역사문화공원역,흑석역,24,11000,1
동대문역사문화공원역,공항시장역,44,23100,1
동대입구역,제기동역,20,8800,1
동대입구역,동묘앞역,12,4400,1
동대입구역,신설동역,18,7700,1
동대입구역,외대앞역,26,12100,1
동대입구역,남영역,18,7700,1
동대입구역,문래역,30,14300,1
동대입구역,아현역,16,6600,1
동대입구역,한양대역,20,8800,1
동대입구역,잠실나루역,32,15400,1
동대입구역,양천구청역,38,16500,2
동대입구역,신정네거리역,40,17600,2
동대입구역,독립문역,12,6600,0
동대입구역,무악재역,14,7700,0
동대입구역,금호역,4,2200,0
동대입구역,옥수역,6,3300,0
동대입구역,잠원역,12,6600,0
동대입구역,한성대입구역,14,5500,1
동대입구역,성신여대입구역,16,6600,1
동대입구역,수유역,24,11000,1
동대입구역,이촌역,20,6600,1
동대입구역,동작역,22,9900,1
동대입구역,마장역,24,11000,1
동대입구역,애오개역,18,7700,1
동대입구역,신금호역,18,7700,1
동대입구역,아차산역,32,15400,1
동대입구역,영등포시장역,30,14300,1
동대입구역,방이역,44,22000,1
동대입구역,보문역,16,6600,1
동대입구역,창신역,14,5500,1
동대입구역,효창공원앞역,18,7700,1
동대입구역,광흥창역,24,11000,1
동대입구역,월드컵경기장역,34,16500,1
동대입구역,고려대역,20,8800,1
동대입구역,공릉역,36,15400,2
동대입구역,어린이대공원역,34,16500,1
동대입구역,용마산역,40,19800,1
동대입구역,자양역,30,14300,1
동대입구역,하계역,38,16500,2
동대입구역,남성역,24,11000,1
동대입구역,암사역,42,18700,2
동대입구역,몽촌토성역,48,24200,1
동대입구역,강동구청역,50,25300,1
동대입구역,송파역,42,20900,1
동대입구역,석촌역,35,18700,1
동대입구역,노들역,27,13200,1
동대입구역,선유도역,37,19800,1
동대입구역,한성백제역,39,20900,1
동대입구역,양천향교역,47,26400,1
동대입구역,흑석역,25,12100,1
동대입구역,공항시장역,53,29700,1
동묘앞역,제기동역,4,2200,0
동묘앞역,동묘앞역,0,0,0
동묘앞역,신설동역,2,1100,0
동묘앞역,외대앞역,10,5500,0
동묘앞역,남영역,14,7700,0
동묘앞역,문래역,32,15400,1
동묘앞역,아현역,18,7700,1
동묘앞역,한양대역,12,4400,1
동묘앞역,잠실나루역,24,11000,1
동묘앞역,양천구청역,34,16500,1
동묘앞역,신정네거리역,36,17600,1
동묘앞역,독립문역,16,6600,1
동묘앞역,무악재역,18,7700,1
동묘앞역,금호역,12,4400,1
동묘앞역,옥수역,14,5500,1
동묘앞역,잠원역,20,8800,1
동묘앞역,한성대입구역,10,3300,1
동묘앞역,성신여대입구역,10,3300,1
동묘앞역,수유역,20,8800,1
동묘앞역,이촌역,24,9900,1
동묘앞역,동작역,26,12100,1
동묘앞역,마장역,16,6600,1
동묘앞역,애오개역,18,7700,1
동묘앞역,신금호역,10,3300,1
동묘앞역,아차산역,24,11000,1
동묘앞역,영등포시장역,28,13200,1
동묘앞역,방이역,36,17600,1
동묘앞역,보문역,4,2200,0
동묘앞역,창신역,2,1100,0
동묘앞역,효창공원앞역,18,9900,0
동묘앞역,광흥창역,24,13200,0
동묘앞역,월드컵경기장역,34,18700,0
동묘앞역,고려대역,8,4400,0
동묘앞역,공릉역,24,11000,1
동묘앞역,어린이대공원역,24,8800,2
동묘앞역,용마산역,34,16500,1
동묘앞역,자양역,24,8800,2
동묘앞역,하계역,26,12100,1
동묘앞역,남성역,32,13200,2
동묘앞역,암사역,34,14300,2
동묘앞역,몽촌토성역,32,13200,2
동묘앞역,강동구청역,34,14300,2
동묘앞역,송파역,34,14300,2
동묘앞역,석촌역,32,13200,2
동묘앞역,노들역,24,11000,1
동묘앞역,선유도역,31,15400,1
동묘앞역,한성백제역,40,17600,2
동묘앞역,양천향교역,41,22000,1
동묘앞역,흑석역,26,12100,1
동묘앞역,공항시장역,46,25300,1
동작역,제기동역,30,14300,1
동작역,동묘앞역,26,12100,1
동작역,신설동역,28,13200,1
동작역,외대앞역,36,17600,1
동작역,남영역,13,5500,1
동작역,문래역,20,9900,1
동작역,아현역,26,13200,1
동작역,한양대역,30,14300,1
동작역,잠실나루역,27,14300,1
동작역,양천구청역,25,9900,2
동작역,신정네거리역,27,11000,2
동작역,독립문역,30,14300,1
동작역,무악재역,32,15400,1
동작역,금호역,19,8800,1
동작역,옥수역,16,4400,1
동작역,잠원역,11,4400,1
동작역,한성대입구역,24,13200,0
동작역,성신여대입구역,26,14300,0
동작역,수유역,34,18700,0
동작역,이촌역,2,1100,0
동작역,동작역,0,0,0
동작역,마장역,32,15400,1
동작역,애오개역,20,9900,1
동작역,신금호역,26,12100,1
동작역,아차산역,40,19800,1
동작역,영등포시장역,16,7700,1
동작역,방이역,33,18700,1
동작역,보문역,30,14300,1
동작역,창신역,28,13200,1
동작역,효창공원앞역,14,3300,1
동작역,광흥창역,18,7700,1
동작역,월드컵경기장역,28,13200,1
동작역,고려대역,34,16500,1
동작역,공릉역,45,23100,1
동작역,어린이대공원역,25,12100,1
동작역,용마산역,31,15400,1
동작역,자양역,21,9900,1
동작역,하계역,47,24200,1
동작역,남성역,8,2200,1
동작역,암사역,36,19800,1
동작역,몽촌토성역,30,16500,1
동작역,강동구청역,32,17600,1
동작역,송파역,28,15400,1
동작역,석촌역,22,14300,0
동작역,노들역,4,2200,0
동작역,선유도역,14,8800,0
동작역,한성백제역,26,16500,0
동작역,양천향교역,24,15400,0
동작역,흑석역,2,1100,0
동작역,공항시장역,30,18700,0
둔촌동역,제기동역,32,12100,2
둔촌동역,동묘앞역,32,15400,1
둔촌동역,신설동역,34,13200,2
둔촌동역,외대앞역,34,13200,2
둔촌동역,남영역,42,20900,1
둔촌동역,문래역,54,27500,1
둔촌동역,아현역,40,19800,1
둔촌동역,한양대역,24,11000,1
둔촌동역,잠실나루역,20,6600,2
둔촌동역,양천구청역,70,36300,1
둔촌동역,신정네거리역,68,35200,1
둔촌동역,독립문역,40,19800,1
둔촌동역,무악재역,42,20900,1
둔촌동역,금호역,36,13200,2
둔촌동역,옥수역,30,12100,1
둔촌동역,잠원역,38,18700,1
둔촌동역,한성대입구역,36,17600,1
둔촌동역,성신여대입구역,38,18700,1
둔촌동역,수유역,46,23100,1
둔촌동역,이촌역,38,15400,1
둔촌동역,동작역,33,18700,1
둔촌동역,마장역,16,8800,0
둔촌동역,애오개역,38,20900,0
둔촌동역,신금호역,22,12100,0
둔촌동역,아차산역,8,4400,0
둔촌동역,영등포시장역,50,27500,0
둔촌동역,방이역,4,2200,0
둔촌동역,보문역,36,17600,1
둔촌동역,창신역,34,16500,1
둔촌동역,효창공원앞역,42,20900,1
둔촌동역,광흥창역,48,24200,1
둔촌동역,월드컵경기장역,58,29700,1
둔촌동역,고려대역,40,19800,1
둔촌동역,공릉역,32,15400,1
둔촌동역,어린이대공원역,16,6600,1
둔촌동역,용마산역,18,7700,1
둔촌동역,자양역,20,8800,1
둔촌동역,하계역,34,16500,1
둔촌동역,남성역,38,18700,1
둔촌동역,암사역,10,3300,1
둔촌동역,몽촌토성역,12,4400,1
둔촌동역,강동구청역,10,3300,1
둔촌동역,송파역,18,7700,1
둔촌동역,석촌역,11,4400,1
둔촌동역,노들역,37,20900,1
둔촌동역,선유도역,47,27500,1
둔촌동역,한성백제역,8,2200,1
둔촌동역,양천향교역,57,34100,1
둔촌동역,흑석역,35,19800,1
둔촌동역,공항시장역,63,37400,1
둔촌오륜역,제기동역,41,17600,2
둔촌오륜역,동묘앞역,40,17600,2
둔촌오륜역,신설동역,43,18700,2
둔촌오륜역,외대앞역,43,18700,2
둔촌오륜역,남영역,42,24200,1
둔촌오륜역,문래역,49,28600,1
둔촌오륜역,아현역,54,28600,1
둔촌오륜역,한양대역,34,17600,1
둔촌오륜역,잠실나루역,22,11000,1
둔촌오륜역,양천구청역,54,28600,2
둔촌오륜역,신정네거리역,56,29700,2
둔촌오륜역,독립문역,54,29700,1
둔촌오륜역,무악재역,56,30800,1
둔촌오륜역,금호역,38,20900,1
둔촌오륜역,옥수역,36,19800,1
둔촌오륜역,잠원역,30,16500,1
둔촌오륜역,한성대입구역,44,19800,2
둔촌오륜역,성신여대입구역,46,20900,2
둔촌오륜역,수유역,54,25300,2
둔촌오륜역,이촌역,35,19800,1
둔촌오륜역,동작역,29,18700,0
둔촌오륜역,마장역,24,11000,1
둔촌오륜역,애오개역,46,23100,1
둔촌오륜역,신금호역,30,14300,1
둔촌오륜역,아차산역,16,6600,1
둔촌오륜역,영등포시장역,46,26400,1
둔촌오륜역,방이역,8,2200,1
둔촌오륜역,보문역,44,19800,2
둔촌오륜역,창신역,42,18700,2
둔촌오륜역,효창공원앞역,47,22000,2
둔촌오륜역,광흥창역,51,26400,2
둔촌오륜역,월드컵경기장역,57,30800,2
둔촌오륜역,고려대역,48,22000,2
둔촌오륜역,공릉역,40,17600,2
둔촌오륜역,어린이대공원역,24,8800,2
둔촌오륜역,용마산역,26,9900,2
둔촌오륜역,자양역,28,11000,2
둔촌오륜역,하계역,42,18700,2
둔촌오륜역,남성역,34,18700,1
둔촌오륜역,암사역,21,9900,1
둔촌오륜역,몽촌토성역,15,6600,1
둔촌오륜역,강동구청역,17,7700,1
둔촌오륜역,송파역,13,5500,1
둔촌오륜역,석촌역,7,4400,0
둔촌오륜역,노들역,33,20900,0
둔촌오륜역,선유도역,43,27500,0
둔촌오륜역,한성백제역,4,2200,0
둔촌오륜역,양천향교역,53,34100,0
둔촌오륜역,흑석역,31,19800,0
둔촌오륜역,공항시장역,59,37400,0
등촌역,제기동역,40,20900,1
등촌역,동묘앞역,36,18700,1
등촌역,신설동역,38,19800,1
등촌역,외대앞역,46,24200,1
등촌역,남영역,22,11000,1
등촌역,문래역,15,6600,1
등촌역,아현역,21,9900,1
등촌역,한양대역,41,20900,1
등촌역,잠실나루역,46,26400,1
등촌역,양천구청역,25,9900,2
등촌역,신정네거리역,27,11000,2
등촌역,독립문역,40,18700,2
등촌역,무악재역,42,19800,2
등촌역,금호역,38,20900,1
등촌역,옥수역,36,19800,1
등촌역,잠원역,30,16500,1
등촌역,한성대입구역,47,25300,1
등촌역,성신여대입구역,49,26400,1
등촌역,수유역,57,30800,1
등촌역,이촌역,25,13200,1
등촌역,동작역,19,12100,0
등촌역,마장역,44,23100,1
등촌역,애오개역,22,11000,1
등촌역,신금호역,38,19800,1
등촌역,아차산역,52,27500,1
등촌역,영등포시장역,18,8800,1
등촌역,방이역,52,30800,1
등촌역,보문역,44,20900,2
등촌역,창신역,42,19800,2
등촌역,효창공원앞역,26,11000,2
등촌역,광흥창역,21,7700,2
등촌역,월드컵경기장역,23,8800,2
등촌역,고려대역,48,23100,2
등촌역,공릉역,64,35200,1
등촌역,어린이대공원역,44,24200,1
등촌역,용마산역,50,27500,1
등촌역,자양역,40,22000,1
등촌역,하계역,66,36300,1
등촌역,남성역,34,18700,1
등촌역,암사역,55,31900,1
등촌역,몽촌토성역,49,28600,1
등촌역,강동구청역,51,29700,1
등촌역,송파역,47,27500,1
등촌역,석촌역,41,26400,0
등촌역,노들역,16,9900,0
등촌역,선유도역,6,3300,0
등촌역,한성백제역,45,28600,0
등촌역,양천향교역,6,3300,0
등촌역,흑석역,18,11000,0
등촌역,공항시장역,11,6600,0
디지털미디어시티역,제기동역,29,12100,1
디지털미디어시티역,동묘앞역,25,9900,1
디지털미디어시티역,신설동역,27,11000,1
디지털미디어시티역,외대앞역,35,15400,1
디지털미디어시티역,남영역,15,4400,1
디지털미디어시티역,문래역,18,5500,1
디지털미디어시티역,아현역,16,4400,1
디지털미디어시티역,한양대역,36,15400,1
디지털미디어시티역,잠실나루역,48,22000,1
디지털미디어시티역,양천구청역,28,8800,2
디지털미디어시티역,신정네거리역,30,9900,2
디지털미디어시티역,독립문역,22,9900,1
디지털미디어시티역,무악재역,20,8800,1
디지털미디어시티역,금호역,36,12100,1
디지털미디어시티역,옥수역,30,11000,0
디지털미디어시티역,잠원역,40,14300,1
디지털미디어시티역,한성대입구역,27,11000,1
디지털미디어시티역,성신여대입구역,29,12100,1
디지털미디어시티역,수유역,37,16500,1
디지털미디어시티역,이촌역,21,7700,0
디지털미디어시티역,동작역,23,8800,1
디지털미디어시티역,마장역,40,15400,1
디지털미디어시티역,애오개역,18,3300,1
디지털미디어시티역,신금호역,34,12100,1
디지털미디어시티역,아차산역,48,19800,1
디지털미디어시티역,영등포시장역,26,7700,1
디지털미디어시티역,방이역,60,26400,1
디지털미디어시티역,보문역,40,22000,0
디지털미디어시티역,창신역,38,20900,0
디지털미디어시티역,효창공원앞역,15,5500,0
디지털미디어시티역,광흥창역,12,6600,0
디지털미디어시티역,월드컵경기장역,2,1100,0
디지털미디어시티역,고려대역,44,24200,0
디지털미디어시티역,공릉역,60,22000,1
디지털미디어시티역,어린이대공원역,48,19800,2
디지털미디어시티역,용마산역,58,20900,1
디지털미디어시티역,자양역,45,18700,2
디지털미디어시티역,하계역,51,22000,2
디지털미디어시티역,남성역,31,11000,2
디지털미디어시티역,암사역,58,23100,2
디지털미디어시티역,몽촌토성역,56,24200,2
디지털미디어시티역,강동구청역,58,25300,2
디지털미디어시티역,송파역,58,25300,2
디지털미디어시티역,석촌역,49,23100,2
디지털미디어시티역,노들역,32,15400,1
디지털미디어시티역,선유도역,22,8800,1
디지털미디어시티역,한성백제역,53,25300,2
디지털미디어시티역,양천향교역,12,2200,1
디지털미디어시티역,흑석역,34,16500,1
디지털미디어시티역,공항시장역,14,3300,1
뚝섬역,제기동역,18,4400,2
뚝섬역,동묘앞역,14,5500,1
뚝섬역,신설동역,14,5500,1
뚝섬역,외대앞역,20,5500,2
뚝섬역,남영역,26,12100,1
뚝섬역,문래역,36,19800,0
뚝섬역,아현역,22,12100,0
뚝섬역,한양대역,2,1100,0
뚝섬역,잠실나루역,10,5500,0
뚝섬역,양천구청역,46,23100,1
뚝섬역,신정네거리역,48,24200,1
뚝섬역,독립문역,26,12100,1
뚝섬역,무악재역,28,13200,1
뚝섬역,금호역,26,12100,1
뚝섬역,옥수역,16,4400,1
뚝섬역,잠원역,26,7700,2
뚝섬역,한성대입구역,20,8800,1
뚝섬역,성신여대입구역,22,9900,1
뚝섬역,수유역,30,14300,1
뚝섬역,이촌역,24,7700,1
뚝섬역,동작역,32,15400,1
뚝섬역,마장역,10,3300,1
뚝섬역,애오개역,26,12100,1
뚝섬역,신금호역,12,4400,1
뚝섬역,아차산역,18,7700,1
뚝섬역,영등포시장역,38,18700,1
뚝섬역,방이역,30,14300,1
뚝섬역,보문역,18,7700,1
뚝섬역,창신역,16,6600,1
뚝섬역,효창공원앞역,28,13200,1
뚝섬역,광흥창역,34,16500,1
뚝섬역,월드컵경기장역,40,19800,1
뚝섬역,고려대역,22,9900,1
뚝섬역,공릉역,30,14300,1
뚝섬역,어린이대공원역,10,3300,1
뚝섬역,용마산역,16,6600,1
뚝섬역,자양역,10,3300,1
뚝섬역,하계역,32,15400,1
뚝섬역,남성역,28,13200,1
뚝섬역,암사역,24,11000,1
뚝섬역,몽촌토성역,18,7700,1
뚝섬역,강동구청역,20,8800,1
뚝섬역,송파역,20,8800,1
뚝섬역,석촌역,18,7700,1
뚝섬역,노들역,41,22000,1
뚝섬역,선유도역,38,18700,1
뚝섬역,한성백제역,29,14300,1
뚝섬역,양천향교역,48,25300,1
뚝섬역,흑석역,39,20900,1
뚝섬역,공항시장역,54,28600,1
마곡나루역,제기동역,44,13200,1
마곡나루역,동묘앞역,40,11000,1
마곡나루역,신설동역,42,12100,1
마곡나루역,외대앞역,50,16500,1
마곡나루역,남영역,28,15400,1
마곡나루역,문래역,22,11000,1
마곡나루역,아현역,22,5500,1
마곡나루역,한양대역,42,16500,1
마곡나루역,잠실나루역,53,30800,1
마곡나루역,양천구청역,29,12100,2
마곡나루역,신정네거리역,27,11000,2
마곡나루역,독립문역,32,11000,2
마곡나루역,무악재역,30,9900,2
마곡나루역,금호역,45,25300,1
마곡나루역,옥수역,42,12100,1
마곡나루역,잠원역,37,20900,1
마곡나루역,한성대입구역,42,12100,1
마곡나루역,성신여대입구역,44,13200,1
마곡나루역,수유역,52,17600,1
마곡나루역,이촌역,32,8800,1
마곡나루역,동작역,26,16500,0
마곡나루역,마장역,46,16500,1
마곡나루역,애오개역,24,4400,1
마곡나루역,신금호역,40,13200,1
마곡나루역,아차산역,54,20900,1
마곡나루역,영등포시장역,25,13200,1
마곡나루역,방이역,59,35200,1
마곡나루역,보문역,46,16500,1
마곡나루역,창신역,44,15400,1
마곡나루역,효창공원앞역,24,4400,1
마곡나루역,광흥창역,22,7700,1
마곡나루역,월드컵경기장역,12,2200,1
마곡나루역,고려대역,50,18700,1
마곡나루역,공릉역,71,39600,1
마곡나루역,어린이대공원역,51,28600,1
마곡나루역,용마산역,57,31900,1
마곡나루역,자양역,47,26400,1
마곡나루역,하계역,73,40700,1
마곡나루역,남성역,41,23100,1
마곡나루역,암사역,62,36300,1
마곡나루역,몽촌토성역,56,33000,1
마곡나루역,강동구청역,58,34100,1
마곡나루역,송파역,54,31900,1
마곡나루역,석촌역,48,30800,0
마곡나루역,노들역,22,14300,0
마곡나루역,선유도역,12,7700,0
마곡나루역,한성백제역,52,33000,0
마곡나루역,양천향교역,2,1100,0
마곡나루역,흑석역,24,15400,0
마곡나루역,공항시장역,4,2200,0
마곡역,제기동역,52,26400,1
마곡역,동묘앞역,48,24200,1
마곡역,신설동역,50,25300,1
마곡역,외대앞역,58,29700,1
마곡역,남영역,34,16500,1
마곡역,문래역,24,11000,1
마곡역,아현역,34,16500,1
마곡역,한양대역,54,27500,1
마곡역,잠실나루역,64,33000,1
마곡역,양천구청역,16,6600,1
마곡역,신정네거리역,14,5500,1
마곡역,독립문역,50,25300,1
마곡역,무악재역,52,26400,1
마곡역,금호역,54,27500,1
마곡역,옥수역,54,23100,1
마곡역,잠원역,48,23100,2
마곡역,한성대입구역,54,27500,1
마곡역,성신여대입구역,56,28600,1
마곡역,수유역,64,33000,1
마곡역,이촌역,44,19800,1
마곡역,동작역,36,18700,1
마곡역,마장역,54,29700,0
마곡역,애오개역,32,17600,0
마곡역,신금호역,48,26400,0
마곡역,아차산역,62,34100,0
마곡역,영등포시장역,20,11000,0
마곡역,방이역,74,40700,0
마곡역,보문역,58,29700,1
마곡역,창신역,56,28600,1
마곡역,효창공원앞역,36,17600,1
마곡역,광흥창역,38,18700,1
마곡역,월드컵경기장역,36,15400,2
마곡역,고려대역,62,31900,1
마곡역,공릉역,82,42900,1
마곡역,어린이대공원역,66,34100,1
마곡역,용마산역,68,35200,1
마곡역,자양역,58,28600,2
마곡역,하계역,84,44000,1
마곡역,남성역,46,20900,2
마곡역,암사역,72,37400,1
마곡역,몽촌토성역,74,38500,1
마곡역,강동구청역,72,37400,1
마곡역,송파역,65,34100,2
마곡역,석촌역,59,33000,1
마곡역,노들역,33,16500,1
마곡역,선유도역,26,13200,1
마곡역,한성백제역,63,35200,1
마곡역,양천향교역,15,6600,1
마곡역,흑석역,35,17600,1
마곡역,공항시장역,10,3300,1
마들역,제기동역,32,15400,1
마들역,동묘앞역,32,15400,1
마들역,신설동역,34,16500,1
마들역,외대앞역,26,12100,1
마들역,남영역,50,25300,1
마들역,문래역,58,27500,2
마들역,아현역,44,19800,2
마들역,한양대역,40,19800,1
마들역,잠실나루역,40,19800,1
마들역,양천구청역,70,34100,2
마들역,신정네거리역,72,35200,2
마들역,독립문역,44,19800,2
마들역,무악재역,46,20900,2
마들역,금호역,40,17600,2
마들역,옥수역,40,15400,1
마들역,잠원역,50,25300,1
마들역,한성대입구역,22,9900,1
마들역,성신여대입구역,20,8800,1
마들역,수유역,12,4400,1
마들역,이촌역,44,22000,1
마들역,동작역,46,23100,1
마들역,마장역,36,17600,1
마들역,애오개역,44,19800,2
마들역,신금호역,42,20900,1
마들역,아차산역,32,15400,1
마들역,영등포시장역,56,26400,2
마들역,방이역,44,22000,1
마들역,보문역,28,13200,1
마들역,창신역,30,14300,1
마들역,효창공원앞역,50,25300,1
마들역,광흥창역,56,28600,1
마들역,월드컵경기장역,66,34100,1
마들역,고려대역,24,11000,1
마들역,공릉역,8,4400,0
마들역,어린이대공원역,28,15400,0
마들역,용마산역,22,12100,0
마들역,자양역,32,17600,0
마들역,하계역,6,3300,0
마들역,남성역,50,27500,0
마들역,암사역,42,18700,2
마들역,몽촌토성역,44,19800,2
마들역,강동구청역,42,18700,2
마들역,송파역,50,23100,2
마들역,석촌역,48,22000,2
마들역,노들역,57,29700,1
마들역,선유도역,67,36300,1
마들역,한성백제역,48,22000,2
마들역,양천향교역,77,42900,1
마들역,흑석역,55,28600,1
마들역,공항시장역,83,46200,1
마장역,제기동역,16,3300,2
마장역,동묘앞역,16,6600,1
마장역,신설동역,18,4400,2
마장역,외대앞역,18,4400,2
마장역,남영역,26,12100,1
마장역,문래역,38,18700,1
마장역,아현역,24,11000,1
마장역,한양대역,8,2200,1
마장역,잠실나루역,20,8800,1
마장역,양천구청역,54,27500,1
마장역,신정네거리역,52,26400,1
마장역,독립문역,24,11000,1
마장역,무악재역,26,12100,1
마장역,금호역,20,4400,2
마장역,옥수역,14,3300,1
마장역,잠원역,24,6600,2
마장역,한성대입구역,20,8800,1
마장역,성신여대입구역,22,9900,1
마장역,수유역,30,14300,1
마장역,이촌역,22,6600,1
마장역,동작역,32,15400,1
마장역,마장역,0,0,0
마장역,애오개역,22,12100,0
마장역,신금호역,6,3300,0
마장역,아차산역,8,4400,0
마장역,영등포시장역,34,18700,0
마장역,방이역,20,11000,0
마장역,보문역,20,8800,1
마장역,창신역,18,7700,1
마장역,효창공원앞역,26,12100,1
마장역,광흥창역,32,15400,1
마장역,월드컵경기장역,42,20900,1
마장역,고려대역,24,11000,1
마장역,공릉역,28,13200,1
마장역,어린이대공원역,12,4400,1
마장역,용마산역,14,5500,1
마장역,자양역,16,6600,1
마장역,하계역,30,14300,1
마장역,남성역,34,16500,1
마장역,암사역,18,7700,1
마장역,몽촌토성역,20,8800,1
마장역,강동구청역,18,7700,1
마장역,송파역,26,12100,1
마장역,석촌역,24,11000,1
마장역,노들역,39,19800,1
마장역,선유도역,39,19800,1
마장역,한성백제역,24,11000,1
마장역,양천향교역,50,26400,1
마장역,흑석역,41,20900,1
마장역,공항시장역,55,29700,1
마천역,제기동역,44,18700,2
마천역,동묘앞역,44,22000,1
마천역,신설동역,46,19800,2
마천역,외대앞역,46,19800,2
마천역,남영역,54,27500,1
마천역,문래역,66,34100,1
마천역,아현역,52,26400,1
마천역,한양대역,36,17600,1
마천역,잠실나루역,32,13200,2
마천역,양천구청역,82,42900,1
마천역,신정네거리역,80,41800,1
마천역,독립문역,52,26400,1
마천역,무악재역,54,27500,1
마천역,금호역,46,23100,1
마천역,옥수역,42,18700,1
마천역,잠원역,38,18700,1
마천역,한성대입구역,48,24200,1
마천역,성신여대입구역,50,25300,1
마천역,수유역,58,29700,1
마천역,이촌역,50,22000,1
마천역,동작역,41,23100,1
마천역,마장역,28,15400,0
마천역,애오개역,50,27500,0
마천역,신금호역,34,18700,0
마천역,아차산역,20,11000,0
마천역,영등포시장역,62,34100,0
마천역,방이역,8,4400,0
마천역,보문역,48,24200,1
마천역,창신역,46,23100,1
마천역,효창공원앞역,54,27500,1
마천역,광흥창역,60,30800,1
마천역,월드컵경기장역,70,36300,1
마천역,고려대역,52,26400,1
마천역,공릉역,44,22000,1
마천역,어린이대공원역,28,13200,1
마천역,용마산역,30,14300,1
마천역,자양역,32,15400,1
마천역,하계역,46,23100,1
마천역,남성역,50,25300,1
마천역,암사역,22,9900,1
마천역,몽촌토성역,24,11000,1
마천역,강동구청역,22,9900,1
마천역,송파역,20,6600,2
마천역,석촌역,19,8800,1
마천역,노들역,45,25300,1
마천역,선유도역,55,31900,1
마천역,한성백제역,16,6600,1
마천역,양천향교역,65,38500,1
마천역,흑석역,43,24200,1
마천역,공항시장역,71,41800,1
마포구청역,제기동역,40,19800,1
마포구청역,동묘앞역,32,17600,0
마포구청역,신설동역,38,18700,1
마포구청역,외대앞역,46,23100,1
마포구청역,남영역,24,6600,2
마포구청역,문래역,14,5500,1
마포구청역,아현역,16,6600,1
마포구청역,한양대역,36,17600,1
마포구청역,잠실나루역,48,24200,1
마포구청역,양천구청역,24,8800,2
마포구청역,신정네거리역,26,9900,2
마포구청역,독립문역,26,12100,1
마포구청역,무악재역,24,11000,1
마포구청역,금호역,32,15400,1
마포구청역,옥수역,34,13200,1
마포구청역,잠원역,40,19800,1
마포구청역,한성대입구역,38,18700,1
마포구청역,성신여대입구역,40,19800,1
마포구청역,수유역,48,24200,1
마포구청역,이촌역,26,9900,1
마포구청역,동작역,26,12100,1
마포구청역,마장역,40,19800,1
마포구청역,애오개역,18,7700,1
마포구청역,신금호역,34,16500,1
마포구청역,아차산역,48,24200,1
마포구청역,영등포시장역,26,12100,1
마포구청역,방이역,60,30800,1
마포구청역,보문역,36,19800,0
마포구청역,창신역,34,18700,0
마포구청역,효창공원앞역,14,7700,0
마포구청역,광흥창역,8,4400,0
마포구청역,월드컵경기장역,2,1100,0
마포구청역,고려대역,40,22000,0
마포구청역,공릉역,56,28600,1
마포구청역,어린이대공원역,48,22000,2
마포구청역,용마산역,54,25300,2
마포구청역,자양역,48,22000,2
마포구청역,하계역,58,29700,1
마포구청역,남성역,34,14300,2
마포구청역,암사역,58,27500,2
마포구청역,몽촌토성역,56,26400,2
마포구청역,강동구청역,58,27500,2
마포구청역,송파역,58,27500,2
마포구청역,석촌역,48,25300,2
마포구청역,노들역,23,8800,2
마포구청역,선유도역,16,4400,2
마포구청역,한성백제역,52,27500,2
마포구청역,양천향교역,26,11000,2
마포구청역,흑석역,25,9900,2
마포구청역,공항시장역,32,14300,2
마포역,제기동역,26,12100,1
마포역,동묘앞역,22,9900,1
마포역,신설동역,24,11000,1
마포역,외대앞역,32,15400,1
마포역,남영역,18,7700,1
마포역,문래역,16,6600,1
마포역,아현역,12,4400,1
마포역,한양대역,28,13200,1
마포역,잠실나루역,40,19800,1
마포역,양천구청역,28,13200,1
마포역,신정네거리역,26,12100,1
마포역,독립문역,22,9900,1
마포역,무악재역,24,11000,1
마포역,금호역,26,12100,1
마포역,옥수역,26,7700,1
마포역,잠원역,34,16500,1
마포역,한성대입구역,26,12100,1
마포역,성신여대입구역,28,13200,1
마포역,수유역,36,17600,1
마포역,이촌역,16,4400,1
마포역,동작역,16,7700,1
마포역,마장역,26,14300,0
마포역,애오개역,4,2200,0
마포역,신금호역,20,11000,0
마포역,아차산역,34,18700,0
마포역,영등포시장역,8,4400,0
마포역,방이역,46,25300,0
마포역,보문역,30,14300,1
마포역,창신역,28,13200,1
마포역,효창공원앞역,8,2200,1
마포역,광흥창역,10,3300,1
마포역,월드컵경기장역,20,8800,1
마포역,고려대역,34,16500,1
마포역,공릉역,54,27500,1
마포역,어린이대공원역,38,18700,1
마포역,용마산역,40,19800,1
마포역,자양역,42,20900,1
마포역,하계역,56,28600,1
마포역,남성역,32,14300,2
마포역,암사역,44,22000,1
마포역,몽촌토성역,46,23100,1
마포역,강동구청역,44,22000,1
마포역,송파역,52,26400,1
마포역,석촌역,39,22000,1
마포역,노들역,13,5500,1
마포역,선유도역,13,5500,1
마포역,한성백제역,43,24200,1
마포역,양천향교역,24,12100,1
마포역,흑석역,15,6600,1
마포역,공항시장역,29,15400,1
망우역,제기동역,17,5500,1
망우역,동묘앞역,21,7700,1
망우역,신설동역,19,6600,1
망우역,외대앞역,15,4400,1
망우역,남영역,35,15400,1
망우역,문래역,51,23100,1
망우역,아현역,37,15400,1
망우역,한양대역,21,6600,1
망우역,잠실나루역,33,13200,1
망우역,양천구청역,55,24200,2
망우역,신정네거리역,57,25300,2
망우역,독립문역,43,17600,1
망우역,무악재역,45,18700,1
망우역,금호역,27,8800,1
망우역,옥수역,21,7700,0
망우역,잠원역,31,11000,1
망우역,한성대입구역,31,11000,2
망우역,성신여대입구역,27,8800,2
망우역,수유역,31,12100,2
망우역,이촌역,30,11000,0
망우역,동작역,36,12100,1
망우역,마장역,21,6600,1
망우역,애오개역,39,16500,1
망우역,신금호역,23,7700,1
망우역,아차산역,29,11000,1
망우역,영등포시장역,51,23100,1
망우역,방이역,41,17600,1
망우역,보문역,27,12100,1
망우역,창신역,29,13200,1
망우역,효창공원앞역,36,13200,0
망우역,광흥창역,46,16500,1
망우역,월드컵경기장역,56,22000,1
망우역,고려대역,23,9900,1
망우역,공릉역,15,5500,1
망우역,어린이대공원역,19,7700,1
망우역,용마산역,13,4400,1
망우역,자양역,23,9900,1
망우역,하계역,17,6600,1
망우역,남성역,41,19800,1
망우역,암사역,39,14300,2
망우역,몽촌토성역,41,15400,2
망우역,강동구청역,39,14300,2
망우역,송파역,43,16500,2
망우역,석촌역,41,15400,2
망우역,노들역,44,14300,2
망우역,선유도역,52,23100,2
망우역,한성백제역,45,17600,2
망우역,양천향교역,62,29700,2
망우역,흑석역,42,13200,2
망우역,공항시장역,67,33000,2
망원역,제기동역,38,18700,1
망원역,동묘앞역,30,16500,0
망원역,신설동역,36,17600,1
망원역,외대앞역,44,22000,1
망원역,남영역,26,7700,2
망원역,문래역,12,4400,1
망원역,아현역,14,5500,1
망원역,한양대역,34,16500,1
망원역,잠실나루역,46,23100,1
망원역,양천구청역,22,7700,2
망원역,신정네거리역,24,8800,2
망원역,독립문역,28,13200,1
망원역,무악재역,26,12100,1
망원역,금호역,30,14300,1
망원역,옥수역,32,12100,1
망원역,잠원역,38,18700,1
망원역,한성대입구역,36,17600,1
망원역,성신여대입구역,38,18700,1
망원역,수유역,46,23100,1
망원역,이촌역,24,8800,1
망원역,동작역,24,11000,1
망원역,마장역,38,18700,1
망원역,애오개역,16,6600,1
망원역,신금호역,32,15400,1
망원역,아차산역,46,23100,1
망원역,영등포시장역,24,11000,1
망원역,방이역,58,29700,1
망원역,보문역,34,18700,0
망원역,창신역,32,17600,0
망원역,효창공원앞역,12,6600,0
망원역,광흥창역,6,3300,0
망원역,월드컵경기장역,4,2200,0
망원역,고려대역,38,20900,0
망원역,공릉역,54,27500,1
망원역,어린이대공원역,46,20900,2
망원역,용마산역,52,24200,2
망원역,자양역,46,20900,2
망원역,하계역,56,28600,1
망원역,남성역,32,13200,2
망원역,암사역,56,26400,2
망원역,몽촌토성역,54,25300,2
망원역,강동구청역,56,26400,2
망원역,송파역,56,26400,2
망원역,석촌역,46,24200,2
망원역,노들역,21,7700,2
망원역,선유도역,14,3300,2
망원역,한성백제역,50,26400,2
망원역,양천향교역,24,9900,2
망원역,흑석역,23,8800,2
망원역,공항시장역,30,13200,2
매봉역,제기동역,34,11000,2
매봉역,동묘앞역,30,14300,1
매봉역,신설동역,40,19800,1
매봉역,외대앞역,36,12100,2
매봉역,남영역,30,13200,2
매봉역,문래역,34,16500,1
매봉역,아현역,38,18700,1
매봉역,한양대역,31,9900,2
매봉역,잠실나루역,26,12100,1
매봉역,양천구청역,40,17600,2
매봉역,신정네거리역,42,18700,2
매봉역,독립문역,34,18700,0
매봉역,무악재역,36,19800,0
매봉역,금호역,18,9900,0
매봉역,옥수역,16,8800,0
매봉역,잠원역,10,5500,0
매봉역,한성대입구역,36,17600,1
매봉역,성신여대입구역,38,18700,1
매봉역,수유역,46,23100,1
매봉역,이촌역,30,12100,1
매봉역,동작역,17,7700,1
매봉역,마장역,31,9900,2
매봉역,애오개역,40,19800,1
매봉역,신금호역,33,11000,2
매봉역,아차산역,36,17600,1
매봉역,영등포시장역,34,15400,2
매봉역,방이역,24,11000,1
매봉역,보문역,34,16500,1
매봉역,창신역,32,15400,1
매봉역,효창공원앞역,36,14300,1
매봉역,광흥창역,42,20900,1
매봉역,월드컵경기장역,52,26400,1
매봉역,고려대역,38,18700,1
매봉역,공릉역,48,24200,1
매봉역,어린이대공원역,28,13200,1
매봉역,용마산역,34,16500,1
매봉역,자양역,24,11000,1
매봉역,하계역,50,25300,1
매봉역,남성역,18,7700,1
매봉역,암사역,32,15400,1
매봉역,몽촌토성역,26,12100,1
매봉역,강동구청역,28,13200,1
매봉역,송파역,20,8800,1
매봉역,석촌역,22,9900,1
매봉역,노들역,21,9900,1
매봉역,선유도역,31,16500,1
매봉역,한성백제역,33,17600,1
매봉역,양천향교역,41,23100,1
매봉역,흑석역,19,8800,1
매봉역,공항시장역,47,26400,1
먹골역,제기동역,22,7700,2
먹골역,동묘앞역,24,11000,1
먹골역,신설동역,24,8800,2
먹골역,외대앞역,16,4400,2
먹골역,남영역,40,17600,2
먹골역,문래역,60,30800,1
먹골역,아현역,48,24200,1
먹골역,한양대역,28,13200,1
먹골역,잠실나루역,28,13200,1
먹골역,양천구청역,66,31900,2
먹골역,신정네거리역,68,33000,2
먹골역,독립문역,48,22000,2
먹골역,무악재역,50,23100,2
먹골역,금호역,34,9900,2
먹골역,옥수역,28,8800,1
먹골역,잠원역,38,18700,1
먹골역,한성대입구역,30,14300,1
먹골역,성신여대입구역,28,13200,1
먹골역,수유역,20,8800,1
먹골역,이촌역,36,12100,1
먹골역,동작역,41,20900,1
먹골역,마장역,24,11000,1
먹골역,애오개역,46,23100,1
먹골역,신금호역,30,14300,1
먹골역,아차산역,20,8800,1
먹골역,영등포시장역,58,29700,1
먹골역,방이역,32,15400,1
먹골역,보문역,20,8800,1
먹골역,창신역,22,9900,1
먹골역,효창공원앞역,42,14300,1
먹골역,광흥창역,48,24200,1
먹골역,월드컵경기장역,58,29700,1
먹골역,고려대역,16,6600,1
먹골역,공릉역,4,2200,0
먹골역,어린이대공원역,16,8800,0
먹골역,용마산역,10,5500,0
먹골역,자양역,20,11000,0
먹골역,하계역,6,3300,0
먹골역,남성역,38,20900,0
먹골역,암사역,30,12100,2
먹골역,몽촌토성역,32,13200,2
먹골역,강동구청역,30,12100,2
먹골역,송파역,38,16500,2
먹골역,석촌역,36,15400,2
먹골역,노들역,45,23100,1
먹골역,선유도역,55,29700,1
먹골역,한성백제역,36,15400,2
먹골역,양천향교역,65,36300,1
먹골역,흑석역,43,22000,1
먹골역,공항시장역,71,39600,1
면목역,제기동역,22,5500,2
면목역,동묘앞역,30,14300,1
면목역,신설동역,24,6600,2
면목역,외대앞역,20,4400,2
면목역,남영역,40,15400,2
면목역,문래역,54,27500,1
면목역,아현역,42,20900,1
면목역,한양대역,22,9900,1
면목역,잠실나루역,22,9900,1
면목역,양천구청역,60,28600,2
면목역,신정네거리역,62,29700,2
면목역,독립문역,42,18700,2
면목역,무악재역,44,19800,2
면목역,금호역,32,8800,2
면목역,옥수역,26,7700,1
면목역,잠원역,32,15400,1
면목역,한성대입구역,36,17600,1
면목역,성신여대입구역,34,16500,1
면목역,수유역,26,12100,1
면목역,이촌역,34,11000,1
면목역,동작역,35,17600,1
면목역,마장역,18,7700,1
면목역,애오개역,40,19800,1
면목역,신금호역,24,11000,1
면목역,아차산역,14,5500,1
면목역,영등포시장역,52,26400,1
면목역,방이역,26,12100,1
면목역,보문역,26,12100,1
면목역,창신역,28,13200,1
면목역,효창공원앞역,40,13200,1
면목역,광흥창역,54,27500,1
면목역,월드컵경기장역,64,33000,1
면목역,고려대역,22,9900,1
면목역,공릉역,10,5500,0
면목역,어린이대공원역,10,5500,0
면목역,용마산역,4,2200,0
면목역,자양역,14,7700,0
면목역,하계역,12,6600,0
면목역,남성역,32,17600,0
면목역,암사역,24,8800,2
면목역,몽촌토성역,26,9900,2
면목역,강동구청역,24,8800,2
면목역,송파역,32,13200,2
면목역,석촌역,30,12100,2
면목역,노들역,39,19800,1
면목역,선유도역,49,26400,1
면목역,한성백제역,30,12100,2
면목역,양천향교역,59,33000,1
면목역,흑석역,37,18700,1
면목역,공항시장역,65,36300,1
명동역,제기동역,16,6600,1
명동역,동묘앞역,12,4400,1
명동역,신설동역,14,5500,1
명동역,외대앞역,22,9900,1
명동역,남영역,10,3300,1
명동역,문래역,34,16500,1
명동역,아현역,20,8800,1
명동역,한양대역,16,6600,1
명동역,잠실나루역,28,13200,1
명동역,양천구청역,30,12100,2
명동역,신정네거리역,32,13200,2
명동역,독립문역,16,6600,1
명동역,무악재역,18,7700,1
명동역,금호역,12,4400,1
명동역,옥수역,14,5500,1
명동역,잠원역,20,8800,1
명동역,한성대입구역,10,5500,0
명동역,성신여대입구역,12,6600,0
명동역,수유역,20,11000,0
명동역,이촌역,12,6600,0
명동역,동작역,14,7700,0
명동역,마장역,18,7700,1
명동역,애오개역,20,8800,1
명동역,신금호역,12,4400,1
명동역,아차산역,26,12100,1
명동역,영등포시장역,32,15400,1
명동역,방이역,38,18700,1
명동역,보문역,18,7700,1
명동역,창신역,18,5500,2
명동역,효창공원앞역,14,5500,1
명동역,광흥창역,20,8800,1
명동역,월드컵경기장역,30,14300,1
명동역,고려대역,24,8800,2
명동역,공릉역,36,17600,1
명동역,어린이대공원역,28,11000,2
명동역,용마산역,32,13200,2
명동역,자양역,36,17600,1
명동역,하계역,34,16500,1
명동역,남성역,22,9900,1
명동역,암사역,36,15400,2
명동역,몽촌토성역,36,15400,2
명동역,강동구청역,36,15400,2
명동역,송파역,38,16500,2
명동역,석촌역,40,22000,1
명동역,노들역,22,9900,1
명동역,선유도역,32,16500,1
명동역,한성백제역,44,24200,1
명동역,양천향교역,42,23100,1
명동역,흑석역,20,8800,1
명동역,공항시장역,48,26400,1
명일역,제기동역,36,14300,2
명일역,동묘앞역,36,17600,1
명일역,신설동역,38,15400,2
명일역,외대앞역,38,15400,2
명일역,남영역,46,23100,1
명일역,문래역,58,29700,1
명일역,아현역,44,22000,1
명일역,한양대역,28,13200,1
명일역,잠실나루역,24,8800,2
명일역,양천구청역,74,38500,1
명일역,신정네거리역,72,37400,1
명일역,독립문역,44,22000,1
명일역,무악재역,46,23100,1
명일역,금호역,40,15400,2
명일역,옥수역,34,14300,1
명일역,잠원역,46,23100,1
명일역,한성대입구역,40,19800,1
명일역,성신여대입구역,42,20900,1
명일역,수유역,50,25300,1
명일역,이촌역,42,17600,1
명일역,동작역,41,23100,1
명일역,마장역,20,11000,0
명일역,애오개역,42,23100,0
명일역,신금호역,26,14300,0
명일역,아차산역,12,6600,0
명일역,영등포시장역,54,29700,0
명일역,방이역,12,6600,0
명일역,보문역,40,19800,1
명일역,창신역,38,18700,1
명일역,효창공원앞역,46,23100,1
명일역,광흥창역,52,26400,1
명일역,월드컵경기장역,62,31900,1
명일역,고려대역,44,22000,1
명일역,공릉역,36,17600,1
명일역,어린이대공원역,20,8800,1
명일역,용마산역,22,9900,1
명일역,자양역,24,11000,1
명일역,하계역,38,18700,1
명일역,남성역,42,20900,1
명일역,암사역,14,5500,1
명일역,몽촌토성역,16,6600,1
명일역,강동구청역,14,5500,1
명일역,송파역,22,9900,1
명일역,석촌역,19,8800,1
명일역,노들역,45,25300,1
명일역,선유도역,55,31900,1
명일역,한성백제역,16,6600,1
명일역,양천향교역,65,38500,1
명일역,흑석역,43,24200,1
명일역,공항시장역,71,41800,1
목동역,제기동역,40,19800,1
목동역,동묘앞역,36,17600,1
목동역,신설동역,38,18700,1
목동역,외대앞역,46,23100,1
목동역,남영역,22,9900,1
목동역,문래역,12,4400,1
목동역,아현역,22,9900,1
목동역,한양대역,42,20900,1
목동역,잠실나루역,52,26400,1
목동역,양천구청역,12,4400,1
목동역,신정네거리역,10,3300,1
목동역,독립문역,38,18700,1
목동역,무악재역,40,19800,1
목동역,금호역,42,20900,1
목동역,옥수역,42,16500,1
목동역,잠원역,36,16500,2
목동역,한성대입구역,42,20900,1
목동역,성신여대입구역,44,22000,1
목동역,수유역,52,26400,1
목동역,이촌역,32,13200,1
목동역,동작역,24,12100,1
목동역,마장역,42,23100,0
목동역,애오개역,20,11000,0
목동역,신금호역,36,19800,0
목동역,아차산역,50,27500,0
목동역,영등포시장역,8,4400,0
목동역,방이역,62,34100,0
목동역,보문역,46,23100,1
목동역,창신역,44,22000,1
목동역,효창공원앞역,24,11000,1
목동역,광흥창역,26,12100,1
목동역,월드컵경기장역,24,8800,2
목동역,고려대역,50,25300,1
목동역,공릉역,70,36300,1
목동역,어린이대공원역,54,27500,1
목동역,용마산역,56,28600,1
목동역,자양역,46,22000,2
목동역,하계역,72,37400,1
목동역,남성역,34,14300,2
목동역,암사역,60,30800,1
목동역,몽촌토성역,62,31900,1
목동역,강동구청역,60,30800,1
목동역,송파역,53,27500,2
목동역,석촌역,47,26400,1
목동역,노들역,21,9900,1
목동역,선유도역,21,9900,1
목동역,한성백제역,51,28600,1
목동역,양천향교역,27,13200,1
목동역,흑석역,23,11000,1
목동역,공항시장역,22,9900,1
몽촌토성역,제기동역,34,12100,3
몽촌토성역,동묘앞역,32,13200,2
몽촌토성역,신설동역,28,11000,2
몽촌토성역,외대앞역,38,13200,3
몽촌토성역,남영역,43,22000,2
몽촌토성역,문래역,44,22000,1
몽촌토성역,아현역,40,19800,1
몽촌토성역,한양대역,20,8800,1
몽촌토성역,잠실나루역,8,2200,1
몽촌토성역,양천구청역,50,23100,2
몽촌토성역,신정네거리역,52,24200,2
몽촌토성역,독립문역,44,19800,2
몽촌토성역,무악재역,46,20900,2
몽촌토성역,금호역,44,22000,1
몽촌토성역,옥수역,34,12100,2
몽촌토성역,잠원역,36,17600,1
몽촌토성역,한성대입구역,38,16500,2
몽촌토성역,성신여대입구역,40,17600,2
몽촌토성역,수유역,48,22000,2
몽촌토성역,이촌역,36,15400,2
몽촌토성역,동작역,30,16500,1
몽촌토성역,마장역,20,8800,1
몽촌토성역,애오개역,42,20900,1
몽촌토성역,신금호역,26,12100,1
몽촌토성역,아차산역,12,4400,1
몽촌토성역,영등포시장역,54,27500,1
몽촌토성역,방이역,16,6600,1
몽촌토성역,보문역,36,15400,2
몽촌토성역,창신역,34,14300,2
몽촌토성역,효창공원앞역,46,20900,2
몽촌토성역,광흥창역,52,24200,2
몽촌토성역,월드컵경기장역,58,27500,2
몽촌토성역,고려대역,40,17600,2
몽촌토성역,공릉역,36,15400,2
몽촌토성역,어린이대공원역,20,6600,2
몽촌토성역,용마산역,22,7700,2
몽촌토성역,자양역,20,6600,2
몽촌토성역,하계역,38,16500,2
몽촌토성역,남성역,35,16500,2
몽촌토성역,암사역,6,3300,0
몽촌토성역,몽촌토성역,0,0,0
몽촌토성역,강동구청역,2,1100,0
몽촌토성역,송파역,6,3300,0
몽촌토성역,석촌역,4,2200,0
몽촌토성역,노들역,34,18700,1
몽촌토성역,선유도역,44,25300,1
몽촌토성역,한성백제역,12,4400,1
몽촌토성역,양천향교역,54,31900,1
몽촌토성역,흑석역,32,17600,1
몽촌토성역,공항시장역,60,35200,1
무악재역,제기동역,22,9900,1
무악재역,동묘앞역,18,7700,1
무악재역,신설동역,20,8800,1
무악재역,외대앞역,28,13200,1
무악재역,남영역,20,8800,1
무악재역,문래역,36,17600,1
무악재역,아현역,22,9900,1
무악재역,한양대역,26,12100,1
무악재역,잠실나루역,38,18700,1
무악재역,양천구청역,40,17600,2
무악재역,신정네거리역,42,18700,2
무악재역,독립문역,2,1100,0
무악재역,무악재역,0,0,0
무악재역,금호역,18,9900,0
무악재역,옥수역,20,11000,0
무악재역,잠원역,26,14300,0
무악재역,한성대입구역,24,11000,1
무악재역,성신여대입구역,26,12100,1
무악재역,수유역,34,16500,1
무악재역,이촌역,30,14300,1
무악재역,동작역,32,15400,1
무악재역,마장역,26,12100,1
무악재역,애오개역,20,8800,1
무악재역,신금호역,20,8800,1
무악재역,아차산역,34,16500,1
무악재역,영등포시장역,32,15400,1
무악재역,방이역,46,23100,1
무악재역,보문역,30,14300,1
무악재역,창신역,28,13200,1
무악재역,효창공원앞역,32,15400,1
무악재역,광흥창역,32,15400,1
무악재역,월드컵경기장역,22,9900,1
무악재역,고려대역,34,16500,1
무악재역,공릉역,50,23100,2
무악재역,어린이대공원역,38,16500,2
무악재역,용마산역,40,17600,2
무악재역,자양역,44,22000,1
무악재역,하계역,48,22000,2
무악재역,남성역,38,18700,1
무악재역,암사역,44,19800,2
무악재역,몽촌토성역,46,20900,2
무악재역,강동구청역,44,19800,2
무악재역,송파역,56,28600,1
무악재역,석촌역,49,26400,1
무악재역,노들역,30,12100,2
무악재역,선유도역,37,16500,2
무악재역,한성백제역,53,28600,1
무악재역,양천향교역,47,23100,2
무악재역,흑석역,39,19800,1
무악재역,공항시장역,52,26400,2
문래역,제기동역,36,17600,1
문래역,동묘앞역,32,15400,1
문래역,신설동역,34,16500,1
문래역,외대앞역,42,20900,1
문래역,남영역,18,7700,1
문래역,문래역,0,0,0
문래역,아현역,14,7700,0
문래역,한양대역,34,18700,0
문래역,잠실나루역,40,22000,0
문래역,양천구청역,10,3300,1
문래역,신정네거리역,12,4400,1
문래역,독립문역,34,16500,1
문래역,무악재역,36,17600,1
문래역,금호역,34,16500,1
문래역,옥수역,38,13200,1
문래역,잠원역,32,15400,1
문래역,한성대입구역,36,17600,1
문래역,성신여대입구역,38,18700,1
문래역,수유역,46,23100,1
문래역,이촌역,28,9900,1
문래역,동작역,20,9900,1
문래역,마장역,38,18700,1
문래역,애오개역,20,8800,1
문래역,신금호역,34,16500,1
문래역,아차산역,46,23100,1
문래역,영등포시장역,8,2200,1
문래역,방이역,58,29700,1
문래역,보문역,38,18700,1
문래역,창신역,36,17600,1
문래역,효창공원앞역,20,8800,1
문래역,광흥창역,14,5500,1
문래역,월드컵경기장역,16,6600,1
문래역,고려대역,42,20900,1
문래역,공릉역,64,33000,1
문래역,어린이대공원역,44,22000,1
문래역,용마산역,50,25300,1
문래역,자양역,40,19800,1
문래역,하계역,66,34100,1
문래역,남성역,22,9900,1
문래역,암사역,50,25300,1
문래역,몽촌토성역,44,22000,1
문래역,강동구청역,46,23100,1
문래역,송파역,46,23100,1
문래역,석촌역,42,24200,1
문래역,노들역,17,7700,1
문래역,선유도역,10,3300,1
문래역,한성백제역,46,26400,1
문래역,양천향교역,20,9900,1
문래역,흑석역,19,8800,1
문래역,공항시장역,26,13200,1
문정역,제기동역,48,17600,2
문정역,동묘앞역,38,16500,2
문정역,신설동역,34,14300,2
문정역,외대앞역,50,18700,2
문정역,남영역,45,23100,2
문정역,문래역,50,25300,1
문정역,아현역,46,23100,1
문정역,한양대역,26,12100,1
문정역,잠실나루역,14,5500,1
문정역,양천구청역,56,26400,2
문정역,신정네거리역,58,27500,2
문정역,독립문역,54,27500,1
문정역,무악재역,56,28600,1
문정역,금호역,38,18700,1
문정역,옥수역,36,17600,1
문정역,잠원역,30,14300,1
문정역,한성대입구역,44,19800,2
문정역,성신여대입구역,46,20900,2
문정역,수유역,54,25300,2
문정역,이촌역,38,18700,2
문정역,동작역,32,17600,1
문정역,마장역,30,14300,1
문정역,애오개역,52,26400,1
문정역,신금호역,36,17600,1
문정역,아차산역,22,9900,1
문정역,영등포시장역,49,25300,2
문정역,방이역,16,4400,2
문정역,보문역,42,18700,2
문정역,창신역,40,17600,2
문정역,효창공원앞역,52,24200,2
문정역,광흥창역,58,27500,2
문정역,월드컵경기장역,64,30800,2
문정역,고려대역,46,20900,2
문정역,공릉역,46,20900,2
문정역,어린이대공원역,26,9900,2
문정역,용마산역,32,13200,2
문정역,자양역,26,9900,2
문정역,하계역,48,22000,2
문정역,남성역,37,17600,2
문정역,암사역,16,8800,0
문정역,몽촌토성역,10,5500,0
문정역,강동구청역,12,6600,0
문정역,송파역,4,2200,0
문정역,석촌역,6,3300,0
문정역,노들역,36,19800,1
문정역,선유도역,46,26400,1
문정역,한성백제역,14,5500,1
문정역,양천향교역,56,33000,1
문정역,흑석역,34,18700,1
문정역,공항시장역,62,36300,1
미아사거리역,제기동역,20,8800,1
미아사거리역,동묘앞역,16,6600,1
미아사거리역,신설동역,12,4400,1
미아사거리역,외대앞역,24,11000,1
미아사거리역,남영역,26,12100,1
미아사거리역,문래역,42,20900,1
미아사거리역,아현역,28,13200,1
미아사거리역,한양대역,24,11000,1
미아사거리역,잠실나루역,36,17600,1
미아사거리역,양천구청역,46,20900,2
미아사거리역,신정네거리역,48,22000,2
미아사거리역,독립문역,28,13200,1
미아사거리역,무악재역,30,14300,1
미아사거리역,금호역,24,11000,1
미아사거리역,옥수역,26,12100,1
미아사거리역,잠원역,32,15400,1
미아사거리역,한성대입구역,6,3300,0
미아사거리역,성신여대입구역,4,2200,0
미아사거리역,수유역,4,2200,0
미아사거리역,이촌역,28,15400,0
미아사거리역,동작역,30,16500,0
미아사거리역,마장역,26,12100,1
미아사거리역,애오개역,28,13200,1
미아사거리역,신금호역,20,8800,1
미아사거리역,아차산역,34,16500,1
미아사거리역,영등포시장역,40,19800,1
미아사거리역,방이역,46,23100,1
미아사거리역,보문역,10,3300,1
미아사거리역,창신역,16,4400,2
미아사거리역,효창공원앞역,30,14300,1
미아사거리역,광흥창역,36,17600,1
미아사거리역,월드컵경기장역,46,23100,1
미아사거리역,고려대역,18,5500,2
미아사거리역,공릉역,20,8800,1
미아사거리역,어린이대공원역,40,19800,1
미아사거리역,용마산역,34,16500,1
미아사거리역,자양역,44,22000,1
미아사거리역,하계역,18,7700,1
미아사거리역,남성역,38,18700,1
미아사거리역,암사역,44,19800,2
미아사거리역,몽촌토성역,44,19800,2
미아사거리역,강동구청역,44,19800,2
미아사거리역,송파역,46,20900,2
미아사거리역,석촌역,44,19800,2
미아사거리역,노들역,38,18700,1
미아사거리역,선유도역,48,25300,1
미아사거리역,한성백제역,50,23100,2
미아사거리역,양천향교역,58,31900,1
미아사거리역,흑석역,36,17600,1
미아사거리역,공항시장역,64,35200,1
미아역,제기동역,22,9900,1
미아역,동묘앞역,18,7700,1
미아역,신설동역,14,5500,1
미아역,외대앞역,22,9900,1
미아역,남영역,28,13200,1
미아역,문래역,44,22000,1
미아역,아현역,30,14300,1
미아역,한양대역,26,12100,1
미아역,잠실나루역,38,18700,1
미아역,양천구청역,48,22000,2
미아역,신정네거리역,50,23100,2
미아역,독립문역,30,14300,1
미아역,무악재역,32,15400,1
미아역,금호역,26,12100,1
미아역,옥수역,28,13200,1
미아역,잠원역,34,16500,1
미아역,한성대입구역,8,4400,0
미아역,성신여대입구역,6,3300,0
미아역,수유역,2,1100,0
미아역,이촌역,30,16500,0
미아역,동작역,32,17600,0
미아역,마장역,28,13200,1
미아역,애오개역,30,14300,1
미아역,신금호역,22,9900,1
미아역,아차산역,36,17600,1
미아역,영등포시장역,42,20900,1
미아역,방이역,48,24200,1
미아역,보문역,12,4400,1
미아역,창신역,18,5500,2
미아역,효창공원앞역,32,15400,1
미아역,광흥창역,38,18700,1
미아역,월드컵경기장역,48,24200,1
미아역,고려대역,20,6600,2
미아역,공릉역,18,7700,1
미아역,어린이대공원역,38,18700,1
미아역,용마산역,32,15400,1
미아역,자양역,42,20900,1
미아역,하계역,16,6600,1
미아역,남성역,40,19800,1
미아역,암사역,46,20900,2
미아역,몽촌토성역,46,20900,2
미아역,강동구청역,46,20900,2
미아역,송파역,48,22000,2
미아역,석촌역,46,20900,2
미아역,노들역,40,19800,1
미아역,선유도역,50,26400,1
미아역,한성백제역,52,24200,2
미아역,양천향교역,60,33000,1
미아역,흑석역,38,18700,1
미아역,공항시장역,66,36300,1
반포역,제기동역,28,8800,2
반포역,동묘앞역,28,11000,2
반포역,신설동역,30,9900,2
반포역,외대앞역,30,9900,2
반포역,남영역,24,9900,2
반포역,문래역,30,14300,1
반포역,아현역,42,20900,1
반포역,한양대역,22,9900,1
반포역,잠실나루역,22,9900,1
반포역,양천구청역,36,15400,2
반포역,신정네거리역,38,16500,2
반포역,독립문역,32,15400,1
반포역,무악재역,34,16500,1
반포역,금호역,16,6600,1
반포역,옥수역,14,5500,1
반포역,잠원역,8,2200,1
반포역,한성대입구역,36,17600,1
반포역,성신여대입구역,38,18700,1
반포역,수유역,46,23100,1
반포역,이촌역,14,5500,1
반포역,동작역,11,4400,1
반포역,마장역,26,12100,1
반포역,애오개역,32,14300,2
반포역,신금호역,32,15400,1
반포역,아차산역,22,9900,1
반포역,영등포시장역,28,12100,2
반포역,방이역,34,16500,1
반포역,보문역,32,13200,2
반포역,창신역,30,12100,2
반포역,효창공원앞역,26,7700,2
반포역,광흥창역,30,12100,2
반포역,월드컵경기장역,40,17600,2
반포역,고려대역,36,15400,2
반포역,공릉역,34,18700,0
반포역,어린이대공원역,14,7700,0
반포역,용마산역,20,11000,0
반포역,자양역,10,5500,0
반포역,하계역,36,19800,0
반포역,남성역,8,4400,0
반포역,암사역,32,13200,2
반포역,몽촌토성역,30,12100,2
반포역,강동구청역,32,13200,2
반포역,송파역,29,13200,2
반포역,석촌역,23,12100,1
반포역,노들역,15,6600,1
반포역,선유도역,25,13200,1
반포역,한성백제역,27,14300,1
반포역,양천향교역,35,19800,1
반포역,흑석역,13,5500,1
반포역,공항시장역,41,23100,1
발산역,제기동역,50,25300,1
발산역,동묘앞역,46,23100,1
발산역,신설동역,48,24200,1
발산역,외대앞역,56,28600,1
발산역,남영역,32,15400,1
발산역,문래역,22,9900,1
발산역,아현역,32,15400,1
발산역,한양대역,52,26400,1
발산역,잠실나루역,62,31900,1
발산역,양천구청역,14,5500,1
발산역,신정네거리역,12,4400,1
발산역,독립문역,48,24200,1
발산역,무악재역,50,25300,1
발산역,금호역,52,26400,1
발산역,옥수역,52,22000,1
발산역,잠원역,46,22000,2
발산역,한성대입구역,52,26400,1
발산역,성신여대입구역,54,27500,1
발산역,수유역,62,31900,1
발산역,이촌역,42,18700,1
발산역,동작역,34,17600,1
발산역,마장역,52,28600,0
발산역,애오개역,30,16500,0
발산역,신금호역,46,25300,0
발산역,아차산역,60,33000,0
발산역,영등포시장역,18,9900,0
발산역,방이역,72,39600,0
발산역,보문역,56,28600,1
발산역,창신역,54,27500,1
발산역,효창공원앞역,34,16500,1
발산역,광흥창역,36,17600,1
발산역,월드컵경기장역,34,14300,2
발산역,고려대역,60,30800,1
발산역,공릉역,80,41800,1
발산역,어린이대공원역,64,33000,1
발산역,용마산역,66,34100,1
발산역,자양역,56,27500,2
발산역,하계역,82,42900,1
발산역,남성역,44,19800,2
발산역,암사역,70,36300,1
발산역,몽촌토성역,72,37400,1
발산역,강동구청역,70,36300,1
발산역,송파역,63,33000,2
발산역,석촌역,57,31900,1
발산역,노들역,31,15400,1
발산역,선유도역,28,14300,1
발산역,한성백제역,61,34100,1
발산역,양천향교역,17,7700,1
발산역,흑석역,33,16500,1
발산역,공항시장역,12,4400,1
방배역,제기동역,36,13200,2
방배역,동묘앞역,32,13200,2
방배역,신설동역,40,19800,1
방배역,외대앞역,38,14300,2
방배역,남영역,34,16500,1
방배역,문래역,20,11000,0
방배역,아현역,34,18700,0
방배역,한양대역,32,17600,0
방배역,잠실나루역,20,11000,0
방배역,양천구청역,26,12100,1
방배역,신정네거리역,28,13200,1
방배역,독립문역,36,17600,1
방배역,무악재역,38,18700,1
방배역,금호역,20,8800,1
방배역,옥수역,18,7700,1
방배역,잠원역,12,4400,1
방배역,한성대입구역,34,16500,1
방배역,성신여대입구역,36,17600,1
방배역,수유역,44,22000,1
방배역,이촌역,12,4400,1
방배역,동작역,10,3300,1
방배역,마장역,40,19800,1
방배역,애오개역,40,19800,1
방배역,신금호역,42,20900,1
방배역,아차산역,36,15400,2
방배역,영등포시장역,28,13200,1
방배역,방이역,34,15400,2
방배역,보문역,36,15400,2
방배역,창신역,34,14300,2
방배역,효창공원앞역,24,6600,2
방배역,광흥창역,34,16500,1
방배역,월드컵경기장역,36,17600,1
방배역,고려대역,40,17600,2
방배역,공릉역,52,26400,1
방배역,어린이대공원역,32,15400,1
방배역,용마산역,38,18700,1
방배역,자양역,32,15400,1
방배역,하계역,54,27500,1
방배역,남성역,14,3300,2
방배역,암사역,30,14300,1
방배역,몽촌토성역,24,11000,1
방배역,강동구청역,26,12100,1
방배역,송파역,26,12100,1
방배역,석촌역,23,11000,1
방배역,노들역,18,5500,2
방배역,선유도역,30,14300,1
방배역,한성백제역,27,13200,1
방배역,양천향교역,40,20900,1
방배역,흑석역,16,4400,2
방배역,공항시장역,46,24200,1
방이역,제기동역,36,14300,2
방이역,동묘앞역,36,17600,1
방이역,신설동역,38,15400,2
방이역,외대앞역,38,15400,2
방이역,남영역,46,23100,1
방이역,문래역,58,29700,1
방이역,아현역,44,22000,1
방이역,한양대역,28,13200,1
방이역,잠실나루역,24,8800,2
방이역,양천구청역,74,38500,1
방이역,신정네거리역,72,37400,1
방이역,독립문역,44,22000,1
방이역,무악재역,46,23100,1
방이역,금호역,42,20900,1
방이역,옥수역,34,14300,1
방이역,잠원역,34,16500,1
방이역,한성대입구역,40,19800,1
방이역,성신여대입구역,42,20900,1
방이역,수유역,50,25300,1
방이역,이촌역,42,17600,1
방이역,동작역,33,18700,1
방이역,마장역,20,11000,0
방이역,애오개역,42,23100,0
방이역,신금호역,26,14300,0
방이역,아차산역,12,6600,0
방이역,영등포시장역,54,29700,0
방이역,방이역,0,0,0
방이역,보문역,40,19800,1
방이역,창신역,38,18700,1
방이역,효창공원앞역,46,23100,1
방이역,광흥창역,52,26400,1
방이역,월드컵경기장역,62,31900,1
방이역,고려대역,44,22000,1
방이역,공릉역,36,17600,1
방이역,어린이대공원역,20,8800,1
방이역,용마산역,22,9900,1
방이역,자양역,24,11000,1
방이역,하계역,38,18700,1
방이역,남성역,42,20900,1
방이역,암사역,14,5500,1
방이역,몽촌토성역,16,6600,1
방이역,강동구청역,14,5500,1
방이역,송파역,22,9900,1
방이역,석촌역,11,4400,1
방이역,노들역,37,20900,1
방이역,선유도역,47,27500,1
방이역,한성백제역,8,2200,1
방이역,양천향교역,57,34100,1
방이역,흑석역,35,19800,1
방이역,공항시장역,63,37400,1
방학역,제기동역,20,11000,0
방학역,동묘앞역,24,13200,0
방학역,신설동역,22,12100,0
방학역,외대앞역,14,7700,0
방학역,남영역,38,20900,0
방학역,문래역,56,28600,1
방학역,아현역,42,20900,1
방학역,한양대역,32,12100,2
방학역,잠실나루역,44,18700,2
방학역,양천구청역,58,29700,1
방학역,신정네거리역,60,30800,1
방학역,독립문역,40,19800,1
방학역,무악재역,42,20900,1
방학역,금호역,44,22000,1
방학역,옥수역,32,13200,1
방학역,잠원역,42,16500,2
방학역,한성대입구역,20,8800,1
방학역,성신여대입구역,18,7700,1
방학역,수유역,10,3300,1
방학역,이촌역,42,16500,1
방학역,동작역,44,22000,1
방학역,마장역,32,12100,2
방학역,애오개역,42,20900,1
방학역,신금호역,34,13200,2
방학역,아차산역,40,16500,2
방학역,영등포시장역,52,26400,1
방학역,방이역,52,23100,2
방학역,보문역,26,12100,1
방학역,창신역,28,13200,1
방학역,효창공원앞역,48,18700,1
방학역,광흥창역,52,26400,1
방학역,월드컵경기장역,62,31900,1
방학역,고려대역,22,9900,1
방학역,공릉역,20,8800,1
방학역,어린이대공원역,40,19800,1
방학역,용마산역,34,16500,1
방학역,자양역,44,22000,1
방학역,하계역,18,7700,1
방학역,남성역,52,22000,2
방학역,암사역,50,19800,3
방학역,몽촌토성역,52,20900,3
방학역,강동구청역,50,19800,3
방학역,송파역,54,22000,3
방학역,석촌역,50,22000,2
방학역,노들역,48,24200,1
방학역,선유도역,55,28600,1
방학역,한성백제역,54,24200,2
방학역,양천향교역,65,35200,1
방학역,흑석역,50,25300,1
방학역,공항시장역,70,38500,1
방화역,제기동역,60,30800,1
방화역,동묘앞역,56,28600,1
방화역,신설동역,58,29700,1
방화역,외대앞역,66,34100,1
방화역,남영역,42,20900,1
방화역,문래역,32,15400,1
방화역,아현역,42,20900,1
방화역,한양대역,62,31900,1
방화역,잠실나루역,72,37400,1
방화역,양천구청역,24,11000,1
방화역,신정네거리역,22,9900,1
방화역,독립문역,58,29700,1
방화역,무악재역,60,30800,1
방화역,금호역,62,31900,1
방화역,옥수역,62,27500,1
방화역,잠원역,50,26400,2
방화역,한성대입구역,62,31900,1
방화역,성신여대입구역,64,33000,1
방화역,수유역,72,37400,1
방화역,이촌역,52,24200,1
방화역,동작역,39,22000,1
방화역,마장역,62,34100,0
방화역,애오개역,40,22000,0
방화역,신금호역,56,30800,0
방화역,아차산역,70,38500,0
방화역,영등포시장역,28,15400,0
방화역,방이역,82,45100,0
방화역,보문역,66,34100,1
방화역,창신역,64,33000,1
방화역,효창공원앞역,44,22000,1
방화역,광흥창역,46,23100,1
방화역,월드컵경기장역,28,5500,2
방화역,고려대역,70,36300,1
방화역,공릉역,90,47300,1
방화역,어린이대공원역,64,34100,2
방화역,용마산역,76,39600,1
방화역,자양역,60,31900,2
방화역,하계역,92,48400,1
방화역,남성역,54,28600,2
방화역,암사역,80,41800,1
방화역,몽촌토성역,69,38500,2
방화역,강동구청역,71,39600,2
방화역,송파역,67,37400,2
방화역,석촌역,61,36300,1
방화역,노들역,36,19800,1
방화역,선유도역,26,13200,1
방화역,한성백제역,65,38500,1
방화역,양천향교역,15,6600,1
방화역,흑석역,38,20900,1
방화역,공항시장역,10,3300,1
버티고개역,제기동역,16,6600,1
버티고개역,동묘앞역,8,4400,0
버티고개역,신설동역,14,5500,1
버티고개역,외대앞역,22,9900,1
버티고개역,남영역,26,12100,1
버티고개역,문래역,30,14300,1
버티고개역,아현역,24,11000,1
버티고개역,한양대역,16,6600,1
버티고개역,잠실나루역,28,13200,1
버티고개역,양천구청역,40,17600,2
버티고개역,신정네거리역,42,18700,2
버티고개역,독립문역,20,8800,1
버티고개역,무악재역,22,9900,1
버티고개역,금호역,8,2200,1
버티고개역,옥수역,10,3300,1
버티고개역,잠원역,16,6600,1
버티고개역,한성대입구역,20,6600,2
버티고개역,성신여대입구역,18,7700,1
버티고개역,수유역,30,12100,2
버티고개역,이촌역,16,6600,1
버티고개역,동작역,18,7700,1
버티고개역,마장역,16,6600,1
버티고개역,애오개역,18,7700,1
버티고개역,신금호역,10,3300,1
버티고개역,아차산역,24,11000,1
버티고개역,영등포시장역,26,12100,1
버티고개역,방이역,36,17600,1
버티고개역,보문역,12,6600,0
버티고개역,창신역,10,5500,0
버티고개역,효창공원앞역,10,5500,0
버티고개역,광흥창역,16,8800,0
버티고개역,월드컵경기장역,26,14300,0
버티고개역,고려대역,16,8800,0
버티고개역,공릉역,32,15400,1
버티고개역,어린이대공원역,28,11000,2
버티고개역,용마산역,30,12100,2
버티고개역,자양역,28,11000,2
버티고개역,하계역,34,16500,1
버티고개역,남성역,26,9900,2
버티고개역,암사역,34,14300,2
버티고개역,몽촌토성역,36,15400,2
버티고개역,강동구청역,34,14300,2
버티고개역,송파역,38,16500,2
버티고개역,석촌역,36,15400,2
버티고개역,노들역,26,9900,2
버티고개역,선유도역,31,13200,2
버티고개역,한성백제역,40,17600,2
버티고개역,양천향교역,42,19800,2
버티고개역,흑석역,24,8800,2
버티고개역,공항시장역,47,23100,2
보라매공원역,제기동역,34,16500,1
보라매공원역,동묘앞역,30,14300,1
보라매공원역,신설동역,32,15400,1
보라매공원역,외대앞역,40,19800,1
보라매공원역,남영역,16,6600,1
보라매공원역,문래역,20,8800,1
보라매공원역,아현역,34,16500,1
보라매공원역,한양대역,40,17600,2
보라매공원역,잠실나루역,40,19800,1
보라매공원역,양천구청역,24,8800,2
보라매공원역,신정네거리역,26,9900,2
보라매공원역,독립문역,34,14300,2
보라매공원역,무악재역,36,15400,2
보라매공원역,금호역,36,15400,2
보라매공원역,옥수역,32,9900,2
보라매공원역,잠원역,28,11000,2
보라매공원역,한성대입구역,36,15400,2
보라매공원역,성신여대입구역,38,16500,2
보라매공원역,수유역,46,20900,2
보라매공원역,이촌역,22,6600,2
보라매공원역,동작역,19,8800,1
보라매공원역,마장역,42,18700,2
보라매공원역,애오개역,26,9900,2
보라매공원역,신금호역,36,15400,2
보라매공원역,아차산역,46,20900,2
보라매공원역,영등포시장역,18,5500,2
보라매공원역,방이역,52,27500,2
보라매공원역,보문역,38,16500,2
보라매공원역,창신역,36,15400,2
보라매공원역,효창공원앞역,22,6600,2
보라매공원역,광흥창역,34,14300,2
보라매공원역,월드컵경기장역,36,15400,2
보라매공원역,고려대역,42,18700,2
보라매공원역,공릉역,58,29700,1
보라매공원역,어린이대공원역,38,18700,1
보라매공원역,용마산역,44,22000,1
보라매공원역,자양역,34,16500,1
보라매공원역,하계역,60,30800,1
보라매공원역,남성역,16,6600,1
보라매공원역,암사역,50,23100,2
보라매공원역,몽촌토성역,44,19800,2
보라매공원역,강동구청역,46,20900,2
보라매공원역,송파역,46,20900,2
보라매공원역,석촌역,41,23100,1
보라매공원역,노들역,16,6600,1
보라매공원역,선유도역,19,8800,1
보라매공원역,한성백제역,45,25300,1
보라매공원역,양천향교역,29,15400,1
보라매공원역,흑석역,18,7700,1
보라매공원역,공항시장역,35,18700,1
보라매병원역,제기동역,36,17600,1
보라매병원역,동묘앞역,32,15400,1
보라매병원역,신설동역,34,16500,1
보라매병원역,외대앞역,42,20900,1
보라매병원역,남영역,18,7700,1
보라매병원역,문래역,18,7700,1
보라매병원역,아현역,32,15400,1
보라매병원역,한양대역,50,25300,1
보라매병원역,잠실나루역,38,18700,1
보라매병원역,양천구청역,24,8800,2
보라매병원역,신정네거리역,26,9900,2
보라매병원역,독립문역,36,15400,2
보라매병원역,무악재역,38,16500,2
보라매병원역,금호역,38,16500,2
보라매병원역,옥수역,34,11000,2
보라매병원역,잠원역,30,12100,2
보라매병원역,한성대입구역,38,16500,2
보라매병원역,성신여대입구역,40,17600,2
보라매병원역,수유역,48,22000,2
보라매병원역,이촌역,24,7700,2
보라매병원역,동작역,21,9900,1
보라매병원역,마장역,44,19800,2
보라매병원역,애오개역,28,11000,2
보라매병원역,신금호역,38,16500,2
보라매병원역,아차산역,48,22000,2
보라매병원역,영등포시장역,20,6600,2
보라매병원역,방이역,54,28600,2
보라매병원역,보문역,40,17600,2
보라매병원역,창신역,38,16500,2
보라매병원역,효창공원앞역,24,7700,2
보라매병원역,광흥창역,32,13200,2
보라매병원역,월드컵경기장역,34,14300,2
보라매병원역,고려대역,44,19800,2
보라매병원역,공릉역,60,30800,1
보라매병원역,어린이대공원역,40,19800,1
보라매병원역,용마산역,46,23100,1
보라매병원역,자양역,36,17600,1
보라매병원역,하계역,62,31900,1
보라매병원역,남성역,18,7700,1
보라매병원역,암사역,48,22000,2
보라매병원역,몽촌토성역,42,18700,2
보라매병원역,강동구청역,44,19800,2
보라매병원역,송파역,44,19800,2
보라매병원역,석촌역,43,24200,1
보라매병원역,노들역,18,7700,1
보라매병원역,선유도역,21,9900,1
보라매병원역,한성백제역,47,26400,1
보라매병원역,양천향교역,31,16500,1
보라매병원역,흑석역,20,8800,1
보라매병원역,공항시장역,37,19800,1
보라매역,제기동역,32,15400,1
보라매역,동묘앞역,28,13200,1
보라매역,신설동역,30,14300,1
보라매역,외대앞역,38,18700,1
보라매역,남영역,14,5500,1
보라매역,문래역,12,4400,1
보라매역,아현역,26,12100,1
보라매역,한양대역,40,19800,1
보라매역,잠실나루역,40,19800,1
보라매역,양천구청역,18,5500,2
보라매역,신정네거리역,20,6600,2
보라매역,독립문역,32,13200,2
보라매역,무악재역,34,14300,2
보라매역,금호역,30,14300,1
보라매역,옥수역,28,13200,1
보라매역,잠원역,22,9900,1
보라매역,한성대입구역,42,20900,1
보라매역,성신여대입구역,44,22000,1
보라매역,수유역,52,26400,1
보라매역,이촌역,20,8800,1
보라매역,동작역,17,7700,1
보라매역,마장역,44,22000,1
보라매역,애오개역,24,8800,2
보라매역,신금호역,34,14300,2
보라매역,아차산역,40,19800,1
보라매역,영등포시장역,16,4400,2
보라매역,방이역,52,26400,1
보라매역,보문역,36,15400,2
보라매역,창신역,34,14300,2
보라매역,효창공원앞역,20,5500,2
보라매역,광흥창역,26,9900,2
보라매역,월드컵경기장역,28,11000,2
보라매역,고려대역,40,17600,2
보라매역,공릉역,52,28600,0
보라매역,어린이대공원역,32,17600,0
보라매역,용마산역,38,20900,0
보라매역,자양역,28,15400,0
보라매역,하계역,54,29700,0
보라매역,남성역,10,5500,0
보라매역,암사역,50,23100,2
보라매역,몽촌토성역,45,22000,2
보라매역,강동구청역,47,23100,2
보라매역,송파역,43,20900,2
보라매역,석촌역,37,19800,1
보라매역,노들역,14,5500,1
보라매역,선유도역,17,7700,1
보라매역,한성백제역,41,22000,1
보라매역,양천향교역,27,14300,1
보라매역,흑석역,16,6600,1
보라매역,공항시장역,33,17600,1
보문역,제기동역,8,2200,1
보문역,동묘앞역,4,2200,0
보문역,신설동역,2,1100,0
보문역,외대앞역,14,5500,1
보문역,남영역,22,9900,1
보문역,문래역,38,18700,1
보문역,아현역,24,11000,1
보문역,한양대역,16,6600,1
보문역,잠실나루역,28,13200,1
보문역,양천구청역,42,18700,2
보문역,신정네거리역,44,19800,2
보문역,독립문역,28,13200,1
보문역,무악재역,30,14300,1
보문역,금호역,16,6600,1
보문역,옥수역,18,7700,1
보문역,잠원역,24,11000,1
보문역,한성대입구역,8,2200,1
보문역,성신여대입구역,2,1100,0
보문역,수유역,14,5500,1
보문역,이촌역,28,13200,1
보문역,동작역,30,14300,1
보문역,마장역,20,8800,1
보문역,애오개역,26,12100,1
보문역,신금호역,14,5500,1
보문역,아차산역,28,13200,1
보문역,영등포시장역,38,18700,1
보문역,방이역,40,19800,1
보문역,보문역,0,0,0
보문역,창신역,2,1100,0
보문역,효창공원앞역,22,12100,0
보문역,광흥창역,28,15400,0
보문역,월드컵경기장역,38,20900,0
보문역,고려대역,4,2200,0
보문역,공릉역,20,8800,1
보문역,어린이대공원역,36,17600,1
보문역,용마산역,30,14300,1
보문역,자양역,28,11000,2
보문역,하계역,22,9900,1
보문역,남성역,36,15400,2
보문역,암사역,38,16500,2
보문역,몽촌토성역,36,15400,2
보문역,강동구청역,38,16500,2
보문역,송파역,38,16500,2
보문역,석촌역,36,15400,2
보문역,노들역,32,13200,2
보문역,선유도역,39,17600,2
보문역,한성백제역,44,19800,2
보문역,양천향교역,49,24200,2
보문역,흑석역,34,14300,2
보문역,공항시장역,54,27500,2
복정역,제기동역,38,15400,1
복정역,동묘앞역,42,17600,1
복정역,신설동역,40,16500,1
복정역,외대앞역,40,16500,1
복정역,남영역,56,25300,1
복정역,문래역,52,24200,1
복정역,아현역,50,25300,1
복정역,한양대역,30,14300,1
복정역,잠실나루역,18,7700,1
복정역,양천구청역,58,25300,2
복정역,신정네거리역,60,26400,2
복정역,독립문역,52,26400,1
복정역,무악재역,54,27500,1
복정역,금호역,36,17600,1
복정역,옥수역,34,16500,1
복정역,잠원역,28,13200,1
복정역,한성대입구역,48,22000,2
복정역,성신여대입구역,48,18700,2
복정역,수유역,58,27500,2
복정역,이촌역,50,18700,1
복정역,동작역,36,16500,1
복정역,마장역,34,16500,1
복정역,애오개역,54,24200,1
복정역,신금호역,38,15400,1
복정역,아차산역,26,12100,1
복정역,영등포시장역,52,24200,2
복정역,방이역,18,5500,2
복정역,보문역,46,20900,2
복정역,창신역,44,19800,2
복정역,효창공원앞역,56,20900,1
복정역,광흥창역,60,28600,2
복정역,월드컵경기장역,68,30800,2
복정역,고려대역,50,23100,2
복정역,공릉역,54,25300,1
복정역,어린이대공원역,34,14300,1
복정역,용마산역,40,17600,1
복정역,자양역,30,12100,1
복정역,하계역,56,26400,1
복정역,남성역,40,17600,1
복정역,암사역,20,11000,0
복정역,몽촌토성역,14,7700,0
복정역,강동구청역,16,8800,0
복정역,송파역,8,4400,0
복정역,석촌역,10,5500,0
복정역,노들역,40,18700,1
복정역,선유도역,50,25300,1
복정역,한성백제역,18,7700,1
복정역,양천향교역,60,31900,1
복정역,흑석역,38,17600,1
복정역,공항시장역,65,35200,1
봉은사역,제기동역,27,8800,2
봉은사역,동묘앞역,31,11000,2
봉은사역,신설동역,29,9900,2
봉은사역,외대앞역,29,9900,2
봉은사역,남영역,28,15400,1
봉은사역,문래역,35,19800,1
봉은사역,아현역,41,23100,1
봉은사역,한양대역,24,11000,1
봉은사역,잠실나루역,12,4400,1
봉은사역,양천구청역,40,19800,2
봉은사역,신정네거리역,42,20900,2
봉은사역,독립문역,40,20900,1
봉은사역,무악재역,42,22000,1
봉은사역,금호역,24,12100,1
봉은사역,옥수역,22,11000,1
봉은사역,잠원역,16,7700,1
봉은사역,한성대입구역,43,23100,1
봉은사역,성신여대입구역,45,24200,1
봉은사역,수유역,53,28600,1
봉은사역,이촌역,21,11000,1
봉은사역,동작역,15,9900,0
봉은사역,마장역,25,7700,2
봉은사역,애오개역,36,19800,1
봉은사역,신금호역,27,8800,2
봉은사역,아차산역,26,13200,1
봉은사역,영등포시장역,32,17600,1
봉은사역,방이역,18,8800,1
봉은사역,보문역,40,17600,2
봉은사역,창신역,38,16500,2
봉은사역,효창공원앞역,33,13200,2
봉은사역,광흥창역,37,17600,2
봉은사역,월드컵경기장역,43,22000,2
봉은사역,고려대역,44,19800,2
봉은사역,공릉역,43,18700,2
봉은사역,어린이대공원역,23,7700,2
봉은사역,용마산역,29,11000,2
봉은사역,자양역,19,5500,2
봉은사역,하계역,45,19800,2
봉은사역,남성역,20,9900,1
봉은사역,암사역,21,9900,1
봉은사역,몽촌토성역,15,6600,1
봉은사역,강동구청역,17,7700,1
봉은사역,송파역,13,5500,1
봉은사역,석촌역,7,4400,0
봉은사역,노들역,19,12100,0
봉은사역,선유도역,29,18700,0
봉은사역,한성백제역,11,6600,0
봉은사역,양천향교역,39,25300,0
봉은사역,흑석역,17,11000,0
봉은사역,공항시장역,45,28600,0
봉천역,제기동역,44,22000,1
봉천역,동묘앞역,40,19800,1
봉천역,신설동역,42,20900,1
봉천역,외대앞역,50,25300,1
봉천역,남영역,26,12100,1
봉천역,문래역,12,6600,0
봉천역,아현역,26,14300,0
봉천역,한양대역,40,22000,0
봉천역,잠실나루역,28,15400,0
봉천역,양천구청역,18,7700,1
봉천역,신정네거리역,20,8800,1
봉천역,독립문역,44,22000,1
봉천역,무악재역,46,23100,1
봉천역,금호역,28,13200,1
봉천역,옥수역,26,12100,1
봉천역,잠원역,20,8800,1
봉천역,한성대입구역,38,18700,1
봉천역,성신여대입구역,40,19800,1
봉천역,수유역,48,24200,1
봉천역,이촌역,16,6600,1
봉천역,동작역,14,5500,1
봉천역,마장역,48,24200,1
봉천역,애오개역,32,15400,1
봉천역,신금호역,46,23100,1
봉천역,아차산역,44,19800,2
봉천역,영등포시장역,20,8800,1
봉천역,방이역,42,19800,2
봉천역,보문역,50,25300,1
봉천역,창신역,48,24200,1
봉천역,효창공원앞역,32,15400,1
봉천역,광흥창역,26,12100,1
봉천역,월드컵경기장역,28,13200,1
봉천역,고려대역,54,27500,1
봉천역,공릉역,60,30800,1
봉천역,어린이대공원역,40,19800,1
봉천역,용마산역,46,23100,1
봉천역,자양역,40,19800,1
봉천역,하계역,62,31900,1
봉천역,남성역,26,12100,1
봉천역,암사역,38,18700,1
봉천역,몽촌토성역,32,15400,1
봉천역,강동구청역,34,16500,1
봉천역,송파역,34,16500,1
봉천역,석촌역,31,15400,1
봉천역,노들역,29,14300,1
봉천역,선유도역,22,9900,1
봉천역,한성백제역,35,17600,1
봉천역,양천향교역,32,16500,1
봉천역,흑석역,20,6600,2
봉천역,공항시장역,38,19800,1
봉화산역,제기동역,20,8800,1
봉화산역,동묘앞역,22,12100,0
봉화산역,신설동역,22,9900,1
봉화산역,외대앞역,14,5500,1
봉화산역,남영역,38,18700,1
봉화산역,문래역,56,28600,1
봉화산역,아현역,42,20900,1
봉화산역,한양대역,34,16500,1
봉화산역,잠실나루역,46,23100,1
봉화산역,양천구청역,58,27500,2
봉화산역,신정네거리역,60,28600,2
봉화산역,독립문역,46,23100,1
봉화산역,무악재역,48,24200,1
봉화산역,금호역,34,16500,1
봉화산역,옥수역,36,17600,1
봉화산역,잠원역,42,20900,1
봉화산역,한성대입구역,30,12100,2
봉화산역,성신여대입구역,24,11000,1
봉화산역,수유역,26,9900,2
봉화산역,이촌역,46,23100,1
봉화산역,동작역,48,24200,1
봉화산역,마장역,38,18700,1
봉화산역,애오개역,44,22000,1
봉화산역,신금호역,32,15400,1
봉화산역,아차산역,30,12100,2
봉화산역,영등포시장역,56,28600,1
봉화산역,방이역,42,18700,2
봉화산역,보문역,18,9900,0
봉화산역,창신역,20,11000,0
봉화산역,효창공원앞역,40,22000,0
봉화산역,광흥창역,46,25300,0
봉화산역,월드컵경기장역,56,30800,0
봉화산역,고려대역,14,7700,0
봉화산역,공릉역,10,3300,1
봉화산역,어린이대공원역,26,12100,1
봉화산역,용마산역,20,8800,1
봉화산역,자양역,30,14300,1
봉화산역,하계역,12,4400,1
봉화산역,남성역,48,24200,1
봉화산역,암사역,40,15400,3
봉화산역,몽촌토성역,42,16500,3
봉화산역,강동구청역,40,15400,3
봉화산역,송파역,56,26400,2
봉화산역,석촌역,54,25300,2
봉화산역,노들역,48,22000,2
봉화산역,선유도역,55,26400,2
봉화산역,한성백제역,46,18700,3
봉화산역,양천향교역,65,33000,2
봉화산역,흑석역,50,23100,2
봉화산역,공항시장역,70,36300,2
북한산보국문역,제기동역,14,5500,1
북한산보국문역,동묘앞역,14,5500,1
북한산보국문역,신설동역,8,4400,0
북한산보국문역,외대앞역,20,8800,1
북한산보국문역,남영역,28,13200,1
북한산보국문역,문래역,46,20900,2
북한산보국문역,아현역,32,13200,2
북한산보국문역,한양대역,26,9900,2
북한산보국문역,잠실나루역,32,13200,2
북한산보국문역,양천구청역,48,22000,2
북한산보국문역,신정네거리역,50,23100,2
북한산보국문역,독립문역,30,12100,2
북한산보국문역,무악재역,32,13200,2
북한산보국문역,금호역,26,9900,2
북한산보국문역,옥수역,28,11000,2
북한산보국문역,잠원역,34,14300,2
북한산보국문역,한성대입구역,10,3300,1
북한산보국문역,성신여대입구역,4,2200,0
북한산보국문역,수유역,16,6600,1
북한산보국문역,이촌역,32,15400,1
북한산보국문역,동작역,34,16500,1
북한산보국문역,마장역,30,12100,2
북한산보국문역,애오개역,32,13200,2
북한산보국문역,신금호역,24,8800,2
북한산보국문역,아차산역,38,16500,2
북한산보국문역,영등포시장역,42,18700,2
북한산보국문역,방이역,50,23100,2
북한산보국문역,보문역,6,3300,0
북한산보국문역,창신역,12,4400,1
북한산보국문역,효창공원앞역,32,15400,1
북한산보국문역,광흥창역,38,18700,1
북한산보국문역,월드컵경기장역,48,24200,1
북한산보국문역,고려대역,14,5500,1
북한산보국문역,공릉역,30,12100,2
북한산보국문역,어린이대공원역,32,11000,3
북한산보국문역,용마산역,40,17600,2
북한산보국문역,자양역,32,11000,3
북한산보국문역,하계역,30,12100,2
북한산보국문역,남성역,42,18700,2
북한산보국문역,암사역,46,18700,3
북한산보국문역,몽촌토성역,40,15400,3
북한산보국문역,강동구청역,42,16500,3
북한산보국문역,송파역,42,16500,3
북한산보국문역,석촌역,40,15400,3
북한산보국문역,노들역,38,16500,2
북한산보국문역,선유도역,45,20900,2
북한산보국문역,한성백제역,52,20900,3
북한산보국문역,양천향교역,55,27500,2
북한산보국문역,흑석역,40,17600,2
북한산보국문역,공항시장역,60,30800,2
북한산우이역,제기동역,30,14300,1
북한산우이역,동묘앞역,30,14300,1
북한산우이역,신설동역,24,13200,0
북한산우이역,외대앞역,36,17600,1
북한산우이역,남영역,44,22000,1
북한산우이역,문래역,62,29700,2
북한산우이역,아현역,48,22000,2
북한산우이역,한양대역,42,18700,2
북한산우이역,잠실나루역,48,22000,2
북한산우이역,양천구청역,64,30800,2
북한산우이역,신정네거리역,66,31900,2
북한산우이역,독립문역,46,20900,2
북한산우이역,무악재역,48,22000,2
북한산우이역,금호역,42,18700,2
북한산우이역,옥수역,44,19800,2
북한산우이역,잠원역,50,23100,2
북한산우이역,한성대입구역,26,12100,1
북한산우이역,성신여대입구역,20,11000,0
북한산우이역,수유역,32,15400,1
북한산우이역,이촌역,48,24200,1
북한산우이역,동작역,50,25300,1
북한산우이역,마장역,46,20900,2
북한산우이역,애오개역,48,22000,2
북한산우이역,신금호역,40,17600,2
북한산우이역,아차산역,54,25300,2
북한산우이역,영등포시장역,58,27500,2
북한산우이역,방이역,66,31900,2
북한산우이역,보문역,22,12100,0
북한산우이역,창신역,28,13200,1
북한산우이역,효창공원앞역,48,24200,1
북한산우이역,광흥창역,54,27500,1
북한산우이역,월드컵경기장역,64,33000,1
북한산우이역,고려대역,30,14300,1
북한산우이역,공릉역,46,20900,2
북한산우이역,어린이대공원역,48,19800,3
북한산우이역,용마산역,56,26400,2
북한산우이역,자양역,48,19800,3
북한산우이역,하계역,46,20900,2
북한산우이역,남성역,58,27500,2
북한산우이역,암사역,62,27500,3
북한산우이역,몽촌토성역,56,24200,3
북한산우이역,강동구청역,58,25300,3
북한산우이역,송파역,58,25300,3
북한산우이역,석촌역,56,24200,3
북한산우이역,노들역,54,25300,2
북한산우이역,선유도역,61,29700,2
북한산우이역,한성백제역,68,29700,3
북한산우이역,양천향교역,71,36300,2
북한산우이역,흑석역,56,26400,2
북한산우이역,공항시장역,76,39600,2
불광역,제기동역,28,13200,1
불광역,동묘앞역,24,11000,1
불광역,신설동역,26,12100,1
불광역,외대앞역,34,16500,1
불광역,남영역,26,12100,1
불광역,문래역,28,13200,1
불광역,아현역,28,13200,1
불광역,한양대역,32,15400,1
불광역,잠실나루역,44,22000,1
불광역,양천구청역,38,16500,2
불광역,신정네거리역,40,17600,2
불광역,독립문역,8,4400,0
불광역,무악재역,6,3300,0
불광역,금호역,24,13200,0
불광역,옥수역,26,14300,0
불광역,잠원역,32,17600,0
불광역,한성대입구역,30,14300,1
불광역,성신여대입구역,32,15400,1
불광역,수유역,40,19800,1
불광역,이촌역,36,13200,1
불광역,동작역,38,18700,1
불광역,마장역,32,15400,1
불광역,애오개역,26,12100,1
불광역,신금호역,26,12100,1
불광역,아차산역,40,19800,1
불광역,영등포시장역,38,18700,1
불광역,방이역,52,26400,1
불광역,보문역,36,17600,1
불광역,창신역,34,16500,1
불광역,효창공원앞역,28,15400,0
불광역,광흥창역,22,12100,0
불광역,월드컵경기장역,12,6600,0
불광역,고려대역,40,19800,1
불광역,공릉역,56,26400,2
불광역,어린이대공원역,44,19800,2
불광역,용마산역,46,20900,2
불광역,자양역,50,25300,1
불광역,하계역,54,25300,2
불광역,남성역,44,22000,1
불광역,암사역,50,23100,2
불광역,몽촌토성역,52,24200,2
불광역,강동구청역,50,23100,2
불광역,송파역,62,31900,1
불광역,석촌역,55,29700,1
불광역,노들역,36,15400,2
불광역,선유도역,30,12100,2
불광역,한성백제역,59,31900,1
불광역,양천향교역,28,7700,2
불광역,흑석역,45,23100,1
불광역,공항시장역,30,8800,2
불암산역,제기동역,28,13200,1
불암산역,동묘앞역,30,14300,1
불암산역,신설동역,26,12100,1
불암산역,외대앞역,22,9900,1
불암산역,남영역,40,19800,1
불암산역,문래역,56,28600,1
불암산역,아현역,42,20900,1
불암산역,한양대역,38,18700,1
불암산역,잠실나루역,50,25300,1
불암산역,양천구청역,60,28600,2
불암산역,신정네거리역,62,29700,2
불암산역,독립문역,42,20900,1
불암산역,무악재역,44,22000,1
불암산역,금호역,38,18700,1
불암산역,옥수역,40,19800,1
불암산역,잠원역,46,23100,1
불암산역,한성대입구역,20,11000,0
불암산역,성신여대입구역,18,9900,0
불암산역,수유역,10,5500,0
불암산역,이촌역,42,23100,0
불암산역,동작역,44,24200,0
불암산역,마장역,40,19800,1
불암산역,애오개역,42,20900,1
불암산역,신금호역,34,16500,1
불암산역,아차산역,38,16500,2
불암산역,영등포시장역,54,27500,1
불암산역,방이역,50,23100,2
불암산역,보문역,24,11000,1
불암산역,창신역,30,12100,2
불암산역,효창공원앞역,44,22000,1
불암산역,광흥창역,50,25300,1
불암산역,월드컵경기장역,60,30800,1
불암산역,고려대역,30,12100,2
불암산역,공릉역,14,5500,1
불암산역,어린이대공원역,34,16500,1
불암산역,용마산역,28,13200,1
불암산역,자양역,38,18700,1
불암산역,하계역,12,4400,1
불암산역,남성역,52,26400,1
불암산역,암사역,48,19800,3
불암산역,몽촌토성역,58,27500,2
불암산역,강동구청역,48,19800,3
불암산역,송파역,60,28600,2
불암산역,석촌역,58,27500,2
불암산역,노들역,52,26400,1
불암산역,선유도역,62,33000,1
불암산역,한성백제역,54,23100,3
불암산역,양천향교역,72,39600,1
불암산역,흑석역,50,25300,1
불암산역,공항시장역,78,42900,1
사가정역,제기동역,24,6600,2
사가정역,동묘앞역,32,15400,1
사가정역,신설동역,26,7700,2
사가정역,외대앞역,22,5500,2
사가정역,남영역,42,16500,2
사가정역,문래역,52,26400,1
사가정역,아현역,40,19800,1
사가정역,한양대역,20,8800,1
사가정역,잠실나루역,20,8800,1
사가정역,양천구청역,58,27500,2
사가정역,신정네거리역,60,28600,2
사가정역,독립문역,40,17600,2
사가정역,무악재역,42,18700,2
사가정역,금호역,38,18700,1
사가정역,옥수역,28,8800,1
사가정역,잠원역,30,14300,1
사가정역,한성대입구역,38,18700,1
사가정역,성신여대입구역,36,17600,1
사가정역,수유역,28,13200,1
사가정역,이촌역,36,12100,1
사가정역,동작역,33,16500,1
사가정역,마장역,16,6600,1
사가정역,애오개역,38,18700,1
사가정역,신금호역,22,9900,1
사가정역,아차산역,12,4400,1
사가정역,영등포시장역,50,25300,1
사가정역,방이역,24,11000,1
사가정역,보문역,28,13200,1
사가정역,창신역,30,14300,1
사가정역,효창공원앞역,42,14300,1
사가정역,광흥창역,56,28600,1
사가정역,월드컵경기장역,66,34100,1
사가정역,고려대역,24,11000,1
사가정역,공릉역,12,6600,0
사가정역,어린이대공원역,8,4400,0
사가정역,용마산역,2,1100,0
사가정역,자양역,12,6600,0
사가정역,하계역,14,7700,0
사가정역,남성역,30,16500,0
사가정역,암사역,22,7700,2
사가정역,몽촌토성역,24,8800,2
사가정역,강동구청역,22,7700,2
사가정역,송파역,30,12100,2
사가정역,석촌역,28,11000,2
사가정역,노들역,37,18700,1
사가정역,선유도역,47,25300,1
사가정역,한성백제역,28,11000,2
사가정역,양천향교역,57,31900,1
사가정역,흑석역,35,17600,1
사가정역,공항시장역,63,35200,1
사당역,제기동역,34,16500,1
사당역,동묘앞역,30,14300,1
사당역,신설동역,32,15400,1
사당역,외대앞역,40,19800,1
사당역,남영역,20,8800,1
사당역,문래역,18,9900,0
사당역,아현역,32,17600,0
사당역,한양대역,34,18700,0
사당역,잠실나루역,22,12100,0
사당역,양천구청역,24,11000,1
사당역,신정네거리역,26,12100,1
사당역,독립문역,34,16500,1
사당역,무악재역,36,17600,1
사당역,금호역,22,9900,1
사당역,옥수역,20,6600,1
사당역,잠원역,14,5500,1
사당역,한성대입구역,28,15400,0
사당역,성신여대입구역,30,16500,0
사당역,수유역,38,20900,0
사당역,이촌역,6,3300,0
사당역,동작역,4,2200,0
사당역,마장역,36,17600,1
사당역,애오개역,24,8800,2
사당역,신금호역,30,14300,1
사당역,아차산역,34,14300,2
사당역,영등포시장역,26,12100,1
사당역,방이역,36,16500,2
사당역,보문역,34,16500,1
사당역,창신역,32,15400,1
사당역,효창공원앞역,18,5500,1
사당역,광흥창역,22,9900,1
사당역,월드컵경기장역,32,15400,1
사당역,고려대역,38,18700,1
사당역,공릉역,46,23100,1
사당역,어린이대공원역,26,12100,1
사당역,용마산역,32,15400,1
사당역,자양역,22,9900,1
사당역,하계역,48,24200,1
사당역,남성역,8,2200,1
사당역,암사역,32,15400,1
사당역,몽촌토성역,26,12100,1
사당역,강동구청역,28,13200,1
사당역,송파역,28,13200,1
사당역,석촌역,25,12100,1
사당역,노들역,12,4400,1
사당역,선유도역,22,11000,1
사당역,한성백제역,29,14300,1
사당역,양천향교역,32,17600,1
사당역,흑석역,10,3300,1
사당역,공항시장역,38,20900,1
사평역,제기동역,29,9900,2
사평역,동묘앞역,34,17600,1
사평역,신설동역,36,18700,1
사평역,외대앞역,31,11000,2
사평역,남영역,20,9900,1
사평역,문래역,27,14300,1
사평역,아현역,33,17600,1
사평역,한양대역,32,16500,1
사평역,잠실나루역,20,9900,1
사평역,양천구청역,32,14300,2
사평역,신정네거리역,34,15400,2
사평역,독립문역,32,15400,1
사평역,무악재역,34,16500,1
사평역,금호역,16,6600,1
사평역,옥수역,14,5500,1
사평역,잠원역,8,2200,1
사평역,한성대입구역,35,17600,1
사평역,성신여대입구역,37,18700,1
사평역,수유역,45,23100,1
사평역,이촌역,13,5500,1
사평역,동작역,7,4400,0
사평역,마장역,27,8800,2
사평역,애오개역,28,14300,1
사평역,신금호역,29,9900,2
사평역,아차산역,35,18700,1
사평역,영등포시장역,24,12100,1
사평역,방이역,27,14300,1
사평역,보문역,32,13200,2
사평역,창신역,30,12100,2
사평역,효창공원앞역,25,7700,2
사평역,광흥창역,29,12100,2
사평역,월드컵경기장역,35,16500,2
사평역,고려대역,36,15400,2
사평역,공릉역,42,20900,1
사평역,어린이대공원역,22,9900,1
사평역,용마산역,28,13200,1
사평역,자양역,18,7700,1
사평역,하계역,44,22000,1
사평역,남성역,12,4400,1
사평역,암사역,30,15400,1
사평역,몽촌토성역,24,12100,1
사평역,강동구청역,26,13200,1
사평역,송파역,22,11000,1
사평역,석촌역,16,9900,0
사평역,노들역,11,6600,0
사평역,선유도역,21,13200,0
사평역,한성백제역,20,12100,0
사평역,양천향교역,31,19800,0
사평역,흑석역,9,5500,0
사평역,공항시장역,37,23100,0
삼각지역,제기동역,24,11000,1
삼각지역,동묘앞역,16,8800,0
삼각지역,신설동역,22,9900,1
삼각지역,외대앞역,30,14300,1
삼각지역,남영역,10,3300,1
삼각지역,문래역,22,9900,1
삼각지역,아현역,24,11000,1
삼각지역,한양대역,24,11000,1
삼각지역,잠실나루역,36,17600,1
삼각지역,양천구청역,30,12100,2
삼각지역,신정네거리역,32,13200,2
삼각지역,독립문역,24,11000,1
삼각지역,무악재역,26,12100,1
삼각지역,금호역,16,6600,1
삼각지역,옥수역,18,5500,1
삼각지역,잠원역,24,11000,1
삼각지역,한성대입구역,18,9900,0
삼각지역,성신여대입구역,20,11000,0
삼각지역,수유역,28,15400,0
삼각지역,이촌역,4,2200,0
삼각지역,동작역,6,3300,0
삼각지역,마장역,24,11000,1
삼각지역,애오개역,10,3300,1
삼각지역,신금호역,18,7700,1
삼각지역,아차산역,32,15400,1
삼각지역,영등포시장역,18,7700,1
삼각지역,방이역,44,22000,1
삼각지역,보문역,20,11000,0
삼각지역,창신역,18,9900,0
삼각지역,효창공원앞역,2,1100,0
삼각지역,광흥창역,8,4400,0
삼각지역,월드컵경기장역,18,9900,0
삼각지역,고려대역,24,13200,0
삼각지역,공릉역,40,19800,1
삼각지역,어린이대공원역,32,15400,1
삼각지역,용마산역,38,18700,1
삼각지역,자양역,28,13200,1
삼각지역,하계역,42,20900,1
삼각지역,남성역,14,5500,1
삼각지역,암사역,42,18700,2
삼각지역,몽촌토성역,40,17600,2
삼각지역,강동구청역,42,18700,2
삼각지역,송파역,38,18700,2
삼각지역,석촌역,32,17600,1
삼각지역,노들역,14,5500,1
삼각지역,선유도역,24,12100,1
삼각지역,한성백제역,36,19800,1
삼각지역,양천향교역,34,18700,1
삼각지역,흑석역,12,4400,1
삼각지역,공항시장역,40,22000,1
삼성역,제기동역,28,8800,2
삼성역,동묘앞역,32,15400,1
삼성역,신설동역,28,13200,1
삼성역,외대앞역,30,9900,2
삼성역,남영역,44,22000,1
삼성역,문래역,32,17600,0
삼성역,아현역,40,22000,0
삼성역,한양대역,20,11000,0
삼성역,잠실나루역,8,4400,0
삼성역,양천구청역,38,18700,1
삼성역,신정네거리역,40,19800,1
삼성역,독립문역,40,19800,1
삼성역,무악재역,42,20900,1
삼성역,금호역,24,11000,1
삼성역,옥수역,22,9900,1
삼성역,잠원역,16,6600,1
삼성역,한성대입구역,38,18700,1
삼성역,성신여대입구역,40,19800,1
삼성역,수유역,48,24200,1
삼성역,이촌역,24,11000,1
삼성역,동작역,22,9900,1
삼성역,마장역,28,13200,1
삼성역,애오개역,44,22000,1
삼성역,신금호역,30,14300,1
삼성역,아차산역,24,8800,2
삼성역,영등포시장역,40,19800,1
삼성역,방이역,22,8800,2
삼성역,보문역,36,17600,1
삼성역,창신역,34,16500,1
삼성역,효창공원앞역,36,13200,2
삼성역,광흥창역,46,23100,1
삼성역,월드컵경기장역,48,24200,1
삼성역,고려대역,40,19800,1
삼성역,공릉역,40,19800,1
삼성역,어린이대공원역,20,8800,1
삼성역,용마산역,26,12100,1
삼성역,자양역,20,8800,1
삼성역,하계역,42,20900,1
삼성역,남성역,24,8800,2
삼성역,암사역,18,7700,1
삼성역,몽촌토성역,12,4400,1
삼성역,강동구청역,14,5500,1
삼성역,송파역,14,5500,1
삼성역,석촌역,11,4400,1
삼성역,노들역,27,14300,1
삼성역,선유도역,37,20900,1
삼성역,한성백제역,15,6600,1
삼성역,양천향교역,47,27500,1
삼성역,흑석역,25,13200,1
삼성역,공항시장역,52,30800,1
삼성중앙역,제기동역,26,7700,2
삼성중앙역,동묘앞역,30,9900,2
삼성중앙역,신설동역,28,8800,2
삼성중앙역,외대앞역,28,8800,2
삼성중앙역,남영역,27,14300,1
삼성중앙역,문래역,34,18700,1
삼성중앙역,아현역,40,22000,1
삼성중앙역,한양대역,26,12100,1
삼성중앙역,잠실나루역,14,5500,1
삼성중앙역,양천구청역,39,18700,2
삼성중앙역,신정네거리역,41,19800,2
삼성중앙역,독립문역,39,19800,1
삼성중앙역,무악재역,41,20900,1
삼성중앙역,금호역,23,11000,1
삼성중앙역,옥수역,21,9900,1
삼성중앙역,잠원역,15,6600,1
삼성중앙역,한성대입구역,42,22000,1
삼성중앙역,성신여대입구역,44,23100,1
삼성중앙역,수유역,52,27500,1
삼성중앙역,이촌역,20,9900,1
삼성중앙역,동작역,14,8800,0
삼성중앙역,마장역,24,6600,2
삼성중앙역,애오개역,34,18700,1
삼성중앙역,신금호역,26,7700,2
삼성중앙역,아차산역,28,14300,1
삼성중앙역,영등포시장역,30,16500,1
삼성중앙역,방이역,20,9900,1
삼성중앙역,보문역,39,17600,2
삼성중앙역,창신역,37,16500,2
삼성중앙역,효창공원앞역,31,12100,2
삼성중앙역,광흥창역,36,16500,2
삼성중앙역,월드컵경기장역,42,20900,2
삼성중앙역,고려대역,43,19800,2
삼성중앙역,공릉역,42,17600,2
삼성중앙역,어린이대공원역,22,6600,2
삼성중앙역,용마산역,28,9900,2
삼성중앙역,자양역,18,4400,2
삼성중앙역,하계역,44,18700,2
삼성중앙역,남성역,19,8800,1
삼성중앙역,암사역,23,11000,1
삼성중앙역,몽촌토성역,17,7700,1
삼성중앙역,강동구청역,19,8800,1
삼성중앙역,송파역,15,6600,1
삼성중앙역,석촌역,9,5500,0
삼성중앙역,노들역,18,11000,0
삼성중앙역,선유도역,28,17600,0
삼성중앙역,한성백제역,13,7700,0
삼성중앙역,양천향교역,38,24200,0
삼성중앙역,흑석역,16,9900,0
삼성중앙역,공항시장역,43,27500,0
삼양사거리역,제기동역,18,7700,1
삼양사거리역,동묘앞역,18,7700,1
삼양사거리역,신설동역,12,6600,0
삼양사거리역,외대앞역,24,11000,1
삼양사거리역,남영역,32,15400,1
삼양사거리역,문래역,50,23100,2
삼양사거리역,아현역,36,15400,2
삼양사거리역,한양대역,30,12100,2
삼양사거리역,잠실나루역,36,15400,2
삼양사거리역,양천구청역,52,24200,2
삼양사거리역,신정네거리역,54,25300,2
삼양사거리역,독립문역,34,14300,2
삼양사거리역,무악재역,36,15400,2
삼양사거리역,금호역,30,12100,2
삼양사거리역,옥수역,32,13200,2
삼양사거리역,잠원역,38,16500,2
삼양사거리역,한성대입구역,14,5500,1
삼양사거리역,성신여대입구역,8,4400,0
삼양사거리역,수유역,20,8800,1
삼양사거리역,이촌역,36,17600,1
삼양사거리역,동작역,38,18700,1
삼양사거리역,마장역,34,14300,2
삼양사거리역,애오개역,36,15400,2
삼양사거리역,신금호역,28,11000,2
삼양사거리역,아차산역,42,18700,2
삼양사거리역,영등포시장역,46,20900,2
삼양사거리역,방이역,54,25300,2
삼양사거리역,보문역,10,5500,0
삼양사거리역,창신역,16,6600,1
삼양사거리역,효창공원앞역,36,17600,1
삼양사거리역,광흥창역,42,20900,1
삼양사거리역,월드컵경기장역,52,26400,1
삼양사거리역,고려대역,18,7700,1
삼양사거리역,공릉역,34,14300,2
삼양사거리역,어린이대공원역,36,13200,3
삼양사거리역,용마산역,44,19800,2
삼양사거리역,자양역,36,13200,3
삼양사거리역,하계역,34,14300,2
삼양사거리역,남성역,46,20900,2
삼양사거리역,암사역,50,20900,3
삼양사거리역,몽촌토성역,44,17600,3
삼양사거리역,강동구청역,46,18700,3
삼양사거리역,송파역,46,18700,3
삼양사거리역,석촌역,44,17600,3
삼양사거리역,노들역,42,18700,2
삼양사거리역,선유도역,49,23100,2
삼양사거리역,한성백제역,56,23100,3
삼양사거리역,양천향교역,59,29700,2
삼양사거리역,흑석역,44,19800,2
삼양사거리역,공항시장역,64,33000,2
삼양역,제기동역,20,8800,1
삼양역,동묘앞역,20,8800,1
삼양역,신설동역,14,7700,0
삼양역,외대앞역,26,12100,1
삼양역,남영역,34,16500,1
삼양역,문래역,52,24200,2
삼양역,아현역,38,16500,2
삼양역,한양대역,32,13200,2
삼양역,잠실나루역,38,16500,2
삼양역,양천구청역,54,25300,2
삼양역,신정네거리역,56,26400,2
삼양역,독립문역,36,15400,2
삼양역,무악재역,38,16500,2
삼양역,금호역,32,13200,2
삼양역,옥수역,34,14300,2
삼양역,잠원역,40,17600,2
삼양역,한성대입구역,16,6600,1
삼양역,성신여대입구역,10,5500,0
삼양역,수유역,22,9900,1
삼양역,이촌역,38,18700,1
삼양역,동작역,40,19800,1
삼양역,마장역,36,15400,2
삼양역,애오개역,38,16500,2
삼양역,신금호역,30,12100,2
삼양역,아차산역,44,19800,2
삼양역,영등포시장역,48,22000,2
삼양역,방이역,56,26400,2
삼양역,보문역,12,6600,0
삼양역,창신역,18,7700,1
삼양역,효창공원앞역,38,18700,1
삼양역,광흥창역,44,22000,1
삼양역,월드컵경기장역,54,27500,1
삼양역,고려대역,20,8800,1
삼양역,공릉역,36,15400,2
삼양역,어린이대공원역,38,14300,3
삼양역,용마산역,46,20900,2
삼양역,자양역,38,14300,3
삼양역,하계역,36,15400,2
삼양역,남성역,48,22000,2
삼양역,암사역,52,22000,3
삼양역,몽촌토성역,46,18700,3
삼양역,강동구청역,48,19800,3
삼양역,송파역,48,19800,3
삼양역,석촌역,46,18700,3
삼양역,노들역,44,19800,2
삼양역,선유도역,51,24200,2
삼양역,한성백제역,58,24200,3
삼양역,양천향교역,61,30800,2
삼양역,흑석역,46,20900,2
삼양역,공항시장역,66,34100,2
삼전역,제기동역,31,11000,2
삼전역,동묘앞역,35,13200,2
삼전역,신설동역,33,12100,2
삼전역,외대앞역,33,12100,2
삼전역,남영역,32,17600,1
삼전역,문래역,39,22000,1
삼전역,아현역,44,22000,1
삼전역,한양대역,24,11000,1
삼전역,잠실나루역,12,4400,1
삼전역,양천구청역,44,22000,2
삼전역,신정네거리역,46,23100,2
삼전역,독립문역,44,23100,1
삼전역,무악재역,46,24200,1
삼전역,금호역,28,14300,1
삼전역,옥수역,26,13200,1
삼전역,잠원역,20,9900,1
삼전역,한성대입구역,47,25300,1
삼전역,성신여대입구역,49,26400,1
삼전역,수유역,57,30800,1
삼전역,이촌역,25,13200,1
삼전역,동작역,19,12100,0
삼전역,마장역,31,15400,1
삼전역,애오개역,40,22000,1
삼전역,신금호역,37,18700,1
삼전역,아차산역,23,11000,1
삼전역,영등포시장역,36,19800,1
삼전역,방이역,15,6600,1
삼전역,보문역,40,17600,2
삼전역,창신역,38,16500,2
삼전역,효창공원앞역,36,15400,2
삼전역,광흥창역,41,19800,2
삼전역,월드컵경기장역,47,24200,2
삼전역,고려대역,44,19800,2
삼전역,공릉역,44,19800,2
삼전역,어린이대공원역,24,8800,2
삼전역,용마산역,30,12100,2
삼전역,자양역,23,7700,2
삼전역,하계역,46,20900,2
삼전역,남성역,24,12100,1
삼전역,암사역,18,7700,1
삼전역,몽촌토성역,12,4400,1
삼전역,강동구청역,14,5500,1
삼전역,송파역,10,3300,1
삼전역,석촌역,4,2200,0
삼전역,노들역,23,14300,0
삼전역,선유도역,33,20900,0
삼전역,한성백제역,8,4400,0
삼전역,양천향교역,43,27500,0
삼전역,흑석역,21,13200,0
삼전역,공항시장역,48,30800,0
상계역,제기동역,26,12100,1
상계역,동묘앞역,28,13200,1
상계역,신설동역,24,11000,1
상계역,외대앞역,20,8800,1
상계역,남영역,38,18700,1
상계역,문래역,54,27500,1
상계역,아현역,40,19800,1
상계역,한양대역,36,17600,1
상계역,잠실나루역,48,24200,1
상계역,양천구청역,58,27500,2
상계역,신정네거리역,60,28600,2
상계역,독립문역,40,19800,1
상계역,무악재역,42,20900,1
상계역,금호역,36,17600,1
상계역,옥수역,38,18700,1
상계역,잠원역,44,22000,1
상계역,한성대입구역,18,9900,0
상계역,성신여대입구역,16,8800,0
상계역,수유역,8,4400,0
상계역,이촌역,40,22000,0
상계역,동작역,42,23100,0
상계역,마장역,38,18700,1
상계역,애오개역,40,19800,1
상계역,신금호역,32,15400,1
상계역,아차산역,36,15400,2
상계역,영등포시장역,52,26400,1
상계역,방이역,48,22000,2
상계역,보문역,22,9900,1
상계역,창신역,28,11000,2
상계역,효창공원앞역,42,20900,1
상계역,광흥창역,48,24200,1
상계역,월드컵경기장역,58,29700,1
상계역,고려대역,28,11000,2
상계역,공릉역,12,4400,1
상계역,어린이대공원역,32,15400,1
상계역,용마산역,26,12100,1
상계역,자양역,36,17600,1
상계역,하계역,10,3300,1
상계역,남성역,50,25300,1
상계역,암사역,46,18700,3
상계역,몽촌토성역,56,26400,2
상계역,강동구청역,46,18700,3
상계역,송파역,58,27500,2
상계역,석촌역,56,26400,2
상계역,노들역,50,25300,1
상계역,선유도역,60,31900,1
상계역,한성백제역,52,22000,3
상계역,양천향교역,70,38500,1
상계역,흑석역,48,24200,1
상계역,공항시장역,76,41800,1
상도역,제기동역,40,15400,2
상도역,동묘앞역,36,15400,2
상도역,신설동역,40,17600,2
상도역,외대앞역,42,16500,2
상도역,남영역,24,8800,2
상도역,문래역,18,7700,1
상도역,아현역,32,15400,1
상도역,한양대역,34,16500,1
상도역,잠실나루역,34,16500,1
상도역,양천구청역,24,8800,2
상도역,신정네거리역,26,9900,2
상도역,독립문역,40,19800,1
상도역,무악재역,42,20900,1
상도역,금호역,24,11000,1
상도역,옥수역,22,9900,1
상도역,잠원역,16,6600,1
상도역,한성대입구역,36,17600,1
상도역,성신여대입구역,38,18700,1
상도역,수유역,46,23100,1
상도역,이촌역,14,5500,1
상도역,동작역,12,4400,1
상도역,마장역,38,18700,1
상도역,애오개역,38,16500,2
상도역,신금호역,44,22000,1
상도역,아차산역,34,16500,1
상도역,영등포시장역,26,9900,2
상도역,방이역,46,23100,1
상도역,보문역,40,17600,2
상도역,창신역,38,16500,2
상도역,효창공원앞역,26,7700,2
상도역,광흥창역,30,12100,2
상도역,월드컵경기장역,34,14300,2
상도역,고려대역,44,19800,2
상도역,공릉역,46,25300,0
상도역,어린이대공원역,26,14300,0
상도역,용마산역,32,17600,0
상도역,자양역,22,12100,0
상도역,하계역,48,26400,0
상도역,남성역,4,2200,0
상도역,암사역,44,19800,2
상도역,몽촌토성역,39,18700,2
상도역,강동구청역,41,19800,2
상도역,송파역,37,17600,2
상도역,석촌역,31,16500,1
상도역,노들역,23,11000,1
상도역,선유도역,33,17600,1
상도역,한성백제역,35,18700,1
상도역,양천향교역,43,24200,1
상도역,흑석역,21,9900,1
상도역,공항시장역,49,27500,1
상봉역,제기동역,14,4400,1
상봉역,동묘앞역,18,6600,1
상봉역,신설동역,16,5500,1
상봉역,외대앞역,12,3300,1
상봉역,남영역,32,14300,1
상봉역,문래역,48,22000,1
상봉역,아현역,34,14300,1
상봉역,한양대역,18,5500,1
상봉역,잠실나루역,24,11000,1
상봉역,양천구청역,52,23100,2
상봉역,신정네거리역,54,24200,2
상봉역,독립문역,40,16500,1
상봉역,무악재역,42,17600,1
상봉역,금호역,24,7700,1
상봉역,옥수역,18,6600,0
상봉역,잠원역,28,9900,1
상봉역,한성대입구역,34,16500,1
상봉역,성신여대입구역,32,15400,1
상봉역,수유역,24,11000,1
상봉역,이촌역,27,9900,0
상봉역,동작역,33,11000,1
상봉역,마장역,18,5500,1
상봉역,애오개역,36,15400,1
상봉역,신금호역,20,6600,1
상봉역,아차산역,16,6600,1
상봉역,영등포시장역,48,22000,1
상봉역,방이역,28,13200,1
상봉역,보문역,24,11000,1
상봉역,창신역,26,12100,1
상봉역,효창공원앞역,33,12100,0
상봉역,광흥창역,43,15400,1
상봉역,월드컵경기장역,53,20900,1
상봉역,고려대역,20,8800,1
상봉역,공릉역,8,4400,0
상봉역,어린이대공원역,12,6600,0
상봉역,용마산역,6,3300,0
상봉역,자양역,16,8800,0
상봉역,하계역,10,5500,0
상봉역,남성역,34,18700,0
상봉역,암사역,26,9900,2
상봉역,몽촌토성역,28,11000,2
상봉역,강동구청역,26,9900,2
상봉역,송파역,34,14300,2
상봉역,석촌역,32,13200,2
상봉역,노들역,41,20900,1
상봉역,선유도역,51,27500,1
상봉역,한성백제역,32,13200,2
상봉역,양천향교역,61,34100,1
상봉역,흑석역,39,19800,1
상봉역,공항시장역,67,37400,1
상수역,제기동역,34,16500,1
상수역,동묘앞역,26,14300,0
상수역,신설동역,32,15400,1
상수역,외대앞역,40,19800,1
상수역,남영역,22,6600,2
상수역,문래역,12,4400,1
상수역,아현역,14,5500,1
상수역,한양대역,34,16500,1
상수역,잠실나루역,46,23100,1
상수역,양천구청역,22,7700,2
상수역,신정네거리역,24,8800,2
상수역,독립문역,32,15400,1
상수역,무악재역,30,14300,1
상수역,금호역,26,12100,1
상수역,옥수역,28,9900,1
상수역,잠원역,34,16500,1
상수역,한성대입구역,32,15400,1
상수역,성신여대입구역,34,16500,1
상수역,수유역,42,20900,1
상수역,이촌역,20,6600,1
상수역,동작역,20,8800,1
상수역,마장역,34,16500,1
상수역,애오개역,12,4400,1
상수역,신금호역,28,13200,1
상수역,아차산역,42,20900,1
상수역,영등포시장역,20,8800,1
상수역,방이역,54,27500,1
상수역,보문역,30,16500,0
상수역,창신역,28,15400,0
상수역,효창공원앞역,8,4400,0
상수역,광흥창역,2,1100,0
상수역,월드컵경기장역,8,4400,0
상수역,고려대역,34,18700,0
상수역,공릉역,50,25300,1
상수역,어린이대공원역,46,20900,2
상수역,용마산역,48,22000,2
상수역,자양역,42,18700,2
상수역,하계역,52,26400,1
상수역,남성역,28,11000,2
상수역,암사역,52,24200,2
상수역,몽촌토성역,54,25300,2
상수역,강동구청역,52,24200,2
상수역,송파역,56,26400,2
상수역,석촌역,46,24200,2
상수역,노들역,21,7700,2
상수역,선유도역,14,3300,2
상수역,한성백제역,50,26400,2
상수역,양천향교역,24,9900,2
상수역,흑석역,23,8800,2
상수역,공항시장역,30,13200,2
상왕십리역,제기동역,16,3300,2
상왕십리역,동묘앞역,8,2200,1
상왕십리역,신설동역,20,8800,1
상왕십리역,외대앞역,18,4400,2
상왕십리역,남영역,20,8800,1
상왕십리역,문래역,30,16500,0
상왕십리역,아현역,16,8800,0
상왕십리역,한양대역,4,2200,0
상왕십리역,잠실나루역,16,8800,0
상왕십리역,양천구청역,40,19800,1
상왕십리역,신정네거리역,42,20900,1
상왕십리역,독립문역,20,8800,1
상왕십리역,무악재역,22,9900,1
상왕십리역,금호역,20,8800,1
상왕십리역,옥수역,14,3300,1
상왕십리역,잠원역,28,13200,1
상왕십리역,한성대입구역,14,5500,1
상왕십리역,성신여대입구역,16,6600,1
상왕십리역,수유역,24,11000,1
상왕십리역,이촌역,22,6600,1
상왕십리역,동작역,26,12100,1
상왕십리역,마장역,8,2200,1
상왕십리역,애오개역,20,8800,1
상왕십리역,신금호역,10,3300,1
상왕십리역,아차산역,16,6600,1
상왕십리역,영등포시장역,32,15400,1
상왕십리역,방이역,28,13200,1
상왕십리역,보문역,12,4400,1
상왕십리역,창신역,10,3300,1
상왕십리역,효창공원앞역,22,9900,1
상왕십리역,광흥창역,28,13200,1
상왕십리역,월드컵경기장역,34,16500,1
상왕십리역,고려대역,16,6600,1
상왕십리역,공릉역,36,17600,1
상왕십리역,어린이대공원역,16,6600,1
상왕십리역,용마산역,22,9900,1
상왕십리역,자양역,16,6600,1
상왕십리역,하계역,38,18700,1
상왕십리역,남성역,34,16500,1
상왕십리역,암사역,30,14300,1
상왕십리역,몽촌토성역,24,11000,1
상왕십리역,강동구청역,26,12100,1
상왕십리역,송파역,26,12100,1
상왕십리역,석촌역,24,11000,1
상왕십리역,노들역,30,12100,2
상왕십리역,선유도역,32,15400,1
상왕십리역,한성백제역,35,17600,1
상왕십리역,양천향교역,42,22000,1
상왕십리역,흑석역,32,13200,2
상왕십리역,공항시장역,48,25300,1
상월곡역,제기동역,18,7700,1
상월곡역,동묘앞역,12,6600,0
상월곡역,신설동역,14,5500,1
상월곡역,외대앞역,12,4400,1
상월곡역,남영역,30,14300,1
상월곡역,문래역,46,23100,1
상월곡역,아현역,32,15400,1
상월곡역,한양대역,24,11000,1
상월곡역,잠실나루역,36,17600,1
상월곡역,양천구청역,50,23100,2
상월곡역,신정네거리역,52,24200,2
상월곡역,독립문역,36,17600,1
상월곡역,무악재역,38,18700,1
상월곡역,금호역,24,11000,1
상월곡역,옥수역,26,12100,1
상월곡역,잠원역,32,15400,1
상월곡역,한성대입구역,20,6600,2
상월곡역,성신여대입구역,14,5500,1
상월곡역,수유역,24,8800,2
상월곡역,이촌역,36,17600,1
상월곡역,동작역,38,18700,1
상월곡역,마장역,28,13200,1
상월곡역,애오개역,34,16500,1
상월곡역,신금호역,22,9900,1
상월곡역,아차산역,36,17600,1
상월곡역,영등포시장역,46,23100,1
상월곡역,방이역,48,24200,1
상월곡역,보문역,8,4400,0
상월곡역,창신역,10,5500,0
상월곡역,효창공원앞역,30,16500,0
상월곡역,광흥창역,36,19800,0
상월곡역,월드컵경기장역,46,25300,0
상월곡역,고려대역,4,2200,0
상월곡역,공릉역,12,4400,1
상월곡역,어린이대공원역,28,13200,1
상월곡역,용마산역,22,9900,1
상월곡역,자양역,32,15400,1
상월곡역,하계역,14,5500,1
상월곡역,남성역,50,25300,1
상월곡역,암사역,46,20900,2
상월곡역,몽촌토성역,44,19800,2
상월곡역,강동구청역,46,20900,2
상월곡역,송파역,46,20900,2
상월곡역,석촌역,44,19800,2
상월곡역,노들역,40,17600,2
상월곡역,선유도역,47,22000,2
상월곡역,한성백제역,52,24200,2
상월곡역,양천향교역,57,28600,2
상월곡역,흑석역,42,18700,2
상월곡역,공항시장역,62,31900,2
상일동역,제기동역,40,16500,2
상일동역,동묘앞역,40,19800,1
상일동역,신설동역,42,17600,2
상일동역,외대앞역,42,17600,2
상일동역,남영역,50,25300,1
상일동역,문래역,62,31900,1
상일동역,아현역,48,24200,1
상일동역,한양대역,32,15400,1
상일동역,잠실나루역,28,11000,2
상일동역,양천구청역,78,40700,1
상일동역,신정네거리역,76,39600,1
상일동역,독립문역,48,24200,1
상일동역,무악재역,50,25300,1
상일동역,금호역,44,17600,2
상일동역,옥수역,38,16500,1
상일동역,잠원역,50,25300,1
상일동역,한성대입구역,44,22000,1
상일동역,성신여대입구역,46,23100,1
상일동역,수유역,54,27500,1
상일동역,이촌역,46,19800,1
상일동역,동작역,45,25300,1
상일동역,마장역,24,13200,0
상일동역,애오개역,46,25300,0
상일동역,신금호역,30,16500,0
상일동역,아차산역,16,8800,0
상일동역,영등포시장역,58,31900,0
상일동역,방이역,16,8800,0
상일동역,보문역,44,22000,1
상일동역,창신역,42,20900,1
상일동역,효창공원앞역,50,25300,1
상일동역,광흥창역,56,28600,1
상일동역,월드컵경기장역,66,34100,1
상일동역,고려대역,48,24200,1
상일동역,공릉역,40,19800,1
상일동역,어린이대공원역,24,11000,1
상일동역,용마산역,26,12100,1
상일동역,자양역,28,13200,1
상일동역,하계역,42,20900,1
상일동역,남성역,46,23100,1
상일동역,암사역,18,7700,1
상일동역,몽촌토성역,20,8800,1
상일동역,강동구청역,18,7700,1
상일동역,송파역,26,12100,1
상일동역,석촌역,23,11000,1
상일동역,노들역,49,27500,1
상일동역,선유도역,59,34100,1
상일동역,한성백제역,20,8800,1
상일동역,양천향교역,69,40700,1
상일동역,흑석역,47,26400,1
상일동역,공항시장역,75,44000,1
새절역,제기동역,38,14300,2
새절역,동묘앞역,40,22000,0
새절역,신설동역,36,13200,2
새절역,외대앞역,44,17600,2
새절역,남영역,24,6600,2
새절역,문래역,22,9900,1
새절역,아현역,24,11000,1
새절역,한양대역,44,22000,1
새절역,잠실나루역,56,28600,1
새절역,양천구청역,32,13200,2
새절역,신정네거리역,34,14300,2
새절역,독립문역,18,7700,1
새절역,무악재역,16,6600,1
새절역,금호역,34,16500,1
새절역,옥수역,36,17600,1
새절역,잠원역,42,20900,1
새절역,한성대입구역,36,13200,2
새절역,성신여대입구역,38,14300,2
새절역,수유역,46,18700,2
새절역,이촌역,30,9900,1
새절역,동작역,34,16500,1
새절역,마장역,48,24200,1
새절역,애오개역,26,12100,1
새절역,신금호역,42,20900,1
새절역,아차산역,56,28600,1
새절역,영등포시장역,34,16500,1
새절역,방이역,68,35200,1
새절역,보문역,44,24200,0
새절역,창신역,42,23100,0
새절역,효창공원앞역,22,12100,0
새절역,광흥창역,16,8800,0
새절역,월드컵경기장역,6,3300,0
새절역,고려대역,48,26400,0
새절역,공릉역,64,33000,1
새절역,어린이대공원역,56,26400,2
새절역,용마산역,62,29700,2
새절역,자양역,56,26400,2
새절역,하계역,66,34100,1
새절역,남성역,42,18700,2
새절역,암사역,66,31900,2
새절역,몽촌토성역,64,30800,2
새절역,강동구청역,66,31900,2
새절역,송파역,66,31900,2
새절역,석촌역,56,29700,2
새절역,노들역,31,13200,2
새절역,선유도역,24,8800,2
새절역,한성백제역,60,31900,2
새절역,양천향교역,22,4400,2
새절역,흑석역,33,14300,2
새절역,공항시장역,24,5500,2
샛강역,제기동역,28,13200,1
샛강역,동묘앞역,24,11000,1
샛강역,신설동역,26,12100,1
샛강역,외대앞역,34,16500,1
샛강역,남영역,10,3300,1
샛강역,문래역,13,5500,1
샛강역,아현역,19,8800,1
샛강역,한양대역,39,19800,1
샛강역,잠실나루역,34,18700,1
샛강역,양천구청역,20,6600,2
샛강역,신정네거리역,22,7700,2
샛강역,독립문역,28,11000,2
샛강역,무악재역,30,12100,2
샛강역,금호역,26,13200,1
샛강역,옥수역,24,12100,1
샛강역,잠원역,18,8800,1
샛강역,한성대입구역,35,17600,1
샛강역,성신여대입구역,37,18700,1
샛강역,수유역,45,23100,1
샛강역,이촌역,13,5500,1
샛강역,동작역,7,4400,0
샛강역,마장역,36,17600,1
샛강역,애오개역,14,5500,1
샛강역,신금호역,30,14300,1
샛강역,아차산역,44,22000,1
샛강역,영등포시장역,10,3300,1
샛강역,방이역,40,23100,1
샛강역,보문역,32,13200,2
샛강역,창신역,30,12100,2
샛강역,효창공원앞역,16,3300,2
샛강역,광흥창역,19,6600,2
샛강역,월드컵경기장역,21,7700,2
샛강역,고려대역,36,15400,2
샛강역,공릉역,52,27500,1
샛강역,어린이대공원역,32,16500,1
샛강역,용마산역,38,19800,1
샛강역,자양역,28,14300,1
샛강역,하계역,54,28600,1
샛강역,남성역,20,8800,1
샛강역,암사역,43,24200,1
샛강역,몽촌토성역,37,20900,1
샛강역,강동구청역,39,22000,1
샛강역,송파역,35,19800,1
샛강역,석촌역,29,18700,0
샛강역,노들역,4,2200,0
샛강역,선유도역,7,4400,0
샛강역,한성백제역,33,20900,0
샛강역,양천향교역,17,11000,0
샛강역,흑석역,6,3300,0
샛강역,공항시장역,23,14300,0
서강대역,제기동역,32,13200,1
서강대역,동묘앞역,27,12100,1
서강대역,신설동역,30,12100,1
서강대역,외대앞역,38,13200,1
서강대역,남영역,15,4400,1
서강대역,문래역,15,5500,1
서강대역,아현역,13,4400,1
서강대역,한양대역,33,11000,1
서강대역,잠실나루역,45,17600,1
서강대역,양천구청역,25,8800,2
서강대역,신정네거리역,27,9900,2
서강대역,독립문역,27,9900,2
서강대역,무악재역,29,11000,2
서강대역,금호역,27,8800,1
서강대역,옥수역,21,7700,0
서강대역,잠원역,31,11000,1
서강대역,한성대입구역,30,12100,1
서강대역,성신여대입구역,32,13200,1
서강대역,수유역,40,17600,1
서강대역,이촌역,12,4400,0
서강대역,동작역,18,5500,1
서강대역,마장역,31,14300,1
서강대역,애오개역,9,2200,1
서강대역,신금호역,25,11000,1
서강대역,아차산역,39,18700,1
서강대역,영등포시장역,17,6600,1
서강대역,방이역,51,25300,1
서강대역,보문역,31,14300,1
서강대역,창신역,29,13200,1
서강대역,효창공원앞역,6,2200,0
서강대역,광흥창역,11,3300,1
서강대역,월드컵경기장역,15,4400,1
서강대역,고려대역,35,16500,1
서강대역,공릉역,51,18700,1
서강대역,어린이대공원역,43,18700,2
서강대역,용마산역,49,17600,1
서강대역,자양역,40,15400,2
서강대역,하계역,53,19800,1
서강대역,남성역,26,7700,2
서강대역,암사역,49,22000,2
서강대역,몽촌토성역,51,23100,2
서강대역,강동구청역,49,22000,2
서강대역,송파역,55,20900,2
서강대역,석촌역,44,19800,2
서강대역,노들역,21,5500,2
서강대역,선유도역,17,4400,2
서강대역,한성백제역,48,22000,2
서강대역,양천향교역,27,11000,2
서강대역,흑석역,23,6600,2
서강대역,공항시장역,33,14300,2
서대문역,제기동역,18,7700,1
서대문역,동묘앞역,14,5500,1
서대문역,신설동역,16,6600,1
서대문역,외대앞역,24,11000,1
서대문역,남영역,16,6600,1
서대문역,문래역,22,9900,1
서대문역,아현역,8,2200,1
서대문역,한양대역,20,8800,1
서대문역,잠실나루역,32,15400,1
서대문역,양천구청역,36,17600,1
서대문역,신정네거리역,34,16500,1
서대문역,독립문역,14,5500,1
서대문역,무악재역,16,6600,1
서대문역,금호역,18,7700,1
서대문역,옥수역,20,8800,1
서대문역,잠원역,26,12100,1
서대문역,한성대입구역,18,7700,1
서대문역,성신여대입구역,20,8800,1
서대문역,수유역,28,13200,1
서대문역,이촌역,20,6600,1
서대문역,동작역,24,12100,1
서대문역,마장역,18,9900,0
서대문역,애오개역,4,2200,0
서대문역,신금호역,12,6600,0
서대문역,아차산역,26,14300,0
서대문역,영등포시장역,16,8800,0
서대문역,방이역,38,20900,0
서대문역,보문역,22,9900,1
서대문역,창신역,20,8800,1
서대문역,효창공원앞역,12,4400,1
서대문역,광흥창역,14,5500,1
서대문역,월드컵경기장역,24,11000,1
서대문역,고려대역,26,12100,1
서대문역,공릉역,46,23100,1
서대문역,어린이대공원역,30,14300,1
서대문역,용마산역,32,15400,1
서대문역,자양역,34,16500,1
서대문역,하계역,48,24200,1
서대문역,남성역,38,16500,2
서대문역,암사역,36,17600,1
서대문역,몽촌토성역,38,18700,1
서대문역,강동구청역,36,17600,1
서대문역,송파역,44,22000,1
서대문역,석촌역,42,20900,1
서대문역,노들역,21,9900,1
서대문역,선유도역,21,9900,1
서대문역,한성백제역,42,20900,1
서대문역,양천향교역,32,16500,1
서대문역,흑석역,23,11000,1
서대문역,공항시장역,37,19800,1
서빙고역,제기동역,21,6600,1
서빙고역,동묘앞역,25,8800,1
서빙고역,신설동역,23,7700,1
서빙고역,외대앞역,23,7700,1
서빙고역,남영역,12,3300,1
서빙고역,문래역,30,11000,1
서빙고역,아현역,28,9900,1
서빙고역,한양대역,18,5500,1
서빙고역,잠실나루역,30,12100,1
서빙고역,양천구청역,28,9900,2
서빙고역,신정네거리역,30,11000,2
서빙고역,독립문역,28,12100,1
서빙고역,무악재역,30,13200,1
서빙고역,금호역,12,3300,1
서빙고역,옥수역,6,2200,0
서빙고역,잠원역,16,5500,1
서빙고역,한성대입구역,29,13200,1
서빙고역,성신여대입구역,31,14300,1
서빙고역,수유역,39,18700,1
서빙고역,이촌역,3,1100,0
서빙고역,동작역,9,2200,1
서빙고역,마장역,18,5500,1
서빙고역,애오개역,18,5500,1
서빙고역,신금호역,20,6600,1
서빙고역,아차산역,26,9900,1
서빙고역,영등포시장역,26,9900,1
서빙고역,방이역,38,16500,1
서빙고역,보문역,35,15400,1
서빙고역,창신역,33,14300,1
서빙고역,효창공원앞역,9,3300,0
서빙고역,광흥창역,19,6600,1
서빙고역,월드컵경기장역,29,12100,1
서빙고역,고려대역,39,17600,1
서빙고역,공릉역,36,13200,1
서빙고역,어린이대공원역,30,9900,2
서빙고역,용마산역,34,12100,1
서빙고역,자양역,30,9900,2
서빙고역,하계역,38,14300,1
서빙고역,남성역,17,4400,2
서빙고역,암사역,36,13200,2
서빙고역,몽촌토성역,38,14300,2
서빙고역,강동구청역,36,13200,2
서빙고역,송파역,40,15400,2
서빙고역,석촌역,35,16500,2
서빙고역,노들역,17,4400,2
서빙고역,선유도역,25,8800,2
서빙고역,한성백제역,39,18700,2
서빙고역,양천향교역,35,15400,2
서빙고역,흑석역,15,3300,2
서빙고역,공항시장역,40,18700,2
서울대벤처타운역,제기동역,44,22000,1
서울대벤처타운역,동묘앞역,40,19800,1
서울대벤처타운역,신설동역,42,20900,1
서울대벤처타운역,외대앞역,50,25300,1
서울대벤처타운역,남영역,26,12100,1
서울대벤처타운역,문래역,18,7700,1
서울대벤처타운역,아현역,32,15400,1
서울대벤처타운역,한양대역,50,25300,1
서울대벤처타운역,잠실나루역,38,18700,1
서울대벤처타운역,양천구청역,24,8800,2
서울대벤처타운역,신정네거리역,26,9900,2
서울대벤처타운역,독립문역,44,19800,2
서울대벤처타운역,무악재역,46,20900,2
서울대벤처타운역,금호역,38,16500,2
서울대벤처타운역,옥수역,36,15400,2
서울대벤처타운역,잠원역,30,12100,2
서울대벤처타운역,한성대입구역,46,20900,2
서울대벤처타운역,성신여대입구역,48,22000,2
서울대벤처타운역,수유역,56,26400,2
서울대벤처타운역,이촌역,26,9900,2
서울대벤처타운역,동작역,29,14300,1
서울대벤처타운역,마장역,52,24200,2
서울대벤처타운역,애오개역,36,15400,2
서울대벤처타운역,신금호역,46,20900,2
서울대벤처타운역,아차산역,56,26400,2
서울대벤처타운역,영등포시장역,26,9900,2
서울대벤처타운역,방이역,52,23100,3
서울대벤처타운역,보문역,48,22000,2
서울대벤처타운역,창신역,46,20900,2
서울대벤처타운역,효창공원앞역,32,12100,2
서울대벤처타운역,광흥창역,32,13200,2
서울대벤처타운역,월드컵경기장역,34,14300,2
서울대벤처타운역,고려대역,52,24200,2
서울대벤처타운역,공릉역,68,35200,1
서울대벤처타운역,어린이대공원역,48,24200,1
서울대벤처타운역,용마산역,54,27500,1
서울대벤처타운역,자양역,44,22000,1
서울대벤처타운역,하계역,70,36300,1
서울대벤처타운역,남성역,26,12100,1
서울대벤처타운역,암사역,48,22000,2
서울대벤처타운역,몽촌토성역,42,18700,2
서울대벤처타운역,강동구청역,44,19800,2
서울대벤처타운역,송파역,44,19800,2
서울대벤처타운역,석촌역,41,18700,2
서울대벤처타운역,노들역,26,12100,1
서울대벤처타운역,선유도역,29,14300,1
서울대벤처타운역,한성백제역,45,20900,2
서울대벤처타운역,양천향교역,39,20900,1
서울대벤처타운역,흑석역,28,13200,1
서울대벤처타운역,공항시장역,45,24200,1
서울대입구역,제기동역,46,23100,1
서울대입구역,동묘앞역,42,20900,1
서울대입구역,신설동역,44,22000,1
서울대입구역,외대앞역,44,17600,2
서울대입구역,남영역,28,13200,1
서울대입구역,문래역,14,7700,0
서울대입구역,아현역,28,15400,0
서울대입구역,한양대역,38,20900,0
서울대입구역,잠실나루역,26,14300,0
서울대입구역,양천구청역,20,8800,1
서울대입구역,신정네거리역,22,9900,1
서울대입구역,독립문역,42,20900,1
서울대입구역,무악재역,44,22000,1
서울대입구역,금호역,26,12100,1
서울대입구역,옥수역,24,11000,1
서울대입구역,잠원역,18,7700,1
서울대입구역,한성대입구역,36,17600,1
서울대입구역,성신여대입구역,38,18700,1
서울대입구역,수유역,46,23100,1
서울대입구역,이촌역,14,5500,1
서울대입구역,동작역,12,4400,1
서울대입구역,마장역,46,23100,1
서울대입구역,애오개역,34,16500,1
서울대입구역,신금호역,38,16500,2
서울대입구역,아차산역,42,18700,2
서울대입구역,영등포시장역,22,9900,1
서울대입구역,방이역,40,18700,2
서울대입구역,보문역,42,18700,2
서울대입구역,창신역,40,17600,2
서울대입구역,효창공원앞역,26,7700,2
서울대입구역,광흥창역,28,13200,1
서울대입구역,월드컵경기장역,30,14300,1
서울대입구역,고려대역,46,20900,2
서울대입구역,공릉역,58,29700,1
서울대입구역,어린이대공원역,38,18700,1
서울대입구역,용마산역,44,22000,1
서울대입구역,자양역,38,18700,1
서울대입구역,하계역,60,30800,1
서울대입구역,남성역,16,4400,2
서울대입구역,암사역,36,17600,1
서울대입구역,몽촌토성역,30,14300,1
서울대입구역,강동구청역,32,15400,1
서울대입구역,송파역,32,15400,1
서울대입구역,석촌역,29,14300,1
서울대입구역,노들역,20,6600,2
서울대입구역,선유도역,24,11000,1
서울대입구역,한성백제역,33,16500,1
서울대입구역,양천향교역,34,17600,1
서울대입구역,흑석역,18,5500,2
서울대입구역,공항시장역,40,20900,1
서울숲역,제기동역,11,3300,1
서울숲역,동묘앞역,15,5500,1
서울숲역,신설동역,13,4400,1
서울숲역,외대앞역,13,4400,1
서울숲역,남영역,29,13200,1
서울숲역,문래역,38,18700,1
서울숲역,아현역,24,11000,1
서울숲역,한양대역,8,2200,1
서울숲역,잠실나루역,20,8800,1
서울숲역,양천구청역,48,22000,2
서울숲역,신정네거리역,50,23100,2
서울숲역,독립문역,28,11000,2
서울숲역,무악재역,30,12100,2
서울숲역,금호역,20,4400,2
서울숲역,옥수역,14,3300,1
서울숲역,잠원역,24,6600,2
서울숲역,한성대입구역,22,7700,2
서울숲역,성신여대입구역,21,6600,2
서울숲역,수유역,32,13200,2
서울숲역,이촌역,23,6600,1
서울숲역,동작역,23,11000,1
서울숲역,마장역,8,2200,1
서울숲역,애오개역,26,12100,1
서울숲역,신금호역,10,3300,1
서울숲역,아차산역,16,6600,1
서울숲역,영등포시장역,38,18700,1
서울숲역,방이역,28,13200,1
서울숲역,보문역,19,5500,2
서울숲역,창신역,18,5500,2
서울숲역,효창공원앞역,29,8800,1
서울숲역,광흥창역,36,15400,2
서울숲역,월드컵경기장역,42,18700,2
서울숲역,고려대역,24,8800,2
서울숲역,공릉역,37,17600,1
서울숲역,어린이대공원역,17,6600,1
서울숲역,용마산역,23,9900,1
서울숲역,자양역,13,4400,1
서울숲역,하계역,39,18700,1
서울숲역,남성역,23,9900,1
서울숲역,암사역,26,9900,2
서울숲역,몽촌토성역,28,9900,2
서울숲역,강동구청역,26,9900,2
서울숲역,송파역,28,11000,2
서울숲역,석촌역,22,9900,1
서울숲역,노들역,27,13200,1
서울숲역,선유도역,37,19800,1
서울숲역,한성백제역,26,12100,1
서울숲역,양천향교역,48,26400,1
서울숲역,흑석역,25,12100,1
서울숲역,공항시장역,53,29700,1
서울역,제기동역,16,8800,0
서울역,동묘앞역,12,6600,0
서울역,신설동역,14,7700,0
서울역,외대앞역,22,12100,0
서울역,남영역,2,1100,0
서울역,문래역,20,8800,1
서울역,아현역,10,3300,1
서울역,한양대역,20,8800,1
서울역,잠실나루역,32,15400,1
서울역,양천구청역,22,9900,1
서울역,신정네거리역,24,11000,1
서울역,독립문역,16,6600,1
서울역,무악재역,18,7700,1
서울역,금호역,16,6600,1
서울역,옥수역,18,7700,1
서울역,잠원역,24,11000,1
서울역,한성대입구역,14,7700,0
서울역,성신여대입구역,16,8800,0
서울역,수유역,24,13200,0
서울역,이촌역,8,4400,0
서울역,동작역,10,5500,0
서울역,마장역,22,9900,1
서울역,애오개역,12,2200,1
서울역,신금호역,16,6600,1
서울역,아차산역,30,14300,1
서울역,영등포시장역,16,6600,1
서울역,방이역,42,20900,1
서울역,보문역,20,8800,1
서울역,창신역,18,7700,1
서울역,효창공원앞역,18,6600,0
서울역,광흥창역,14,3300,1
서울역,월드컵경기장역,15,4400,1
서울역,고려대역,24,11000,1
서울역,공릉역,40,19800,1
서울역,어린이대공원역,36,17600,1
서울역,용마산역,42,20900,1
서울역,자양역,32,15400,1
서울역,하계역,38,18700,1
서울역,남성역,18,7700,1
서울역,암사역,40,17600,2
서울역,몽촌토성역,40,17600,2
서울역,강동구청역,40,17600,2
서울역,송파역,42,18700,2
서울역,석촌역,36,19800,1
서울역,노들역,12,4400,1
서울역,선유도역,19,8800,1
서울역,한성백제역,40,22000,1
서울역,양천향교역,29,15400,1
서울역,흑석역,14,5500,1
서울역,공항시장역,32,6600,1
서울지방병무청역,제기동역,30,14300,1
서울지방병무청역,동묘앞역,26,12100,1
서울지방병무청역,신설동역,28,13200,1
서울지방병무청역,외대앞역,36,17600,1
서울지방병무청역,남영역,12,4400,1
서울지방병무청역,문래역,24,11000,1
서울지방병무청역,아현역,24,8800,2
서울지방병무청역,한양대역,36,15400,2
서울지방병무청역,잠실나루역,44,22000,1
서울지방병무청역,양천구청역,20,6600,2
서울지방병무청역,신정네거리역,22,7700,2
서울지방병무청역,독립문역,30,12100,2
서울지방병무청역,무악재역,32,13200,2
서울지방병무청역,금호역,34,15400,2
서울지방병무청역,옥수역,28,7700,2
서울지방병무청역,잠원역,26,11000,2
서울지방병무청역,한성대입구역,32,13200,2
서울지방병무청역,성신여대입구역,34,14300,2
서울지방병무청역,수유역,42,18700,2
서울지방병무청역,이촌역,18,4400,2
서울지방병무청역,동작역,15,6600,1
서울지방병무청역,마장역,38,16500,2
서울지방병무청역,애오개역,22,7700,2
서울지방병무청역,신금호역,32,13200,2
서울지방병무청역,아차산역,46,20900,2
서울지방병무청역,영등포시장역,14,3300,2
서울지방병무청역,방이역,48,25300,2
서울지방병무청역,보문역,34,14300,2
서울지방병무청역,창신역,32,13200,2
서울지방병무청역,효창공원앞역,18,4400,2
서울지방병무청역,광흥창역,28,7700,3
서울지방병무청역,월드컵경기장역,29,9900,3
서울지방병무청역,고려대역,38,16500,2
서울지방병무청역,공릉역,58,29700,1
서울지방병무청역,어린이대공원역,38,18700,1
서울지방병무청역,용마산역,44,22000,1
서울지방병무청역,자양역,34,16500,1
서울지방병무청역,하계역,60,30800,1
서울지방병무청역,남성역,16,6600,1
서울지방병무청역,암사역,51,26400,2
서울지방병무청역,몽촌토성역,45,23100,2
서울지방병무청역,강동구청역,47,24200,2
서울지방병무청역,송파역,43,22000,2
서울지방병무청역,석촌역,37,20900,1
서울지방병무청역,노들역,12,4400,1
서울지방병무청역,선유도역,15,6600,1
서울지방병무청역,한성백제역,41,23100,1
서울지방병무청역,양천향교역,25,13200,1
서울지방병무청역,흑석역,14,5500,1
서울지방병무청역,공항시장역,31,16500,1
서원역,제기동역,42,20900,1
서원역,동묘앞역,38,18700,1
서원역,신설동역,40,19800,1
서원역,외대앞역,48,24200,1
서원역,남영역,24,11000,1
서원역,문래역,16,6600,1
서원역,아현역,30,14300,1
서원역,한양대역,48,24200,1
서원역,잠실나루역,36,17600,1
서원역,양천구청역,22,7700,2
서원역,신정네거리역,24,8800,2
서원역,독립문역,42,18700,2
서원역,무악재역,44,19800,2
서원역,금호역,36,15400,2
서원역,옥수역,34,14300,2
서원역,잠원역,28,11000,2
서원역,한성대입구역,44,19800,2
서원역,성신여대입구역,46,20900,2
서원역,수유역,54,25300,2
서원역,이촌역,24,8800,2
서원역,동작역,27,13200,1
서원역,마장역,50,23100,2
서원역,애오개역,34,14300,2
서원역,신금호역,44,19800,2
서원역,아차산역,54,25300,2
서원역,영등포시장역,24,8800,2
서원역,방이역,50,22000,3
서원역,보문역,46,20900,2
서원역,창신역,44,19800,2
서원역,효창공원앞역,30,11000,2
서원역,광흥창역,30,12100,2
서원역,월드컵경기장역,32,13200,2
서원역,고려대역,50,23100,2
서원역,공릉역,66,34100,1
서원역,어린이대공원역,46,23100,1
서원역,용마산역,52,26400,1
서원역,자양역,42,20900,1
서원역,하계역,68,35200,1
서원역,남성역,24,11000,1
서원역,암사역,46,20900,2
서원역,몽촌토성역,40,17600,2
서원역,강동구청역,42,18700,2
서원역,송파역,42,18700,2
서원역,석촌역,39,17600,2
서원역,노들역,24,11000,1
서원역,선유도역,27,13200,1
서원역,한성백제역,43,19800,2
서원역,양천향교역,37,19800,1
서원역,흑석역,26,12100,1
서원역,공항시장역,43,23100,1
서초역,제기동역,34,12100,2
서초역,동묘앞역,30,12100,2
서초역,신설동역,38,18700,1
서초역,외대앞역,36,13200,2
서초역,남영역,36,17600,1
서초역,문래역,22,12100,0
서초역,아현역,36,19800,0
서초역,한양대역,30,16500,0
서초역,잠실나루역,18,9900,0
서초역,양천구청역,28,13200,1
서초역,신정네거리역,30,14300,1
서초역,독립문역,34,16500,1
서초역,무악재역,36,17600,1
서초역,금호역,18,7700,1
서초역,옥수역,16,6600,1
서초역,잠원역,10,3300,1
서초역,한성대입구역,36,17600,1
서초역,성신여대입구역,38,18700,1
서초역,수유역,46,23100,1
서초역,이촌역,14,5500,1
서초역,동작역,12,4400,1
서초역,마장역,38,18700,1
서초역,애오개역,42,20900,1
서초역,신금호역,40,19800,1
서초역,아차산역,34,14300,2
서초역,영등포시장역,30,14300,1
서초역,방이역,32,14300,2
서초역,보문역,34,14300,2
서초역,창신역,32,13200,2
서초역,효창공원앞역,26,7700,2
서초역,광흥창역,36,17600,1
서초역,월드컵경기장역,38,18700,1
서초역,고려대역,38,16500,2
서초역,공릉역,50,25300,1
서초역,어린이대공원역,30,14300,1
서초역,용마산역,36,17600,1
서초역,자양역,30,14300,1
서초역,하계역,52,26400,1
서초역,남성역,16,4400,2
서초역,암사역,28,13200,1
서초역,몽촌토성역,22,9900,1
서초역,강동구청역,24,11000,1
서초역,송파역,24,11000,1
서초역,석촌역,21,9900,1
서초역,노들역,20,6600,2
서초역,선유도역,32,15400,1
서초역,한성백제역,25,12100,1
서초역,양천향교역,42,22000,1
서초역,흑석역,18,5500,2
서초역,공항시장역,48,25300,1
석계역,제기동역,10,5500,0
석계역,동묘앞역,14,7700,0
석계역,신설동역,12,6600,0
석계역,외대앞역,4,2200,0
석계역,남영역,28,15400,0
석계역,문래역,46,23100,1
석계역,아현역,32,15400,1
석계역,한양대역,28,13200,1
석계역,잠실나루역,40,19800,1
석계역,양천구청역,48,24200,1
석계역,신정네거리역,50,25300,1
석계역,독립문역,30,14300,1
석계역,무악재역,32,15400,1
석계역,금호역,28,13200,1
석계역,옥수역,22,7700,1
석계역,잠원역,36,17600,1
석계역,한성대입구역,24,11000,1
석계역,성신여대입구역,18,7700,1
석계역,수유역,16,6600,1
석계역,이촌역,32,11000,1
석계역,동작역,40,19800,1
석계역,마장역,22,6600,2
석계역,애오개역,32,15400,1
석계역,신금호역,26,12100,1
석계역,아차산역,28,11000,2
석계역,영등포시장역,42,20900,1
석계역,방이역,40,17600,2
석계역,보문역,12,6600,0
석계역,창신역,14,7700,0
석계역,효창공원앞역,34,18700,0
석계역,광흥창역,40,22000,0
석계역,월드컵경기장역,50,27500,0
석계역,고려대역,8,4400,0
석계역,공릉역,8,2200,1
석계역,어린이대공원역,24,11000,1
석계역,용마산역,18,7700,1
석계역,자양역,28,13200,1
석계역,하계역,10,3300,1
석계역,남성역,46,23100,1
석계역,암사역,38,14300,3
석계역,몽촌토성역,48,22000,2
석계역,강동구청역,38,14300,3
석계역,송파역,50,23100,2
석계역,석촌역,40,16500,2
석계역,노들역,38,18700,1
석계역,선유도역,45,23100,1
석계역,한성백제역,44,18700,2
석계역,양천향교역,55,29700,1
석계역,흑석역,40,19800,1
석계역,공항시장역,60,33000,1
석촌고분역,제기동역,33,12100,2
석촌고분역,동묘앞역,37,14300,2
석촌고분역,신설동역,35,13200,2
석촌고분역,외대앞역,35,13200,2
석촌고분역,남영역,34,18700,1
석촌고분역,문래역,41,23100,1
석촌고분역,아현역,46,23100,1
석촌고분역,한양대역,26,12100,1
석촌고분역,잠실나루역,14,5500,1
석촌고분역,양천구청역,46,23100,2
석촌고분역,신정네거리역,48,24200,2
석촌고분역,독립문역,46,24200,1
석촌고분역,무악재역,48,25300,1
석촌고분역,금호역,30,15400,1
석촌고분역,옥수역,28,14300,1
석촌고분역,잠원역,22,11000,1
석촌고분역,한성대입구역,49,26400,1
석촌고분역,성신여대입구역,51,27500,1
석촌고분역,수유역,59,31900,1
석촌고분역,이촌역,27,14300,1
석촌고분역,동작역,21,13200,0
석촌고분역,마장역,29,14300,1
석촌고분역,애오개역,42,23100,1
석촌고분역,신금호역,35,17600,1
석촌고분역,아차산역,21,9900,1
석촌고분역,영등포시장역,38,20900,1
석촌고분역,방이역,13,5500,1
석촌고분역,보문역,42,18700,2
석촌고분역,창신역,40,17600,2
석촌고분역,효창공원앞역,38,16500,2
석촌고분역,광흥창역,43,20900,2
석촌고분역,월드컵경기장역,49,25300,2
석촌고분역,고려대역,46,20900,2
석촌고분역,공릉역,45,20900,2
석촌고분역,어린이대공원역,26,9900,2
석촌고분역,용마산역,31,13200,2
석촌고분역,자양역,25,8800,2
석촌고분역,하계역,47,22000,2
석촌고분역,남성역,26,13200,1
석촌고분역,암사역,16,6600,1
석촌고분역,몽촌토성역,10,3300,1
석촌고분역,강동구청역,12,4400,1
석촌고분역,송파역,8,2200,1
석촌고분역,석촌역,2,1100,0
석촌고분역,노들역,25,15400,0
석촌고분역,선유도역,35,22000,0
석촌고분역,한성백제역,6,3300,0
석촌고분역,양천향교역,45,28600,0
석촌고분역,흑석역,23,14300,0
석촌고분역,공항시장역,50,31900,0
석촌역,제기동역,34,13200,2
석촌역,동묘앞역,32,13200,2
석촌역,신설동역,28,11000,2
석촌역,외대앞역,36,14300,2
석촌역,남영역,35,19800,1
석촌역,문래역,42,24200,1
석촌역,아현역,40,19800,1
석촌역,한양대역,20,8800,1
석촌역,잠실나루역,8,2200,1
석촌역,양천구청역,47,24200,2
석촌역,신정네거리역,49,25300,2
석촌역,독립문역,47,25300,1
석촌역,무악재역,49,26400,1
석촌역,금호역,31,16500,1
석촌역,옥수역,29,15400,1
석촌역,잠원역,23,12100,1
석촌역,한성대입구역,38,16500,2
석촌역,성신여대입구역,40,17600,2
석촌역,수유역,48,22000,2
석촌역,이촌역,28,15400,1
석촌역,동작역,22,14300,0
석촌역,마장역,24,11000,1
석촌역,애오개역,43,24200,1
석촌역,신금호역,30,14300,1
석촌역,아차산역,16,6600,1
석촌역,영등포시장역,39,22000,1
석촌역,방이역,11,4400,1
석촌역,보문역,36,15400,2
석촌역,창신역,34,14300,2
석촌역,효창공원앞역,40,17600,2
석촌역,광흥창역,44,22000,2
석촌역,월드컵경기장역,50,26400,2
석촌역,고려대역,40,17600,2
석촌역,공릉역,40,17600,2
석촌역,어린이대공원역,20,6600,2
석촌역,용마산역,26,9900,2
석촌역,자양역,20,6600,2
석촌역,하계역,42,18700,2
석촌역,남성역,27,14300,1
석촌역,암사역,10,5500,0
석촌역,몽촌토성역,4,2200,0
석촌역,강동구청역,6,3300,0
석촌역,송파역,2,1100,0
석촌역,석촌역,0,0,0
석촌역,노들역,26,16500,0
석촌역,선유도역,36,23100,0
석촌역,한성백제역,4,2200,0
석촌역,양천향교역,46,29700,0
석촌역,흑석역,24,15400,0
석촌역,공항시장역,52,33000,0
선릉역,제기동역,21,7700,1
선릉역,동묘앞역,25,9900,1
선릉역,신설동역,23,8800,1
선릉역,외대앞역,23,8800,1
선릉역,남영역,39,17600,1
선릉역,문래역,30,16500,0
선릉역,아현역,42,23100,0
선릉역,한양대역,22,12100,0
선릉역,잠실나루역,10,5500,0
선릉역,양천구청역,36,17600,1
선릉역,신정네거리역,38,18700,1
선릉역,독립문역,38,18700,1
선릉역,무악재역,40,19800,1
선릉역,금호역,22,9900,1
선릉역,옥수역,20,8800,1
선릉역,잠원역,14,5500,1
선릉역,한성대입구역,40,19800,1
선릉역,성신여대입구역,31,11000,2
선릉역,수유역,50,25300,1
선릉역,이촌역,22,9900,1
선릉역,동작역,18,8800,1
선릉역,마장역,18,6600,1
선릉역,애오개역,36,16500,1
선릉역,신금호역,20,7700,1
선릉역,아차산역,26,11000,1
선릉역,영등포시장역,38,18700,1
선릉역,방이역,24,9900,2
선릉역,보문역,29,9900,2
선릉역,창신역,36,17600,1
선릉역,효창공원앞역,39,13200,1
선릉역,광흥창역,44,22000,1
선릉역,월드컵경기장역,46,23100,1
선릉역,고려대역,42,20900,1
선릉역,공릉역,37,17600,1
선릉역,어린이대공원역,17,6600,1
선릉역,용마산역,23,9900,1
선릉역,자양역,13,4400,1
선릉역,하계역,39,18700,1
선릉역,남성역,23,9900,1
선릉역,암사역,20,8800,1
선릉역,몽촌토성역,14,5500,1
선릉역,강동구청역,16,6600,1
선릉역,송파역,16,6600,1
선릉역,석촌역,13,5500,1
선릉역,노들역,22,11000,1
선릉역,선유도역,32,17600,1
선릉역,한성백제역,17,7700,1
선릉역,양천향교역,42,24200,1
선릉역,흑석역,20,9900,1
선릉역,공항시장역,48,27500,1
선유도역,제기동역,35,17600,1
선유도역,동묘앞역,31,15400,1
선유도역,신설동역,33,16500,1
선유도역,외대앞역,41,20900,1
선유도역,남영역,17,7700,1
선유도역,문래역,10,3300,1
선유도역,아현역,16,6600,1
선유도역,한양대역,36,17600,1
선유도역,잠실나루역,41,23100,1
선유도역,양천구청역,20,6600,2
선유도역,신정네거리역,22,7700,2
선유도역,독립문역,35,15400,2
선유도역,무악재역,37,16500,2
선유도역,금호역,33,17600,1
선유도역,옥수역,31,16500,1
선유도역,잠원역,25,13200,1
선유도역,한성대입구역,42,22000,1
선유도역,성신여대입구역,44,23100,1
선유도역,수유역,52,27500,1
선유도역,이촌역,20,9900,1
선유도역,동작역,14,8800,0
선유도역,마장역,39,19800,1
선유도역,애오개역,17,7700,1
선유도역,신금호역,33,16500,1
선유도역,아차산역,47,24200,1
선유도역,영등포시장역,13,5500,1
선유도역,방이역,47,27500,1
선유도역,보문역,39,17600,2
선유도역,창신역,37,16500,2
선유도역,효창공원앞역,21,7700,2
선유도역,광흥창역,16,4400,2
선유도역,월드컵경기장역,18,5500,2
선유도역,고려대역,43,19800,2
선유도역,공릉역,59,31900,1
선유도역,어린이대공원역,39,20900,1
선유도역,용마산역,45,24200,1
선유도역,자양역,35,18700,1
선유도역,하계역,61,33000,1
선유도역,남성역,29,15400,1
선유도역,암사역,50,28600,1
선유도역,몽촌토성역,44,25300,1
선유도역,강동구청역,46,26400,1
선유도역,송파역,42,24200,1
선유도역,석촌역,36,23100,0
선유도역,노들역,11,6600,0
선유도역,선유도역,0,0,0
선유도역,한성백제역,40,25300,0
선유도역,양천향교역,11,6600,0
선유도역,흑석역,13,7700,0
선유도역,공항시장역,16,9900,0
선정릉역,제기동역,18,6600,1
선정릉역,동묘앞역,22,8800,1
선정릉역,신설동역,20,7700,1
선정릉역,외대앞역,20,7700,1
선정릉역,남영역,25,13200,1
선정릉역,문래역,32,17600,1
선정릉역,아현역,32,14300,1
선정릉역,한양대역,16,5500,1
선정릉역,잠실나루역,15,6600,1
선정릉역,양천구청역,37,17600,2
선정릉역,신정네거리역,39,18700,2
선정릉역,독립문역,37,18700,1
선정릉역,무악재역,39,19800,1
선정릉역,금호역,21,9900,1
선정릉역,옥수역,19,8800,1
선정릉역,잠원역,13,5500,1
선정릉역,한성대입구역,30,11000,2
선정릉역,성신여대입구역,28,9900,2
선정릉역,수유역,40,16500,2
선정릉역,이촌역,18,8800,1
선정릉역,동작역,12,7700,0
선정릉역,마장역,16,5500,1
선정릉역,애오개역,32,17600,1
선정릉역,신금호역,18,6600,1
선정릉역,아차산역,24,9900,1
선정릉역,영등포시장역,28,15400,1
선정릉역,방이역,21,11000,1
선정릉역,보문역,26,8800,2
선정릉역,창신역,26,8800,2
선정릉역,효창공원앞역,36,12100,1
선정릉역,광흥창역,34,15400,2
선정릉역,월드컵경기장역,40,19800,2
선정릉역,고려대역,32,12100,2
선정릉역,공릉역,34,16500,1
선정릉역,어린이대공원역,14,5500,1
선정릉역,용마산역,20,8800,1
선정릉역,자양역,10,3300,1
선정릉역,하계역,36,17600,1
선정릉역,남성역,17,7700,1
선정릉역,암사역,24,12100,1
선정릉역,몽촌토성역,18,8800,1
선정릉역,강동구청역,20,9900,1
선정릉역,송파역,16,7700,1
선정릉역,석촌역,10,6600,0
선정릉역,노들역,16,9900,0
선정릉역,선유도역,26,16500,0
선정릉역,한성백제역,14,8800,0
선정릉역,양천향교역,36,23100,0
선정릉역,흑석역,14,8800,0
선정릉역,공항시장역,41,26400,0
성수역,제기동역,14,5500,1
성수역,동묘앞역,14,5500,1
성수역,신설동역,8,4400,0
성수역,외대앞역,20,8800,1
성수역,남영역,28,13200,1
성수역,문래역,38,20900,0
성수역,아현역,24,13200,0
성수역,한양대역,4,2200,0
성수역,잠실나루역,8,4400,0
성수역,양천구청역,48,24200,1
성수역,신정네거리역,50,25300,1
성수역,독립문역,28,13200,1
성수역,무악재역,30,14300,1
성수역,금호역,28,13200,1
성수역,옥수역,18,5500,1
성수역,잠원역,32,15400,1
성수역,한성대입구역,22,9900,1
성수역,성신여대입구역,16,6600,1
성수역,수유역,32,15400,1
성수역,이촌역,26,8800,1
성수역,동작역,34,16500,1
성수역,마장역,12,4400,1
성수역,애오개역,28,13200,1
성수역,신금호역,14,5500,1
성수역,아차산역,20,8800,1
성수역,영등포시장역,40,19800,1
성수역,방이역,32,15400,1
성수역,보문역,14,5500,1
성수역,창신역,18,7700,1
성수역,효창공원앞역,30,14300,1
성수역,광흥창역,36,17600,1
성수역,월드컵경기장역,42,20900,1
성수역,고려대역,24,11000,1
성수역,공릉역,28,13200,1
성수역,어린이대공원역,8,2200,1
성수역,용마산역,14,5500,1
성수역,자양역,8,2200,1
성수역,하계역,30,14300,1
성수역,남성역,26,12100,1
성수역,암사역,22,9900,1
성수역,몽촌토성역,16,6600,1
성수역,강동구청역,18,7700,1
성수역,송파역,18,7700,1
성수역,석촌역,16,6600,1
성수역,노들역,39,20900,1
성수역,선유도역,40,19800,1
성수역,한성백제역,27,13200,1
성수역,양천향교역,50,26400,1
성수역,흑석역,37,19800,1
성수역,공항시장역,56,29700,1
성신여대입구역,제기동역,10,3300,1
성신여대입구역,동묘앞역,10,3300,1
성신여대입구역,신설동역,4,2200,0
성신여대입구역,외대앞역,16,6600,1
성신여대입구역,남영역,22,9900,1
성신여대입구역,문래역,38,18700,1
성신여대입구역,아현역,24,11000,1
성신여대입구역,한양대역,20,8800,1
성신여대입구역,잠실나루역,32,15400,1
성신여대입구역,양천구청역,42,18700,2
성신여대입구역,신정네거리역,44,19800,2
성신여대입구역,독립문역,24,11000,1
성신여대입구역,무악재역,26,12100,1
성신여대입구역,금호역,20,8800,1
성신여대입구역,옥수역,22,9900,1
성신여대입구역,잠원역,28,13200,1
성신여대입구역,한성대입구역,2,1100,0
성신여대입구역,성신여대입구역,0,0,0
성신여대입구역,수유역,8,4400,0
성신여대입구역,이촌역,24,13200,0
성신여대입구역,동작역,26,14300,0
성신여대입구역,마장역,22,9900,1
성신여대입구역,애오개역,24,11000,1
성신여대입구역,신금호역,16,6600,1
성신여대입구역,아차산역,30,14300,1
성신여대입구역,영등포시장역,36,17600,1
성신여대입구역,방이역,42,20900,1
성신여대입구역,보문역,2,1100,0
성신여대입구역,창신역,8,2200,1
성신여대입구역,효창공원앞역,26,12100,1
성신여대입구역,광흥창역,32,15400,1
성신여대입구역,월드컵경기장역,42,20900,1
성신여대입구역,고려대역,10,3300,1
성신여대입구역,공릉역,24,11000,1
성신여대입구역,어린이대공원역,32,13200,2
성신여대입구역,용마산역,38,18700,1
성신여대입구역,자양역,32,13200,2
성신여대입구역,하계역,22,9900,1
성신여대입구역,남성역,34,16500,1
성신여대입구역,암사역,40,17600,2
성신여대입구역,몽촌토성역,40,17600,2
성신여대입구역,강동구청역,40,17600,2
성신여대입구역,송파역,42,18700,2
성신여대입구역,석촌역,40,17600,2
성신여대입구역,노들역,34,16500,1
성신여대입구역,선유도역,44,23100,1
성신여대입구역,한성백제역,46,20900,2
성신여대입구역,양천향교역,54,29700,1
성신여대입구역,흑석역,32,15400,1
성신여대입구역,공항시장역,60,33000,1
솔밭공원역,제기동역,28,13200,1
솔밭공원역,동묘앞역,28,13200,1
솔밭공원역,신설동역,22,12100,0
솔밭공원역,외대앞역,34,16500,1
솔밭공원역,남영역,42,20900,1
솔밭공원역,문래역,60,28600,2
솔밭공원역,아현역,46,20900,2
솔밭공원역,한양대역,40,17600,2
솔밭공원역,잠실나루역,46,20900,2
솔밭공원역,양천구청역,62,29700,2
솔밭공원역,신정네거리역,64,30800,2
솔밭공원역,독립문역,44,19800,2
솔밭공원역,무악재역,46,20900,2
솔밭공원역,금호역,40,17600,2
솔밭공원역,옥수역,42,18700,2
솔밭공원역,잠원역,48,22000,2
솔밭공원역,한성대입구역,24,11000,1
솔밭공원역,성신여대입구역,18,9900,0
솔밭공원역,수유역,30,14300,1
솔밭공원역,이촌역,46,23100,1
솔밭공원역,동작역,48,24200,1
솔밭공원역,마장역,44,19800,2
솔밭공원역,애오개역,46,20900,2
솔밭공원역,신금호역,38,16500,2
솔밭공원역,아차산역,52,24200,2
솔밭공원역,영등포시장역,56,26400,2
솔밭공원역,방이역,64,30800,2
솔밭공원역,보문역,20,11000,0
솔밭공원역,창신역,26,12100,1
솔밭공원역,효창공원앞역,46,23100,1
솔밭공원역,광흥창역,52,26400,1
솔밭공원역,월드컵경기장역,62,31900,1
솔밭공원역,고려대역,28,13200,1
솔밭공원역,공릉역,44,19800,2
솔밭공원역,어린이대공원역,46,18700,3
솔밭공원역,용마산역,54,25300,2
솔밭공원역,자양역,46,18700,3
솔밭공원역,하계역,44,19800,2
솔밭공원역,남성역,56,26400,2
솔밭공원역,암사역,60,26400,3
솔밭공원역,몽촌토성역,54,23100,3
솔밭공원역,강동구청역,56,24200,3
솔밭공원역,송파역,56,24200,3
솔밭공원역,석촌역,54,23100,3
솔밭공원역,노들역,52,24200,2
솔밭공원역,선유도역,59,28600,2
솔밭공원역,한성백제역,66,28600,3
솔밭공원역,양천향교역,69,35200,2
솔밭공원역,흑석역,54,25300,2
솔밭공원역,공항시장역,74,38500,2
솔샘역,제기동역,16,6600,1
솔샘역,동묘앞역,16,6600,1
솔샘역,신설동역,10,5500,0
솔샘역,외대앞역,22,9900,1
솔샘역,남영역,30,14300,1
솔샘역,문래역,48,22000,2
솔샘역,아현역,34,14300,2
솔샘역,한양대역,28,11000,2
솔샘역,잠실나루역,34,14300,2
솔샘역,양천구청역,50,23100,2
솔샘역,신정네거리역,52,24200,2
솔샘역,독립문역,32,13200,2
솔샘역,무악재역,34,14300,2
솔샘역,금호역,28,11000,2
솔샘역,옥수역,30,12100,2
솔샘역,잠원역,36,15400,2
솔샘역,한성대입구역,12,4400,1
솔샘역,성신여대입구역,6,3300,0
솔샘역,수유역,18,7700,1
솔샘역,이촌역,34,16500,1
솔샘역,동작역,36,17600,1
솔샘역,마장역,32,13200,2
솔샘역,애오개역,34,14300,2
솔샘역,신금호역,26,9900,2
솔샘역,아차산역,40,17600,2
솔샘역,영등포시장역,44,19800,2
솔샘역,방이역,52,24200,2
솔샘역,보문역,8,4400,0
솔샘역,창신역,14,5500,1
솔샘역,효창공원앞역,34,16500,1
솔샘역,광흥창역,40,19800,1
솔샘역,월드컵경기장역,50,25300,1
솔샘역,고려대역,16,6600,1
솔샘역,공릉역,32,13200,2
솔샘역,어린이대공원역,34,12100,3
솔샘역,용마산역,42,18700,2
솔샘역,자양역,34,12100,3
솔샘역,하계역,32,13200,2
솔샘역,남성역,44,19800,2
솔샘역,암사역,48,19800,3
솔샘역,몽촌토성역,42,16500,3
솔샘역,강동구청역,44,17600,3
솔샘역,송파역,44,17600,3
솔샘역,석촌역,42,16500,3
솔샘역,노들역,40,17600,2
솔샘역,선유도역,47,22000,2
솔샘역,한성백제역,54,22000,3
솔샘역,양천향교역,57,28600,2
솔샘역,흑석역,42,18700,2
솔샘역,공항시장역,62,31900,2
송정역,제기동역,54,27500,1
송정역,동묘앞역,50,25300,1
송정역,신설동역,52,26400,1
송정역,외대앞역,60,30800,1
송정역,남영역,36,17600,1
송정역,문래역,26,12100,1
송정역,아현역,36,17600,1
송정역,한양대역,56,28600,1
송정역,잠실나루역,66,34100,1
송정역,양천구청역,18,7700,1
송정역,신정네거리역,16,6600,1
송정역,독립문역,52,26400,1
송정역,무악재역,54,27500,1
송정역,금호역,56,28600,1
송정역,옥수역,56,24200,1
송정역,잠원역,48,25300,2
송정역,한성대입구역,56,28600,1
송정역,성신여대입구역,58,29700,1
송정역,수유역,66,34100,1
송정역,이촌역,46,20900,1
송정역,동작역,37,20900,1
송정역,마장역,56,30800,0
송정역,애오개역,34,18700,0
송정역,신금호역,50,27500,0
송정역,아차산역,64,35200,0
송정역,영등포시장역,22,12100,0
송정역,방이역,76,41800,0
송정역,보문역,60,30800,1
송정역,창신역,58,29700,1
송정역,효창공원앞역,38,18700,1
송정역,광흥창역,40,19800,1
송정역,월드컵경기장역,26,4400,2
송정역,고려대역,64,33000,1
송정역,공릉역,84,44000,1
송정역,어린이대공원역,68,35200,1
송정역,용마산역,70,36300,1
송정역,자양역,58,30800,2
송정역,하계역,86,45100,1
송정역,남성역,48,22000,2
송정역,암사역,74,38500,1
송정역,몽촌토성역,67,37400,2
송정역,강동구청역,74,38500,1
송정역,송파역,65,36300,2
송정역,석촌역,59,35200,1
송정역,노들역,34,18700,1
송정역,선유도역,24,12100,1
송정역,한성백제역,63,37400,1
송정역,양천향교역,13,5500,1
송정역,흑석역,36,19800,1
송정역,공항시장역,8,2200,1
송파나루역,제기동역,36,14300,2
송파나루역,동묘앞역,40,16500,2
송파나루역,신설동역,38,15400,2
송파나루역,외대앞역,38,15400,2
송파나루역,남영역,37,20900,1
송파나루역,문래역,44,25300,1
송파나루역,아현역,49,25300,1
송파나루역,한양대역,29,14300,1
송파나루역,잠실나루역,17,7700,1
송파나루역,양천구청역,49,25300,2
송파나루역,신정네거리역,51,26400,2
송파나루역,독립문역,49,26400,1
송파나루역,무악재역,51,27500,1
송파나루역,금호역,33,17600,1
송파나루역,옥수역,31,16500,1
송파나루역,잠원역,25,13200,1
송파나루역,한성대입구역,52,28600,1
송파나루역,성신여대입구역,54,29700,1
송파나루역,수유역,62,34100,1
송파나루역,이촌역,30,16500,1
송파나루역,동작역,24,15400,0
송파나루역,마장역,26,12100,1
송파나루역,애오개역,45,25300,1
송파나루역,신금호역,32,15400,1
송파나루역,아차산역,18,7700,1
송파나루역,영등포시장역,41,23100,1
송파나루역,방이역,10,3300,1
송파나루역,보문역,45,20900,2
송파나루역,창신역,43,19800,2
송파나루역,효창공원앞역,42,18700,2
송파나루역,광흥창역,46,23100,2
송파나루역,월드컵경기장역,52,27500,2
송파나루역,고려대역,49,23100,2
송파나루역,공릉역,42,18700,2
송파나루역,어린이대공원역,26,9900,2
송파나루역,용마산역,28,11000,2
송파나루역,자양역,28,11000,2
송파나루역,하계역,44,19800,2
송파나루역,남성역,29,15400,1
송파나루역,암사역,16,6600,1
송파나루역,몽촌토성역,10,3300,1
송파나루역,강동구청역,12,4400,1
송파나루역,송파역,8,2200,1
송파나루역,석촌역,2,1100,0
송파나루역,노들역,28,17600,0
송파나루역,선유도역,38,24200,0
송파나루역,한성백제역,2,1100,0
송파나루역,양천향교역,48,30800,0
송파나루역,흑석역,26,16500,0
송파나루역,공항시장역,54,34100,0
송파역,제기동역,36,13200,3
송파역,동묘앞역,34,14300,2
송파역,신설동역,30,12100,2
송파역,외대앞역,40,14300,3
송파역,남영역,41,20900,2
송파역,문래역,46,23100,1
송파역,아현역,42,20900,1
송파역,한양대역,22,9900,1
송파역,잠실나루역,10,3300,1
송파역,양천구청역,52,24200,2
송파역,신정네거리역,54,25300,2
송파역,독립문역,54,27500,1
송파역,무악재역,56,28600,1
송파역,금호역,38,18700,1
송파역,옥수역,36,17600,1
송파역,잠원역,30,14300,1
송파역,한성대입구역,40,17600,2
송파역,성신여대입구역,42,18700,2
송파역,수유역,50,23100,2
송파역,이촌역,34,16500,2
송파역,동작역,28,15400,1
송파역,마장역,26,12100,1
송파역,애오개역,48,24200,1
송파역,신금호역,32,15400,1
송파역,아차산역,18,7700,1
송파역,영등포시장역,45,23100,2
송파역,방이역,22,9900,1
송파역,보문역,38,16500,2
송파역,창신역,36,15400,2
송파역,효창공원앞역,48,22000,2
송파역,광흥창역,54,25300,2
송파역,월드컵경기장역,60,28600,2
송파역,고려대역,42,18700,2
송파역,공릉역,42,18700,2
송파역,어린이대공원역,22,7700,2
송파역,용마산역,28,11000,2
송파역,자양역,22,7700,2
송파역,하계역,44,19800,2
송파역,남성역,33,15400,2
송파역,암사역,12,6600,0
송파역,몽촌토성역,6,3300,0
송파역,강동구청역,8,4400,0
송파역,송파역,0,0,0
송파역,석촌역,2,1100,0
송파역,노들역,32,17600,1
송파역,선유도역,42,24200,1
송파역,한성백제역,10,3300,1
송파역,양천향교역,52,30800,1
송파역,흑석역,30,16500,1
송파역,공항시장역,58,34100,1
수락산역,제기동역,30,14300,1
수락산역,동묘앞역,34,16500,1
수락산역,신설동역,32,15400,1
수락산역,외대앞역,24,11000,1
수락산역,남영역,48,24200,1
수락산역,문래역,60,28600,2
수락산역,아현역,46,20900,2
수락산역,한양대역,42,20900,1
수락산역,잠실나루역,42,20900,1
수락산역,양천구청역,68,33000,2
수락산역,신정네거리역,70,34100,2
수락산역,독립문역,46,20900,2
수락산역,무악재역,48,22000,2
수락산역,금호역,42,18700,2
수락산역,옥수역,42,16500,1
수락산역,잠원역,52,26400,1
수락산역,한성대입구역,24,11000,1
수락산역,성신여대입구역,22,9900,1
수락산역,수유역,14,5500,1
수락산역,이촌역,46,23100,1
수락산역,동작역,48,24200,1
수락산역,마장역,38,18700,1
수락산역,애오개역,46,20900,2
수락산역,신금호역,44,22000,1
수락산역,아차산역,34,16500,1
수락산역,영등포시장역,58,27500,2
수락산역,방이역,46,23100,1
수락산역,보문역,30,14300,1
수락산역,창신역,32,15400,1
수락산역,효창공원앞역,52,26400,1
수락산역,광흥창역,58,29700,1
수락산역,월드컵경기장역,68,35200,1
수락산역,고려대역,26,12100,1
수락산역,공릉역,10,5500,0
수락산역,어린이대공원역,30,16500,0
수락산역,용마산역,24,13200,0
수락산역,자양역,34,18700,0
수락산역,하계역,8,4400,0
수락산역,남성역,52,28600,0
수락산역,암사역,44,19800,2
수락산역,몽촌토성역,46,20900,2
수락산역,강동구청역,44,19800,2
수락산역,송파역,52,24200,2
수락산역,석촌역,50,23100,2
수락산역,노들역,59,30800,1
수락산역,선유도역,69,37400,1
수락산역,한성백제역,50,23100,2
수락산역,양천향교역,79,44000,1
수락산역,흑석역,57,29700,1
수락산역,공항시장역,85,47300,1
수색역,제기동역,32,13200,1
수색역,동묘앞역,28,11000,1
수색역,신설동역,30,12100,1
수색역,외대앞역,38,16500,1
수색역,남영역,18,5500,1
수색역,문래역,21,7700,1
수색역,아현역,19,6600,1
수색역,한양대역,39,17600,1
수색역,잠실나루역,51,24200,1
수색역,양천구청역,31,11000,2
수색역,신정네거리역,33,12100,2
수색역,독립문역,29,11000,2
수색역,무악재역,27,9900,2
수색역,금호역,39,13200,1
수색역,옥수역,33,12100,0
수색역,잠원역,43,15400,1
수색역,한성대입구역,30,12100,1
수색역,성신여대입구역,32,13200,1
수색역,수유역,40,17600,1
수색역,이촌역,24,8800,0
수색역,동작역,26,9900,1
수색역,마장역,43,18700,1
수색역,애오개역,21,6600,1
수색역,신금호역,37,15400,1
수색역,아차산역,51,23100,1
수색역,영등포시장역,29,11000,1
수색역,방이역,63,29700,1
수색역,보문역,43,18700,1
수색역,창신역,41,17600,1
수색역,효창공원앞역,18,6600,0
수색역,광흥창역,19,7700,1
수색역,월드컵경기장역,9,2200,1
수색역,고려대역,47,20900,1
수색역,공릉역,63,23100,1
수색역,어린이대공원역,51,22000,2
수색역,용마산역,61,22000,1
수색역,자양역,48,19800,2
수색역,하계역,54,23100,2
수색역,남성역,34,12100,2
수색역,암사역,61,26400,2
수색역,몽촌토성역,59,26400,2
수색역,강동구청역,61,27500,2
수색역,송파역,61,27500,2
수색역,석촌역,52,24200,2
수색역,노들역,28,8800,2
수색역,선유도역,23,6600,2
수색역,한성백제역,56,26400,2
수색역,양천향교역,20,3300,2
수색역,흑석역,30,9900,2
수색역,공항시장역,22,4400,2
수서역,제기동역,36,14300,1
수서역,동묘앞역,40,16500,1
수서역,신설동역,38,15400,1
수서역,외대앞역,38,15400,1
수서역,남영역,42,19800,2
수서역,문래역,46,23100,1
수서역,아현역,50,22000,1
수서역,한양대역,34,13200,1
수서역,잠실나루역,18,5500,2
수서역,양천구청역,52,24200,2
수서역,신정네거리역,54,25300,2
수서역,독립문역,46,25300,0
수서역,무악재역,48,26400,0
수서역,금호역,30,16500,0
수서역,옥수역,28,15400,0
수서역,잠원역,22,12100,0
수서역,한성대입구역,48,24200,1
수서역,성신여대입구역,50,25300,1
수서역,수유역,58,29700,1
수서역,이촌역,42,18700,1
수서역,동작역,29,14300,1
수서역,마장역,32,15400,1
수서역,애오개역,52,23100,1
수서역,신금호역,36,14300,1
수서역,아차산역,24,11000,1
수서역,영등포시장역,46,22000,2
수서역,방이역,12,4400,1
수서역,보문역,46,23100,1
수서역,창신역,44,22000,1
수서역,효창공원앞역,48,20900,1
수서역,광흥창역,54,27500,1
수서역,월드컵경기장역,64,33000,1
수서역,고려대역,50,25300,1
수서역,공릉역,52,24200,1
수서역,어린이대공원역,32,13200,1
수서역,용마산역,38,16500,1
수서역,자양역,28,11000,1
수서역,하계역,54,25300,1
수서역,남성역,30,14300,1
수서역,암사역,20,8800,1
수서역,몽촌토성역,14,5500,1
수서역,강동구청역,16,6600,1
수서역,송파역,8,2200,1
수서역,석촌역,10,3300,1
수서역,노들역,33,16500,1
수서역,선유도역,43,23100,1
수서역,한성백제역,18,5500,2
수서역,양천향교역,53,29700,1
수서역,흑석역,31,15400,1
수서역,공항시장역,59,33000,1
수유역,제기동역,24,11000,1
수유역,동묘앞역,20,8800,1
수유역,신설동역,16,6600,1
수유역,외대앞역,20,8800,1
수유역,남영역,30,14300,1
수유역,문래역,46,23100,1
수유역,아현역,32,15400,1
수유역,한양대역,28,13200,1
수유역,잠실나루역,40,19800,1
수유역,양천구청역,50,23100,2
수유역,신정네거리역,52,24200,2
수유역,독립문역,32,15400,1
수유역,무악재역,34,16500,1
수유역,금호역,28,13200,1
수유역,옥수역,30,14300,1
수유역,잠원역,36,17600,1
수유역,한성대입구역,10,5500,0
수유역,성신여대입구역,8,4400,0
수유역,수유역,0,0,0
수유역,이촌역,32,17600,0
수유역,동작역,34,18700,0
수유역,마장역,30,14300,1
수유역,애오개역,32,15400,1
수유역,신금호역,24,11000,1
수유역,아차산역,38,18700,1
수유역,영등포시장역,44,22000,1
수유역,방이역,50,25300,1
수유역,보문역,14,5500,1
수유역,창신역,20,6600,2
수유역,효창공원앞역,34,16500,1
수유역,광흥창역,40,19800,1
수유역,월드컵경기장역,50,25300,1
수유역,고려대역,22,7700,2
수유역,공릉역,16,6600,1
수유역,어린이대공원역,36,17600,1
수유역,용마산역,30,14300,1
수유역,자양역,40,19800,1
수유역,하계역,14,5500,1
수유역,남성역,42,20900,1
수유역,암사역,48,22000,2
수유역,몽촌토성역,48,22000,2
수유역,강동구청역,48,22000,2
수유역,송파역,50,23100,2
수유역,석촌역,48,22000,2
수유역,노들역,42,20900,1
수유역,선유도역,52,27500,1
수유역,한성백제역,54,25300,2
수유역,양천향교역,62,34100,1
수유역,흑석역,40,19800,1
수유역,공항시장역,68,37400,1
숙대입구역,제기동역,22,9900,1
숙대입구역,동묘앞역,18,7700,1
숙대입구역,신설동역,20,8800,1
숙대입구역,외대앞역,28,13200,1
숙대입구역,남영역,8,2200,1
숙대입구역,문래역,34,16500,1
숙대입구역,아현역,16,4400,2
숙대입구역,한양대역,22,9900,1
숙대입구역,잠실나루역,34,16500,1
숙대입구역,양천구청역,28,11000,2
숙대입구역,신정네거리역,30,12100,2
숙대입구역,독립문역,22,9900,1
숙대입구역,무악재역,24,11000,1
숙대입구역,금호역,18,7700,1
숙대입구역,옥수역,20,6600,1
숙대입구역,잠원역,26,12100,1
숙대입구역,한성대입구역,16,8800,0
숙대입구역,성신여대입구역,18,9900,0
숙대입구역,수유역,26,14300,0
숙대입구역,이촌역,6,3300,0
숙대입구역,동작역,8,4400,0
숙대입구역,마장역,24,11000,1
숙대입구역,애오개역,16,4400,2
숙대입구역,신금호역,18,7700,1
숙대입구역,아차산역,32,15400,1
숙대입구역,영등포시장역,22,7700,2
숙대입구역,방이역,44,22000,1
숙대입구역,보문역,24,11000,1
숙대입구역,창신역,24,11000,1
숙대입구역,효창공원앞역,8,2200,1
숙대입구역,광흥창역,14,5500,1
숙대입구역,월드컵경기장역,24,11000,1
숙대입구역,고려대역,30,14300,1
숙대입구역,공릉역,42,20900,1
숙대입구역,어린이대공원역,34,16500,1
숙대입구역,용마산역,40,19800,1
숙대입구역,자양역,30,14300,1
숙대입구역,하계역,40,19800,1
숙대입구역,남성역,16,6600,1
숙대입구역,암사역,42,18700,2
숙대입구역,몽촌토성역,42,18700,2
숙대입구역,강동구청역,42,18700,2
숙대입구역,송파역,40,19800,2
숙대입구역,석촌역,34,18700,1
숙대입구역,노들역,16,6600,1
숙대입구역,선유도역,26,13200,1
숙대입구역,한성백제역,38,20900,1
숙대입구역,양천향교역,36,19800,1
숙대입구역,흑석역,14,5500,1
숙대입구역,공항시장역,42,23100,1
숭실대입구역,제기동역,38,14300,2
숭실대입구역,동묘앞역,34,14300,2
숭실대입구역,신설동역,38,16500,2
숭실대입구역,외대앞역,40,15400,2
숭실대입구역,남영역,26,9900,2
숭실대입구역,문래역,20,8800,1
숭실대입구역,아현역,34,16500,1
숭실대입구역,한양대역,32,15400,1
숭실대입구역,잠실나루역,32,15400,1
숭실대입구역,양천구청역,26,9900,2
숭실대입구역,신정네거리역,28,11000,2
숭실대입구역,독립문역,38,18700,1
숭실대입구역,무악재역,40,19800,1
숭실대입구역,금호역,22,9900,1
숭실대입구역,옥수역,20,8800,1
숭실대입구역,잠원역,14,5500,1
숭실대입구역,한성대입구역,34,16500,1
숭실대입구역,성신여대입구역,36,17600,1
숭실대입구역,수유역,44,22000,1
숭실대입구역,이촌역,12,4400,1
숭실대입구역,동작역,10,3300,1
숭실대입구역,마장역,36,17600,1
숭실대입구역,애오개역,38,17600,2
숭실대입구역,신금호역,42,20900,1
숭실대입구역,아차산역,32,15400,1
숭실대입구역,영등포시장역,28,11000,2
숭실대입구역,방이역,44,22000,1
숭실대입구역,보문역,38,16500,2
숭실대입구역,창신역,36,15400,2
숭실대입구역,효창공원앞역,24,6600,2
숭실대입구역,광흥창역,28,11000,2
숭실대입구역,월드컵경기장역,36,15400,2
숭실대입구역,고려대역,42,18700,2
숭실대입구역,공릉역,44,24200,0
숭실대입구역,어린이대공원역,24,13200,0
숭실대입구역,용마산역,30,16500,0
숭실대입구역,자양역,20,11000,0
숭실대입구역,하계역,46,25300,0
숭실대입구역,남성역,2,1100,0
숭실대입구역,암사역,42,18700,2
숭실대입구역,몽촌토성역,37,17600,2
숭실대입구역,강동구청역,39,18700,2
숭실대입구역,송파역,35,16500,2
숭실대입구역,석촌역,29,15400,1
숭실대입구역,노들역,21,9900,1
숭실대입구역,선유도역,31,16500,1
숭실대입구역,한성백제역,33,17600,1
숭실대입구역,양천향교역,41,23100,1
숭실대입구역,흑석역,19,8800,1
숭실대입구역,공항시장역,47,26400,1
시청역,제기동역,14,7700,0
시청역,동묘앞역,10,5500,0
시청역,신설동역,12,6600,0
시청역,외대앞역,20,11000,0
시청역,남영역,4,2200,0
시청역,문래역,18,9900,0
시청역,아현역,4,2200,0
시청역,한양대역,16,8800,0
시청역,잠실나루역,28,15400,0
시청역,양천구청역,24,11000,1
시청역,신정네거리역,26,12100,1
시청역,독립문역,14,5500,1
시청역,무악재역,16,6600,1
시청역,금호역,16,6600,1
시청역,옥수역,18,7700,1
시청역,잠원역,24,11000,1
시청역,한성대입구역,16,6600,1
시청역,성신여대입구역,18,7700,1
시청역,수유역,26,12100,1
시청역,이촌역,14,4400,1
시청역,동작역,16,6600,1
시청역,마장역,20,8800,1
시청역,애오개역,8,2200,1
시청역,신금호역,16,6600,1
시청역,아차산역,28,13200,1
시청역,영등포시장역,18,7700,1
시청역,방이역,40,19800,1
시청역,보문역,18,7700,1
시청역,창신역,16,6600,1
시청역,효창공원앞역,14,4400,1
시청역,광흥창역,20,8800,1
시청역,월드컵경기장역,22,9900,1
시청역,고려대역,22,9900,1
시청역,공릉역,36,15400,2
시청역,어린이대공원역,28,13200,1
시청역,용마산역,34,16500,1
시청역,자양역,28,13200,1
시청역,하계역,38,16500,2
시청역,남성역,24,8800,2
시청역,암사역,42,20900,1
시청역,몽촌토성역,36,17600,1
시청역,강동구청역,38,18700,1
시청역,송파역,38,18700,1
시청역,석촌역,36,17600,1
시청역,노들역,14,5500,1
시청역,선유도역,20,8800,1
시청역,한성백제역,43,24200,1
시청역,양천향교역,30,15400,1
시청역,흑석역,16,6600,1
시청역,공항시장역,36,18700,1
신금호역,제기동역,22,9900,1
신금호역,동묘앞역,10,3300,1
신금호역,신설동역,20,8800,1
신금호역,외대앞역,20,5500,2
신금호역,남영역,20,8800,1
신금호역,문래역,34,16500,1
신금호역,아현역,20,8800,1
신금호역,한양대역,10,3300,1
신금호역,잠실나루역,22,9900,1
신금호역,양천구청역,48,24200,1
신금호역,신정네거리역,46,23100,1
신금호역,독립문역,18,7700,1
신금호역,무악재역,20,8800,1
신금호역,금호역,22,9900,1
신금호역,옥수역,16,4400,1
신금호역,잠원역,30,14300,1
신금호역,한성대입구역,14,5500,1
신금호역,성신여대입구역,16,6600,1
신금호역,수유역,24,11000,1
신금호역,이촌역,24,7700,1
신금호역,동작역,26,12100,1
신금호역,마장역,6,3300,0
신금호역,애오개역,16,8800,0
신금호역,신금호역,0,0,0
신금호역,아차산역,14,7700,0
신금호역,영등포시장역,28,15400,0
신금호역,방이역,26,14300,0
신금호역,보문역,14,5500,1
신금호역,창신역,12,4400,1
신금호역,효창공원앞역,20,8800,1
신금호역,광흥창역,26,12100,1
신금호역,월드컵경기장역,36,17600,1
신금호역,고려대역,18,7700,1
신금호역,공릉역,34,16500,1
신금호역,어린이대공원역,18,7700,1
신금호역,용마산역,20,8800,1
신금호역,자양역,22,9900,1
신금호역,하계역,36,17600,1
신금호역,남성역,40,19800,1
신금호역,암사역,24,11000,1
신금호역,몽촌토성역,26,12100,1
신금호역,강동구청역,24,11000,1
신금호역,송파역,32,15400,1
신금호역,석촌역,30,14300,1
신금호역,노들역,33,16500,1
신금호역,선유도역,33,16500,1
신금호역,한성백제역,30,14300,1
신금호역,양천향교역,44,23100,1
신금호역,흑석역,35,17600,1
신금호역,공항시장역,49,26400,1
신길역,제기동역,26,14300,0
신길역,동묘앞역,22,12100,0
신길역,신설동역,24,13200,0
신길역,외대앞역,32,17600,0
신길역,남영역,8,4400,0
신길역,문래역,10,3300,1
신길역,아현역,18,7700,1
신길역,한양대역,32,15400,1
신길역,잠실나루역,44,22000,1
신길역,양천구청역,12,4400,1
신길역,신정네거리역,14,5500,1
신길역,독립문역,26,12100,1
신길역,무악재역,28,13200,1
신길역,금호역,30,14300,1
신길역,옥수역,24,7700,1
신길역,잠원역,24,9900,2
신길역,한성대입구역,28,13200,1
신길역,성신여대입구역,30,14300,1
신길역,수유역,38,18700,1
신길역,이촌역,14,4400,1
신길역,동작역,13,5500,1
신길역,마장역,32,17600,0
신길역,애오개역,10,5500,0
신길역,신금호역,26,14300,0
신길역,아차산역,40,22000,0
신길역,영등포시장역,2,1100,0
신길역,방이역,52,28600,0
신길역,보문역,30,14300,1
신길역,창신역,28,13200,1
신길역,효창공원앞역,14,4400,1
신길역,광흥창역,16,6600,1
신길역,월드컵경기장역,26,12100,1
신길역,고려대역,34,16500,1
신길역,공릉역,48,22000,2
신길역,어린이대공원역,44,22000,1
신길역,용마산역,46,23100,1
신길역,자양역,34,15400,2
신길역,하계역,50,23100,2
신길역,남성역,30,14300,1
신길역,암사역,50,25300,1
신길역,몽촌토성역,43,22000,2
신길역,강동구청역,50,25300,1
신길역,송파역,41,20900,2
신길역,석촌역,35,19800,1
신길역,노들역,10,3300,1
신길역,선유도역,11,4400,1
신길역,한성백제역,39,22000,1
신길역,양천향교역,22,11000,1
신길역,흑석역,12,4400,1
신길역,공항시장역,27,14300,1
신내역,제기동역,22,9900,1
신내역,동묘앞역,24,13200,0
신내역,신설동역,24,11000,1
신내역,외대앞역,16,6600,1
신내역,남영역,40,19800,1
신내역,문래역,58,29700,1
신내역,아현역,44,22000,1
신내역,한양대역,36,17600,1
신내역,잠실나루역,34,13200,2
신내역,양천구청역,60,28600,2
신내역,신정네거리역,62,29700,2
신내역,독립문역,48,24200,1
신내역,무악재역,50,25300,1
신내역,금호역,36,17600,1
신내역,옥수역,30,8800,1
신내역,잠원역,44,22000,1
신내역,한성대입구역,32,13200,2
신내역,성신여대입구역,26,12100,1
신내역,수유역,28,11000,2
신내역,이촌역,38,12100,1
신내역,동작역,50,25300,1
신내역,마장역,30,7700,2
신내역,애오개역,46,23100,1
신내역,신금호역,34,16500,1
신내역,아차산역,26,8800,2
신내역,영등포시장역,58,29700,1
신내역,방이역,38,15400,2
신내역,보문역,20,11000,0
신내역,창신역,22,12100,0
신내역,효창공원앞역,42,23100,0
신내역,광흥창역,48,26400,0
신내역,월드컵경기장역,58,31900,0
신내역,고려대역,16,8800,0
신내역,공릉역,12,4400,1
신내역,어린이대공원역,22,8800,1
신내역,용마산역,16,5500,1
신내역,자양역,26,11000,1
신내역,하계역,14,5500,1
신내역,남성역,44,20900,1
신내역,암사역,36,12100,3
신내역,몽촌토성역,38,13200,3
신내역,강동구청역,36,12100,3
신내역,송파역,44,16500,3
신내역,석촌역,42,15400,3
신내역,노들역,50,23100,2
신내역,선유도역,57,27500,2
신내역,한성백제역,42,15400,3
신내역,양천향교역,67,34100,2
신내역,흑석역,49,22000,2
신내역,공항시장역,72,37400,2
신논현역,제기동역,27,8800,2
신논현역,동묘앞역,27,9900,2
신논현역,신설동역,29,9900,2
신논현역,외대앞역,29,9900,2
신논현역,남영역,22,11000,1
신논현역,문래역,28,15400,1
신논현역,아현역,34,18700,1
신논현역,한양대역,30,15400,1
신논현역,잠실나루역,18,8800,1
신논현역,양천구청역,34,15400,2
신논현역,신정네거리역,36,16500,2
신논현역,독립문역,31,14300,1
신논현역,무악재역,33,15400,1
신논현역,금호역,15,5500,1
신논현역,옥수역,13,4400,1
신논현역,잠원역,9,3300,1
신논현역,한성대입구역,36,18700,1
신논현역,성신여대입구역,38,19800,1
신논현역,수유역,46,24200,1
신논현역,이촌역,14,6600,1
신논현역,동작역,8,5500,0
신논현역,마장역,25,7700,2
신논현역,애오개역,29,15400,1
신논현역,신금호역,27,8800,2
신논현역,아차산역,33,17600,1
신논현역,영등포시장역,25,13200,1
신논현역,방이역,25,13200,1
신논현역,보문역,31,12100,2
신논현역,창신역,29,11000,2
신논현역,효창공원앞역,26,8800,2
신논현역,광흥창역,30,13200,2
신논현역,월드컵경기장역,36,17600,2
신논현역,고려대역,35,14300,2
신논현역,공릉역,38,18700,1
신논현역,어린이대공원역,18,7700,1
신논현역,용마산역,24,11000,1
신논현역,자양역,14,5500,1
신논현역,하계역,40,19800,1
신논현역,남성역,13,5500,1
신논현역,암사역,28,14300,1
신논현역,몽촌토성역,22,11000,1
신논현역,강동구청역,24,12100,1
신논현역,송파역,20,9900,1
신논현역,석촌역,14,8800,0
신논현역,노들역,12,7700,0
신논현역,선유도역,22,14300,0
신논현역,한성백제역,18,11000,0
신논현역,양천향교역,33,20900,0
신논현역,흑석역,10,6600,0
신논현역,공항시장역,38,24200,0
신답역,제기동역,10,3300,1
신답역,동묘앞역,10,3300,1
신답역,신설동역,4,2200,0
신답역,외대앞역,16,6600,1
신답역,남영역,24,11000,1
신답역,문래역,46,23100,1
신답역,아현역,32,15400,1
신답역,한양대역,12,4400,1
신답역,잠실나루역,16,6600,1
신답역,양천구청역,44,19800,2
신답역,신정네거리역,46,20900,2
신답역,독립문역,26,9900,2
신답역,무악재역,28,11000,2
신답역,금호역,30,12100,2
신답역,옥수역,26,7700,2
신답역,잠원역,38,16500,2
신답역,한성대입구역,18,5500,2
신답역,성신여대입구역,12,4400,1
신답역,수유역,24,8800,2
신답역,이촌역,34,11000,2
신답역,동작역,36,15400,2
신답역,마장역,20,6600,2
신답역,애오개역,28,11000,2
신답역,신금호역,22,7700,2
신답역,아차산역,28,11000,2
신답역,영등포시장역,38,16500,2
신답역,방이역,40,17600,2
신답역,보문역,10,3300,1
신답역,창신역,16,4400,2
신답역,효창공원앞역,32,13200,2
신답역,광흥창역,38,16500,2
신답역,월드컵경기장역,48,22000,2
신답역,고려대역,18,5500,2
신답역,공릉역,36,15400,2
신답역,어린이대공원역,16,4400,2
신답역,용마산역,22,7700,2
신답역,자양역,16,4400,2
신답역,하계역,38,16500,2
신답역,남성역,34,14300,2
신답역,암사역,30,12100,2
신답역,몽촌토성역,24,8800,2
신답역,강동구청역,26,9900,2
신답역,송파역,26,9900,2
신답역,석촌역,24,8800,2
신답역,노들역,34,14300,2
신답역,선유도역,41,18700,2
신답역,한성백제역,35,15400,2
신답역,양천향교역,51,25300,2
신답역,흑석역,36,15400,2
신답역,공항시장역,56,28600,2
신당역,제기동역,10,3300,1
신당역,동묘앞역,2,1100,0
신당역,신설동역,8,2200,1
신당역,외대앞역,16,6600,1
신당역,남영역,18,7700,1
신당역,문래역,28,15400,0
신당역,아현역,14,7700,0
신당역,한양대역,6,3300,0
신당역,잠실나루역,18,9900,0
신당역,양천구청역,38,18700,1
신당역,신정네거리역,40,19800,1
신당역,독립문역,18,7700,1
신당역,무악재역,20,8800,1
신당역,금호역,10,3300,1
신당역,옥수역,12,4400,1
신당역,잠원역,18,7700,1
신당역,한성대입구역,12,4400,1
신당역,성신여대입구역,12,4400,1
신당역,수유역,22,9900,1
신당역,이촌역,22,9900,1
신당역,동작역,24,11000,1
신당역,마장역,10,3300,1
신당역,애오개역,18,7700,1
신당역,신금호역,8,2200,1
신당역,아차산역,18,7700,1
신당역,영등포시장역,30,14300,1
신당역,방이역,30,14300,1
신당역,보문역,6,3300,0
신당역,창신역,4,2200,0
신당역,효창공원앞역,16,8800,0
신당역,광흥창역,22,12100,0
신당역,월드컵경기장역,32,17600,0
신당역,고려대역,10,5500,0
신당역,공릉역,26,12100,1
신당역,어린이대공원역,18,7700,1
신당역,용마산역,24,11000,1
신당역,자양역,18,7700,1
신당역,하계역,28,13200,1
신당역,남성역,36,17600,1
신당역,암사역,32,15400,1
신당역,몽촌토성역,26,12100,1
신당역,강동구청역,28,13200,1
신당역,송파역,28,13200,1
신당역,석촌역,26,12100,1
신당역,노들역,28,11000,2
신당역,선유도역,30,14300,1
신당역,한성백제역,37,18700,1
신당역,양천향교역,40,20900,1
신당역,흑석역,30,12100,2
신당역,공항시장역,46,24200,1
신대방삼거리역,제기동역,38,16500,2
신대방삼거리역,동묘앞역,34,14300,2
신대방삼거리역,신설동역,36,15400,2
신대방삼거리역,외대앞역,44,19800,2
신대방삼거리역,남영역,20,6600,2
신대방삼거리역,문래역,14,5500,1
신대방삼거리역,아현역,28,13200,1
신대방삼거리역,한양대역,38,18700,1
신대방삼거리역,잠실나루역,38,18700,1
신대방삼거리역,양천구청역,20,6600,2
신대방삼거리역,신정네거리역,22,7700,2
신대방삼거리역,독립문역,44,22000,1
신대방삼거리역,무악재역,46,23100,1
신대방삼거리역,금호역,28,13200,1
신대방삼거리역,옥수역,26,12100,1
신대방삼거리역,잠원역,20,8800,1
신대방삼거리역,한성대입구역,40,19800,1
신대방삼거리역,성신여대입구역,42,20900,1
신대방삼거리역,수유역,50,25300,1
신대방삼거리역,이촌역,18,7700,1
신대방삼거리역,동작역,16,6600,1
신대방삼거리역,마장역,42,20900,1
신대방삼거리역,애오개역,34,14300,2
신대방삼거리역,신금호역,48,24200,1
신대방삼거리역,아차산역,38,18700,1
신대방삼거리역,영등포시장역,22,7700,2
신대방삼거리역,방이역,50,25300,1
신대방삼거리역,보문역,44,19800,2
신대방삼거리역,창신역,42,18700,2
신대방삼거리역,효창공원앞역,30,9900,2
신대방삼거리역,광흥창역,28,11000,2
신대방삼거리역,월드컵경기장역,30,12100,2
신대방삼거리역,고려대역,48,22000,2
신대방삼거리역,공릉역,50,27500,0
신대방삼거리역,어린이대공원역,30,16500,0
신대방삼거리역,용마산역,36,19800,0
신대방삼거리역,자양역,26,14300,0
신대방삼거리역,하계역,52,28600,0
신대방삼거리역,남성역,8,4400,0
신대방삼거리역,암사역,48,22000,2
신대방삼거리역,몽촌토성역,43,20900,2
신대방삼거리역,강동구청역,45,22000,2
신대방삼거리역,송파역,41,19800,2
신대방삼거리역,석촌역,35,18700,1
신대방삼거리역,노들역,27,13200,1
신대방삼거리역,선유도역,23,8800,2
신대방삼거리역,한성백제역,39,20900,1
신대방삼거리역,양천향교역,33,15400,2
신대방삼거리역,흑석역,25,12100,1
신대방삼거리역,공항시장역,39,18700,2
신대방역,제기동역,40,19800,1
신대방역,동묘앞역,36,17600,1
신대방역,신설동역,38,18700,1
신대방역,외대앞역,46,23100,1
신대방역,남영역,22,9900,1
신대방역,문래역,8,4400,0
신대방역,아현역,22,12100,0
신대방역,한양대역,42,23100,0
신대방역,잠실나루역,32,17600,0
신대방역,양천구청역,14,5500,1
신대방역,신정네거리역,16,6600,1
신대방역,독립문역,42,20900,1
신대방역,무악재역,44,22000,1
신대방역,금호역,32,15400,1
신대방역,옥수역,30,14300,1
신대방역,잠원역,24,11000,1
신대방역,한성대입구역,42,20900,1
신대방역,성신여대입구역,44,22000,1
신대방역,수유역,52,26400,1
신대방역,이촌역,20,8800,1
신대방역,동작역,18,7700,1
신대방역,마장역,46,23100,1
신대방역,애오개역,28,13200,1
신대방역,신금호역,42,20900,1
신대방역,아차산역,54,27500,1
신대방역,영등포시장역,16,6600,1
신대방역,방이역,46,22000,2
신대방역,보문역,46,23100,1
신대방역,창신역,44,22000,1
신대방역,효창공원앞역,28,13200,1
신대방역,광흥창역,22,9900,1
신대방역,월드컵경기장역,24,11000,1
신대방역,고려대역,50,25300,1
신대방역,공릉역,64,33000,1
신대방역,어린이대공원역,44,22000,1
신대방역,용마산역,50,25300,1
신대방역,자양역,40,19800,1
신대방역,하계역,66,34100,1
신대방역,남성역,22,9900,1
신대방역,암사역,42,20900,1
신대방역,몽촌토성역,36,17600,1
신대방역,강동구청역,38,18700,1
신대방역,송파역,38,18700,1
신대방역,석촌역,35,17600,1
신대방역,노들역,25,12100,1
신대방역,선유도역,18,7700,1
신대방역,한성백제역,39,19800,1
신대방역,양천향교역,28,14300,1
신대방역,흑석역,27,13200,1
신대방역,공항시장역,34,17600,1
신도림역,제기동역,30,16500,0
신도림역,동묘앞역,26,14300,0
신도림역,신설동역,28,15400,0
신도림역,외대앞역,36,19800,0
신도림역,남영역,12,6600,0
신도림역,문래역,2,1100,0
신도림역,아현역,16,8800,0
신도림역,한양대역,36,19800,0
신도림역,잠실나루역,38,20900,0
신도림역,양천구청역,4,2200,0
신도림역,신정네거리역,6,3300,0
신도림역,독립문역,30,14300,1
신도림역,무악재역,32,15400,1
신도림역,금호역,34,16500,1
신도림역,옥수역,28,9900,1
신도림역,잠원역,30,14300,1
신도림역,한성대입구역,32,15400,1
신도림역,성신여대입구역,34,16500,1
신도림역,수유역,42,20900,1
신도림역,이촌역,18,6600,1
신도림역,동작역,17,7700,1
신도림역,마장역,38,18700,1
신도림역,애오개역,18,7700,1
신도림역,신금호역,32,15400,1
신도림역,아차산역,46,23100,1
신도림역,영등포시장역,10,3300,1
신도림역,방이역,58,29700,1
신도림역,보문역,34,16500,1
신도림역,창신역,32,15400,1
신도림역,효창공원앞역,18,6600,1
신도림역,광흥창역,16,6600,1
신도림역,월드컵경기장역,18,7700,1
신도림역,고려대역,38,18700,1
신도림역,공릉역,52,24200,2
신도림역,어린이대공원역,42,20900,1
신도림역,용마산역,48,24200,1
신도림역,자양역,38,18700,1
신도림역,하계역,54,25300,2
신도림역,남성역,20,8800,1
신도림역,암사역,48,24200,1
신도림역,몽촌토성역,42,20900,1
신도림역,강동구청역,44,22000,1
신도림역,송파역,44,22000,1
신도림역,석촌역,39,22000,1
신도림역,노들역,14,5500,1
신도림역,선유도역,12,4400,1
신도림역,한성백제역,43,24200,1
신도림역,양천향교역,22,11000,1
신도림역,흑석역,16,6600,1
신도림역,공항시장역,28,14300,1
신림역,제기동역,40,19800,1
신림역,동묘앞역,36,17600,1
신림역,신설동역,38,18700,1
신림역,외대앞역,46,23100,1
신림역,남영역,22,9900,1
신림역,문래역,10,5500,0
신림역,아현역,24,13200,0
신림역,한양대역,42,23100,0
신림역,잠실나루역,30,16500,0
신림역,양천구청역,16,6600,1
신림역,신정네거리역,18,7700,1
신림역,독립문역,44,22000,1
신림역,무악재역,46,23100,1
신림역,금호역,30,14300,1
신림역,옥수역,28,13200,1
신림역,잠원역,22,9900,1
신림역,한성대입구역,40,19800,1
신림역,성신여대입구역,42,20900,1
신림역,수유역,50,25300,1
신림역,이촌역,18,7700,1
신림역,동작역,16,6600,1
신림역,마장역,48,24200,1
신림역,애오개역,30,14300,1
신림역,신금호역,44,22000,1
신림역,아차산역,46,20900,2
신림역,영등포시장역,18,7700,1
신림역,방이역,44,20900,2
신림역,보문역,48,24200,1
신림역,창신역,46,23100,1
신림역,효창공원앞역,30,14300,1
신림역,광흥창역,24,11000,1
신림역,월드컵경기장역,26,12100,1
신림역,고려대역,52,26400,1
신림역,공릉역,62,31900,1
신림역,어린이대공원역,42,20900,1
신림역,용마산역,48,24200,1
신림역,자양역,40,19800,1
신림역,하계역,64,33000,1
신림역,남성역,22,9900,1
신림역,암사역,40,19800,1
신림역,몽촌토성역,34,16500,1
신림역,강동구청역,36,17600,1
신림역,송파역,36,17600,1
신림역,석촌역,33,16500,1
신림역,노들역,22,9900,1
신림역,선유도역,20,8800,1
신림역,한성백제역,37,18700,1
신림역,양천향교역,30,15400,1
신림역,흑석역,24,11000,1
신림역,공항시장역,36,18700,1
신목동역,제기동역,37,18700,1
신목동역,동묘앞역,33,16500,1
신목동역,신설동역,35,17600,1
신목동역,외대앞역,43,22000,1
신목동역,남영역,19,8800,1
신목동역,문래역,12,4400,1
신목동역,아현역,18,7700,1
신목동역,한양대역,38,18700,1
신목동역,잠실나루역,43,24200,1
신목동역,양천구청역,22,7700,2
신목동역,신정네거리역,24,8800,2
신목동역,독립문역,37,16500,2
신목동역,무악재역,39,17600,2
신목동역,금호역,35,18700,1
신목동역,옥수역,33,17600,1
신목동역,잠원역,27,14300,1
신목동역,한성대입구역,44,23100,1
신목동역,성신여대입구역,46,24200,1
신목동역,수유역,54,28600,1
신목동역,이촌역,22,11000,1
신목동역,동작역,16,9900,0
신목동역,마장역,41,20900,1
신목동역,애오개역,19,8800,1
신목동역,신금호역,35,17600,1
신목동역,아차산역,49,25300,1
신목동역,영등포시장역,15,6600,1
신목동역,방이역,49,28600,1
신목동역,보문역,41,18700,2
신목동역,창신역,39,17600,2
신목동역,효창공원앞역,23,8800,2
신목동역,광흥창역,18,5500,2
신목동역,월드컵경기장역,20,6600,2
신목동역,고려대역,45,20900,2
신목동역,공릉역,61,33000,1
신목동역,어린이대공원역,41,22000,1
신목동역,용마산역,47,25300,1
신목동역,자양역,37,19800,1
신목동역,하계역,63,34100,1
신목동역,남성역,31,16500,1
신목동역,암사역,52,29700,1
신목동역,몽촌토성역,46,26400,1
신목동역,강동구청역,48,27500,1
신목동역,송파역,44,25300,1
신목동역,석촌역,38,24200,0
신목동역,노들역,13,7700,0
신목동역,선유도역,2,1100,0
신목동역,한성백제역,42,26400,0
신목동역,양천향교역,9,5500,0
신목동역,흑석역,15,8800,0
신목동역,공항시장역,14,8800,0
신반포역,제기동역,35,17600,1
신반포역,동묘앞역,31,15400,1
신반포역,신설동역,33,16500,1
신반포역,외대앞역,41,20900,1
신반포역,남영역,17,7700,1
신반포역,문래역,24,12100,1
신반포역,아현역,30,15400,1
신반포역,한양대역,36,18700,1
신반포역,잠실나루역,24,12100,1
신반포역,양천구청역,29,12100,2
신반포역,신정네거리역,31,13200,2
신반포역,독립문역,32,15400,1
신반포역,무악재역,34,16500,1
신반포역,금호역,16,6600,1
신반포역,옥수역,14,5500,1
신반포역,잠원역,8,2200,1
신반포역,한성대입구역,32,15400,1
신반포역,성신여대입구역,34,16500,1
신반포역,수유역,42,20900,1
신반포역,이촌역,10,3300,1
신반포역,동작역,4,2200,0
신반포역,마장역,30,11000,2
신반포역,애오개역,24,12100,1
신반포역,신금호역,32,12100,2
신반포역,아차산역,30,12100,2
신반포역,영등포시장역,20,9900,1
신반포역,방이역,30,16500,1
신반포역,보문역,32,13200,2
신반포역,창신역,30,12100,2
신반포역,효창공원앞역,22,5500,2
신반포역,광흥창역,26,9900,2
신반포역,월드컵경기장역,32,14300,2
신반포역,고려대역,36,15400,2
신반포역,공릉역,42,20900,1
신반포역,어린이대공원역,22,9900,1
신반포역,용마산역,28,13200,1
신반포역,자양역,18,7700,1
신반포역,하계역,44,22000,1
신반포역,남성역,12,4400,1
신반포역,암사역,33,17600,1
신반포역,몽촌토성역,27,14300,1
신반포역,강동구청역,29,15400,1
신반포역,송파역,25,13200,1
신반포역,석촌역,19,12100,0
신반포역,노들역,8,4400,0
신반포역,선유도역,18,11000,0
신반포역,한성백제역,23,14300,0
신반포역,양천향교역,28,17600,0
신반포역,흑석역,6,3300,0
신반포역,공항시장역,34,20900,0
신방화역,제기동역,48,26400,1
신방화역,동묘앞역,44,24200,1
신방화역,신설동역,46,25300,1
신방화역,외대앞역,54,29700,1
신방화역,남영역,30,16500,1
신방화역,문래역,24,12100,1
신방화역,아현역,30,15400,1
신방화역,한양대역,50,26400,1
신방화역,잠실나루역,55,31900,1
신방화역,양천구청역,28,11000,2
신방화역,신정네거리역,26,9900,2
신방화역,독립문역,48,24200,2
신방화역,무악재역,50,25300,2
신방화역,금호역,47,26400,1
신방화역,옥수역,45,25300,1
신방화역,잠원역,39,22000,1
신방화역,한성대입구역,56,30800,1
신방화역,성신여대입구역,58,31900,1
신방화역,수유역,66,36300,1
신방화역,이촌역,34,18700,1
신방화역,동작역,28,17600,0
신방화역,마장역,53,28600,1
신방화역,애오개역,31,16500,1
신방화역,신금호역,47,25300,1
신방화역,아차산역,61,33000,1
신방화역,영등포시장역,27,14300,1
신방화역,방이역,61,36300,1
신방화역,보문역,52,26400,2
신방화역,창신역,50,25300,2
신방화역,효창공원앞역,35,16500,2
신방화역,광흥창역,30,13200,2
신방화역,월드컵경기장역,20,3300,2
신방화역,고려대역,56,28600,2
신방화역,공릉역,73,40700,1
신방화역,어린이대공원역,53,29700,1
신방화역,용마산역,59,33000,1
신방화역,자양역,49,27500,1
신방화역,하계역,75,41800,1
신방화역,남성역,43,24200,1
신방화역,암사역,64,37400,1
신방화역,몽촌토성역,58,34100,1
신방화역,강동구청역,60,35200,1
신방화역,송파역,56,33000,1
신방화역,석촌역,50,31900,0
신방화역,노들역,24,15400,0
신방화역,선유도역,14,8800,0
신방화역,한성백제역,54,34100,0
신방화역,양천향교역,4,2200,0
신방화역,흑석역,26,16500,0
신방화역,공항시장역,2,1100,0
신사역,제기동역,30,14300,1
신사역,동묘앞역,18,7700,1
신사역,신설동역,28,13200,1
신사역,외대앞역,26,7700,2
신사역,남영역,28,13200,1
신사역,문래역,34,16500,1
신사역,아현역,26,12100,1
신사역,한양대역,22,5500,2
신사역,잠실나루역,26,11000,1
신사역,양천구청역,40,17600,2
신사역,신정네거리역,42,18700,2
신사역,독립문역,22,12100,0
신사역,무악재역,24,13200,0
신사역,금호역,6,3300,0
신사역,옥수역,4,2200,0
신사역,잠원역,2,1100,0
신사역,한성대입구역,24,11000,1
신사역,성신여대입구역,26,12100,1
신사역,수유역,34,16500,1
신사역,이촌역,18,5500,1
신사역,동작역,13,5500,1
신사역,마장역,22,5500,2
신사역,애오개역,28,13200,1
신사역,신금호역,28,13200,1
신사역,아차산역,26,9900,2
신사역,영등포시장역,30,13200,2
신사역,방이역,36,17600,1
신사역,보문역,22,9900,1
신사역,창신역,20,8800,1
신사역,효창공원앞역,24,7700,1
신사역,광흥창역,30,14300,1
신사역,월드컵경기장역,40,19800,1
신사역,고려대역,26,12100,1
신사역,공릉역,38,18700,1
신사역,어린이대공원역,18,7700,1
신사역,용마산역,24,11000,1
신사역,자양역,14,5500,1
신사역,하계역,40,19800,1
신사역,남성역,14,5500,1
신사역,암사역,36,14300,2
신사역,몽촌토성역,30,11000,2
신사역,강동구청역,32,12100,2
신사역,송파역,32,15400,1
신사역,석촌역,23,11000,1
신사역,노들역,17,7700,1
신사역,선유도역,27,14300,1
신사역,한성백제역,27,13200,1
신사역,양천향교역,37,20900,1
신사역,흑석역,15,6600,1
신사역,공항시장역,43,24200,1
신설동역,제기동역,2,1100,0
신설동역,동묘앞역,2,1100,0
신설동역,신설동역,0,0,0
신설동역,외대앞역,8,4400,0
신설동역,남영역,16,8800,0
신설동역,문래역,34,16500,1
신설동역,아현역,20,8800,1
신설동역,한양대역,16,6600,1
신설동역,잠실나루역,20,8800,1
신설동역,양천구청역,36,17600,1
신설동역,신정네거리역,38,18700,1
신설동역,독립문역,18,7700,1
신설동역,무악재역,20,8800,1
신설동역,금호역,22,9900,1
신설동역,옥수역,18,5500,1
신설동역,잠원역,30,14300,1
신설동역,한성대입구역,10,3300,1
신설동역,성신여대입구역,4,2200,0
신설동역,수유역,16,6600,1
신설동역,이촌역,26,11000,1
신설동역,동작역,28,13200,1
신설동역,마장역,18,4400,2
신설동역,애오개역,20,8800,1
신설동역,신금호역,20,8800,1
신설동역,아차산역,26,8800,2
신설동역,영등포시장역,30,14300,1
신설동역,방이역,38,15400,2
신설동역,보문역,2,1100,0
신설동역,창신역,8,2200,1
신설동역,효창공원앞역,24,11000,1
신설동역,광흥창역,30,14300,1
신설동역,월드컵경기장역,40,19800,1
신설동역,고려대역,10,3300,1
신설동역,공릉역,24,8800,2
신설동역,어린이대공원역,20,6600,2
신설동역,용마산역,26,9900,2
신설동역,자양역,20,6600,2
신설동역,하계역,26,9900,2
신설동역,남성역,36,15400,2
신설동역,암사역,34,14300,2
신설동역,몽촌토성역,28,11000,2
신설동역,강동구청역,30,12100,2
신설동역,송파역,30,12100,2
신설동역,석촌역,28,11000,2
신설동역,노들역,26,12100,1
신설동역,선유도역,33,16500,1
신설동역,한성백제역,40,16500,2
신설동역,양천향교역,43,23100,1
신설동역,흑석역,28,13200,1
신설동역,공항시장역,48,26400,1
신용산역,제기동역,26,12100,1
신용산역,동묘앞역,22,9900,1
신용산역,신설동역,24,11000,1
신용산역,외대앞역,32,15400,1
신용산역,남영역,12,4400,1
신용산역,문래역,30,14300,1
신용산역,아현역,20,6600,2
신용산역,한양대역,26,12100,1
신용산역,잠실나루역,34,16500,1
신용산역,양천구청역,32,13200,2
신용산역,신정네거리역,34,14300,2
신용산역,독립문역,26,12100,1
신용산역,무악재역,28,13200,1
신용산역,금호역,22,9900,1
신용산역,옥수역,16,4400,1
신용산역,잠원역,19,6600,2
신용산역,한성대입구역,20,11000,0
신용산역,성신여대입구역,22,12100,0
신용산역,수유역,30,16500,0
신용산역,이촌역,2,1100,0
신용산역,동작역,4,2200,0
신용산역,마장역,28,13200,1
신용산역,애오개역,16,4400,2
신용산역,신금호역,22,9900,1
신용산역,아차산역,36,17600,1
신용산역,영등포시장역,24,8800,2
신용산역,방이역,48,24200,1
신용산역,보문역,26,12100,1
신용산역,창신역,24,11000,1
신용산역,효창공원앞역,8,2200,1
신용산역,광흥창역,14,5500,1
신용산역,월드컵경기장역,24,11000,1
신용산역,고려대역,30,14300,1
신용산역,공릉역,46,23100,1
신용산역,어린이대공원역,30,14300,1
신용산역,용마산역,36,17600,1
신용산역,자양역,26,12100,1
신용산역,하계역,44,22000,1
신용산역,남성역,12,4400,1
신용산역,암사역,44,19800,2
신용산역,몽촌토성역,38,16500,2
신용산역,강동구청역,40,17600,2
신용산역,송파역,36,17600,2
신용산역,석촌역,30,16500,1
신용산역,노들역,12,4400,1
신용산역,선유도역,22,11000,1
신용산역,한성백제역,34,18700,1
신용산역,양천향교역,32,17600,1
신용산역,흑석역,10,3300,1
신용산역,공항시장역,38,20900,1
신이문역,제기동역,8,4400,0
신이문역,동묘앞역,12,6600,0
신이문역,신설동역,10,5500,0
신이문역,외대앞역,2,1100,0
신이문역,남영역,26,14300,0
신이문역,문래역,44,22000,1
신이문역,아현역,30,14300,1
신이문역,한양대역,20,5500,2
신이문역,잠실나루역,32,12100,2
신이문역,양천구청역,46,23100,1
신이문역,신정네거리역,48,24200,1
신이문역,독립문역,28,13200,1
신이문역,무악재역,30,14300,1
신이문역,금호역,32,15400,1
신이문역,옥수역,20,6600,1
신이문역,잠원역,30,9900,2
신이문역,한성대입구역,22,9900,1
신이문역,성신여대입구역,18,7700,1
신이문역,수유역,18,7700,1
신이문역,이촌역,30,9900,1
신이문역,동작역,38,18700,1
신이문역,마장역,20,5500,2
신이문역,애오개역,30,14300,1
신이문역,신금호역,22,6600,2
신이문역,아차산역,28,9900,2
신이문역,영등포시장역,40,19800,1
신이문역,방이역,40,16500,2
신이문역,보문역,16,6600,1
신이문역,창신역,18,7700,1
신이문역,효창공원앞역,36,12100,1
신이문역,광흥창역,40,19800,1
신이문역,월드컵경기장역,50,25300,1
신이문역,고려대역,14,5500,1
신이문역,공릉역,14,3300,2
신이문역,어린이대공원역,30,12100,2
신이문역,용마산역,24,8800,2
신이문역,자양역,30,9900,2
신이문역,하계역,16,4400,2
신이문역,남성역,40,15400,2
신이문역,암사역,38,13200,3
신이문역,몽촌토성역,40,14300,3
신이문역,강동구청역,38,13200,3
신이문역,송파역,42,15400,3
신이문역,석촌역,38,15400,2
신이문역,노들역,36,17600,1
신이문역,선유도역,43,22000,1
신이문역,한성백제역,42,17600,2
신이문역,양천향교역,53,28600,1
신이문역,흑석역,38,18700,1
신이문역,공항시장역,58,31900,1
신정네거리역,제기동역,40,19800,1
신정네거리역,동묘앞역,36,17600,1
신정네거리역,신설동역,38,18700,1
신정네거리역,외대앞역,46,23100,1
신정네거리역,남영역,22,9900,1
신정네거리역,문래역,12,4400,1
신정네거리역,아현역,26,12100,1
신정네거리역,한양대역,46,23100,1
신정네거리역,잠실나루역,48,24200,1
신정네거리역,양천구청역,2,1100,0
신정네거리역,신정네거리역,0,0,0
신정네거리역,독립문역,40,17600,2
신정네거리역,무악재역,42,18700,2
신정네거리역,금호역,44,19800,2
신정네거리역,옥수역,38,13200,2
신정네거리역,잠원역,40,17600,2
신정네거리역,한성대입구역,42,18700,2
신정네거리역,성신여대입구역,44,19800,2
신정네거리역,수유역,52,24200,2
신정네거리역,이촌역,28,9900,2
신정네거리역,동작역,27,11000,2
신정네거리역,마장역,52,26400,1
신정네거리역,애오개역,30,14300,1
신정네거리역,신금호역,46,23100,1
신정네거리역,아차산역,60,30800,1
신정네거리역,영등포시장역,18,7700,1
신정네거리역,방이역,72,37400,1
신정네거리역,보문역,44,19800,2
신정네거리역,창신역,42,18700,2
신정네거리역,효창공원앞역,28,9900,2
신정네거리역,광흥창역,26,9900,2
신정네거리역,월드컵경기장역,28,11000,2
신정네거리역,고려대역,48,22000,2
신정네거리역,공릉역,62,27500,3
신정네거리역,어린이대공원역,52,24200,2
신정네거리역,용마산역,58,27500,2
신정네거리역,자양역,48,22000,2
신정네거리역,하계역,64,28600,3
신정네거리역,남성역,30,12100,2
신정네거리역,암사역,58,27500,2
신정네거리역,몽촌토성역,52,24200,2
신정네거리역,강동구청역,54,25300,2
신정네거리역,송파역,54,25300,2
신정네거리역,석촌역,49,25300,2
신정네거리역,노들역,24,8800,2
신정네거리역,선유도역,22,7700,2
신정네거리역,한성백제역,53,27500,2
신정네거리역,양천향교역,29,12100,2
신정네거리역,흑석역,26,9900,2
신정네거리역,공항시장역,24,8800,2
신정역,제기동역,42,20900,1
신정역,동묘앞역,38,18700,1
신정역,신설동역,40,19800,1
신정역,외대앞역,48,24200,1
신정역,남영역,24,11000,1
신정역,문래역,14,5500,1
신정역,아현역,24,11000,1
신정역,한양대역,44,22000,1
신정역,잠실나루역,54,27500,1
신정역,양천구청역,10,3300,1
신정역,신정네거리역,8,2200,1
신정역,독립문역,40,19800,1
신정역,무악재역,42,20900,1
신정역,금호역,44,22000,1
신정역,옥수역,44,17600,1
신정역,잠원역,38,17600,2
신정역,한성대입구역,44,22000,1
신정역,성신여대입구역,46,23100,1
신정역,수유역,54,27500,1
신정역,이촌역,34,14300,1
신정역,동작역,26,13200,1
신정역,마장역,44,24200,0
신정역,애오개역,22,12100,0
신정역,신금호역,38,20900,0
신정역,아차산역,52,28600,0
신정역,영등포시장역,10,5500,0
신정역,방이역,64,35200,0
신정역,보문역,48,24200,1
신정역,창신역,46,23100,1
신정역,효창공원앞역,26,12100,1
신정역,광흥창역,28,13200,1
신정역,월드컵경기장역,26,9900,2
신정역,고려대역,52,26400,1
신정역,공릉역,72,37400,1
신정역,어린이대공원역,56,28600,1
신정역,용마산역,58,29700,1
신정역,자양역,48,23100,2
신정역,하계역,74,38500,1
신정역,남성역,36,15400,2
신정역,암사역,62,31900,1
신정역,몽촌토성역,64,33000,1
신정역,강동구청역,62,31900,1
신정역,송파역,55,28600,2
신정역,석촌역,49,27500,1
신정역,노들역,23,11000,1
신정역,선유도역,23,11000,1
신정역,한성백제역,53,29700,1
신정역,양천향교역,25,12100,1
신정역,흑석역,25,12100,1
신정역,공항시장역,20,8800,1
신촌역,제기동역,23,9900,1
신촌역,동묘앞역,19,7700,1
신촌역,신설동역,21,8800,1
신촌역,외대앞역,29,13200,1
신촌역,남영역,9,2200,1
신촌역,문래역,10,5500,0
신촌역,아현역,4,2200,0
신촌역,한양대역,24,13200,0
신촌역,잠실나루역,36,19800,0
신촌역,양천구청역,20,8800,1
신촌역,신정네거리역,22,9900,1
신촌역,독립문역,24,11000,1
신촌역,무악재역,26,12100,1
신촌역,금호역,24,11000,1
신촌역,옥수역,30,11000,0
신촌역,잠원역,32,15400,1
신촌역,한성대입구역,21,8800,1
신촌역,성신여대입구역,23,9900,1
신촌역,수유역,31,14300,1
신촌역,이촌역,21,7700,0
신촌역,동작역,17,6600,1
신촌역,마장역,28,13200,1
신촌역,애오개역,12,4400,1
신촌역,신금호역,24,11000,1
신촌역,아차산역,36,17600,1
신촌역,영등포시장역,14,5500,1
신촌역,방이역,48,24200,1
신촌역,보문역,28,13200,1
신촌역,창신역,26,12100,1
신촌역,효창공원앞역,15,5500,0
신촌역,광흥창역,12,4400,1
신촌역,월드컵경기장역,12,3300,1
신촌역,고려대역,32,15400,1
신촌역,공릉역,47,20900,2
신촌역,어린이대공원역,36,17600,1
신촌역,용마산역,42,20900,1
신촌역,자양역,36,17600,1
신촌역,하계역,45,19800,2
신촌역,남성역,32,15400,1
신촌역,암사역,50,25300,1
신촌역,몽촌토성역,44,22000,1
신촌역,강동구청역,46,23100,1
신촌역,송파역,46,23100,1
신촌역,석촌역,44,22000,1
신촌역,노들역,19,8800,1
신촌역,선유도역,12,4400,1
신촌역,한성백제역,48,27500,1
신촌역,양천향교역,22,11000,1
신촌역,흑석역,21,9900,1
신촌역,공항시장역,28,14300,1
신풍역,제기동역,44,22000,1
신풍역,동묘앞역,40,19800,1
신풍역,신설동역,42,20900,1
신풍역,외대앞역,50,25300,1
신풍역,남영역,26,12100,1
신풍역,문래역,10,3300,1
신풍역,아현역,24,11000,1
신풍역,한양대역,42,20900,1
신풍역,잠실나루역,42,20900,1
신풍역,양천구청역,16,4400,2
신풍역,신정네거리역,18,5500,2
신풍역,독립문역,48,24200,1
신풍역,무악재역,50,25300,1
신풍역,금호역,32,15400,1
신풍역,옥수역,30,14300,1
신풍역,잠원역,24,11000,1
신풍역,한성대입구역,44,22000,1
신풍역,성신여대입구역,46,23100,1
신풍역,수유역,54,27500,1
신풍역,이촌역,22,9900,1
신풍역,동작역,20,8800,1
신풍역,마장역,46,23100,1
신풍역,애오개역,30,12100,2
신풍역,신금호역,52,26400,1
신풍역,아차산역,42,20900,1
신풍역,영등포시장역,18,5500,2
신풍역,방이역,54,27500,1
신풍역,보문역,48,22000,2
신풍역,창신역,46,20900,2
신풍역,효창공원앞역,30,12100,2
신풍역,광흥창역,24,8800,2
신풍역,월드컵경기장역,26,9900,2
신풍역,고려대역,52,24200,2
신풍역,공릉역,54,29700,0
신풍역,어린이대공원역,34,18700,0
신풍역,용마산역,40,22000,0
신풍역,자양역,30,16500,0
신풍역,하계역,56,30800,0
신풍역,남성역,12,6600,0
신풍역,암사역,52,24200,2
신풍역,몽촌토성역,46,20900,2
신풍역,강동구청역,48,22000,2
신풍역,송파역,45,22000,2
신풍역,석촌역,39,20900,1
신풍역,노들역,20,6600,2
신풍역,선유도역,20,6600,2
신풍역,한성백제역,43,23100,1
신풍역,양천향교역,30,13200,2
신풍역,흑석역,29,14300,1
신풍역,공항시장역,36,16500,2
쌍문역,제기동역,24,11000,1
쌍문역,동묘앞역,22,9900,1
쌍문역,신설동역,18,7700,1
쌍문역,외대앞역,18,7700,1
쌍문역,남영역,32,15400,1
쌍문역,문래역,48,24200,1
쌍문역,아현역,34,16500,1
쌍문역,한양대역,30,14300,1
쌍문역,잠실나루역,42,20900,1
쌍문역,양천구청역,52,24200,2
쌍문역,신정네거리역,54,25300,2
쌍문역,독립문역,34,16500,1
쌍문역,무악재역,36,17600,1
쌍문역,금호역,30,14300,1
쌍문역,옥수역,32,15400,1
쌍문역,잠원역,38,18700,1
쌍문역,한성대입구역,12,6600,0
쌍문역,성신여대입구역,10,5500,0
쌍문역,수유역,2,1100,0
쌍문역,이촌역,34,18700,0
쌍문역,동작역,36,19800,0
쌍문역,마장역,32,15400,1
쌍문역,애오개역,34,16500,1
쌍문역,신금호역,26,12100,1
쌍문역,아차산역,40,19800,1
쌍문역,영등포시장역,46,23100,1
쌍문역,방이역,52,26400,1
쌍문역,보문역,16,6600,1
쌍문역,창신역,22,7700,2
쌍문역,효창공원앞역,36,17600,1
쌍문역,광흥창역,42,20900,1
쌍문역,월드컵경기장역,52,26400,1
쌍문역,고려대역,24,8800,2
쌍문역,공릉역,14,5500,1
쌍문역,어린이대공원역,34,16500,1
쌍문역,용마산역,28,13200,1
쌍문역,자양역,38,18700,1
쌍문역,하계역,12,4400,1
쌍문역,남성역,44,22000,1
쌍문역,암사역,50,23100,2
쌍문역,몽촌토성역,50,23100,2
쌍문역,강동구청역,50,23100,2
쌍문역,송파역,52,24200,2
쌍문역,석촌역,50,23100,2
쌍문역,노들역,44,22000,1
쌍문역,선유도역,54,28600,1
쌍문역,한성백제역,56,26400,2
쌍문역,양천향교역,64,35200,1
쌍문역,흑석역,42,20900,1
쌍문역,공항시장역,70,38500,1
아차산역,제기동역,24,7700,2
아차산역,동묘앞역,24,11000,1
아차산역,신설동역,26,8800,2
아차산역,외대앞역,26,8800,2
아차산역,남영역,34,16500,1
아차산역,문래역,46,23100,1
아차산역,아현역,32,15400,1
아차산역,한양대역,16,6600,1
아차산역,잠실나루역,28,13200,1
아차산역,양천구청역,62,31900,1
아차산역,신정네거리역,60,30800,1
아차산역,독립문역,32,15400,1
아차산역,무악재역,34,16500,1
아차산역,금호역,28,8800,2
아차산역,옥수역,22,7700,1
아차산역,잠원역,30,12100,2
아차산역,한성대입구역,28,13200,1
아차산역,성신여대입구역,30,14300,1
아차산역,수유역,38,18700,1
아차산역,이촌역,30,11000,1
아차산역,동작역,40,19800,1
아차산역,마장역,8,4400,0
아차산역,애오개역,30,16500,0
아차산역,신금호역,14,7700,0
아차산역,아차산역,0,0,0
아차산역,영등포시장역,42,23100,0
아차산역,방이역,12,6600,0
아차산역,보문역,28,13200,1
아차산역,창신역,26,12100,1
아차산역,효창공원앞역,34,16500,1
아차산역,광흥창역,40,19800,1
아차산역,월드컵경기장역,50,25300,1
아차산역,고려대역,32,15400,1
아차산역,공릉역,24,11000,1
아차산역,어린이대공원역,8,2200,1
아차산역,용마산역,10,3300,1
아차산역,자양역,12,4400,1
아차산역,하계역,26,12100,1
아차산역,남성역,30,14300,1
아차산역,암사역,10,3300,1
아차산역,몽촌토성역,12,4400,1
아차산역,강동구청역,10,3300,1
아차산역,송파역,18,7700,1
아차산역,석촌역,16,6600,1
아차산역,노들역,37,16500,2
아차산역,선유도역,47,24200,1
아차산역,한성백제역,16,6600,1
아차산역,양천향교역,58,30800,1
아차산역,흑석역,35,15400,2
아차산역,공항시장역,63,34100,1
아현역,제기동역,22,9900,1
아현역,동묘앞역,18,7700,1
아현역,신설동역,20,8800,1
아현역,외대앞역,28,13200,1
아현역,남영역,12,4400,1
아현역,문래역,14,7700,0
아현역,아현역,0,0,0
아현역,한양대역,20,11000,0
아현역,잠실나루역,32,17600,0
아현역,양천구청역,24,11000,1
아현역,신정네거리역,26,12100,1
아현역,독립문역,20,8800,1
아현역,무악재역,22,9900,1
아현역,금호역,20,8800,1
아현역,옥수역,22,9900,1
아현역,잠원역,28,13200,1
아현역,한성대입구역,22,9900,1
아현역,성신여대입구역,24,11000,1
아현역,수유역,32,15400,1
아현역,이촌역,26,8800,1
아현역,동작역,26,13200,1
아현역,마장역,24,11000,1
아현역,애오개역,8,2200,1
아현역,신금호역,20,8800,1
아현역,아차산역,32,15400,1
아현역,영등포시장역,18,7700,1
아현역,방이역,44,22000,1
아현역,보문역,24,11000,1
아현역,창신역,22,9900,1
아현역,효창공원앞역,20,6600,1
아현역,광흥창역,16,6600,1
아현역,월드컵경기장역,18,7700,1
아현역,고려대역,28,13200,1
아현역,공릉역,52,26400,1
아현역,어린이대공원역,32,15400,1
아현역,용마산역,38,18700,1
아현역,자양역,32,15400,1
아현역,하계역,54,27500,1
아현역,남성역,36,17600,1
아현역,암사역,46,23100,1
아현역,몽촌토성역,40,19800,1
아현역,강동구청역,42,20900,1
아현역,송파역,42,20900,1
아현역,석촌역,40,19800,1
아현역,노들역,23,11000,1
아현역,선유도역,16,6600,1
아현역,한성백제역,51,26400,1
아현역,양천향교역,26,13200,1
아현역,흑석역,25,12100,1
아현역,공항시장역,32,16500,1
안국역,제기동역,16,6600,1
안국역,동묘앞역,12,4400,1
안국역,신설동역,14,5500,1
안국역,외대앞역,22,9900,1
안국역,남영역,14,5500,1
안국역,문래역,30,14300,1
안국역,아현역,16,6600,1
안국역,한양대역,20,8800,1
안국역,잠실나루역,32,15400,1
안국역,양천구청역,34,14300,2
안국역,신정네거리역,36,15400,2
안국역,독립문역,4,2200,0
안국역,무악재역,6,3300,0
안국역,금호역,12,6600,0
안국역,옥수역,14,7700,0
안국역,잠원역,20,11000,0
안국역,한성대입구역,18,7700,1
안국역,성신여대입구역,20,8800,1
안국역,수유역,28,13200,1
안국역,이촌역,24,11000,1
안국역,동작역,26,12100,1
안국역,마장역,20,8800,1
안국역,애오개역,14,5500,1
안국역,신금호역,14,5500,1
안국역,아차산역,28,13200,1
안국역,영등포시장역,26,12100,1
안국역,방이역,40,19800,1
안국역,보문역,24,11000,1
안국역,창신역,22,9900,1
안국역,효창공원앞역,26,12100,1
안국역,광흥창역,32,15400,1
안국역,월드컵경기장역,28,13200,1
안국역,고려대역,28,13200,1
안국역,공릉역,44,19800,2
안국역,어린이대공원역,32,13200,2
안국역,용마산역,34,14300,2
안국역,자양역,38,18700,1
안국역,하계역,42,18700,2
안국역,남성역,32,15400,1
안국역,암사역,38,16500,2
안국역,몽촌토성역,40,17600,2
안국역,강동구청역,38,16500,2
안국역,송파역,50,25300,1
안국역,석촌역,43,23100,1
안국역,노들역,24,8800,2
안국역,선유도역,31,13200,2
안국역,한성백제역,47,25300,1
안국역,양천향교역,41,19800,2
안국역,흑석역,33,16500,1
안국역,공항시장역,46,23100,2
안암역,제기동역,14,5500,1
안암역,동묘앞역,6,3300,0
안암역,신설동역,8,2200,1
안암역,외대앞역,18,7700,1
안암역,남영역,24,11000,1
안암역,문래역,40,19800,1
안암역,아현역,26,12100,1
안암역,한양대역,18,7700,1
안암역,잠실나루역,30,14300,1
안암역,양천구청역,44,19800,2
안암역,신정네거리역,46,20900,2
안암역,독립문역,30,14300,1
안암역,무악재역,32,15400,1
안암역,금호역,18,7700,1
안암역,옥수역,20,8800,1
안암역,잠원역,26,12100,1
안암역,한성대입구역,14,3300,2
안암역,성신여대입구역,8,2200,1
안암역,수유역,20,6600,2
안암역,이촌역,30,14300,1
안암역,동작역,32,15400,1
안암역,마장역,22,9900,1
안암역,애오개역,28,13200,1
안암역,신금호역,16,6600,1
안암역,아차산역,30,14300,1
안암역,영등포시장역,40,19800,1
안암역,방이역,42,20900,1
안암역,보문역,2,1100,0
안암역,창신역,4,2200,0
안암역,효창공원앞역,24,13200,0
안암역,광흥창역,30,16500,0
안암역,월드컵경기장역,40,22000,0
안암역,고려대역,2,1100,0
안암역,공릉역,18,7700,1
안암역,어린이대공원역,34,16500,1
안암역,용마산역,28,13200,1
안암역,자양역,38,18700,1
안암역,하계역,20,8800,1
안암역,남성역,38,16500,2
안암역,암사역,40,17600,2
안암역,몽촌토성역,38,16500,2
안암역,강동구청역,40,17600,2
안암역,송파역,40,17600,2
안암역,석촌역,38,16500,2
안암역,노들역,34,14300,2
안암역,선유도역,41,18700,2
안암역,한성백제역,46,20900,2
안암역,양천향교역,51,25300,2
안암역,흑석역,36,15400,2
안암역,공항시장역,56,28600,2
암사역,제기동역,34,11000,3
암사역,동묘앞역,34,14300,2
암사역,신설동역,34,14300,2
암사역,외대앞역,36,12100,3
암사역,남영역,44,19800,2
암사역,문래역,50,25300,1
암사역,아현역,46,23100,1
암사역,한양대역,26,12100,1
암사역,잠실나루역,14,5500,1
암사역,양천구청역,56,26400,2
암사역,신정네거리역,58,27500,2
암사역,독립문역,42,18700,2
암사역,무악재역,44,19800,2
암사역,금호역,50,25300,1
암사역,옥수역,32,11000,2
암사역,잠원역,42,20900,1
암사역,한성대입구역,38,16500,2
암사역,성신여대입구역,40,17600,2
암사역,수유역,48,22000,2
암사역,이촌역,40,14300,2
암사역,동작역,36,19800,1
암사역,마장역,18,7700,1
암사역,애오개역,40,19800,1
암사역,신금호역,24,11000,1
암사역,아차산역,10,3300,1
암사역,영등포시장역,52,26400,1
암사역,방이역,14,5500,1
암사역,보문역,38,16500,2
암사역,창신역,36,15400,2
암사역,효창공원앞역,44,19800,2
암사역,광흥창역,50,23100,2
암사역,월드컵경기장역,60,28600,2
암사역,고려대역,42,18700,2
암사역,공릉역,34,14300,2
암사역,어린이대공원역,18,5500,2
암사역,용마산역,20,6600,2
암사역,자양역,22,7700,2
암사역,하계역,36,15400,2
암사역,남성역,40,17600,2
암사역,암사역,0,0,0
암사역,몽촌토성역,6,3300,0
암사역,강동구청역,4,2200,0
암사역,송파역,12,6600,0
암사역,석촌역,10,5500,0
암사역,노들역,40,22000,1
암사역,선유도역,50,28600,1
암사역,한성백제역,18,7700,1
암사역,양천향교역,60,35200,1
암사역,흑석역,38,20900,1
암사역,공항시장역,66,38500,1
암사역사공원역,제기동역,36,12100,3
암사역사공원역,동묘앞역,36,15400,2
암사역사공원역,신설동역,36,15400,2
암사역사공원역,외대앞역,38,13200,3
암사역사공원역,남영역,46,20900,2
암사역사공원역,문래역,52,26400,1
암사역사공원역,아현역,48,24200,1
암사역사공원역,한양대역,28,13200,1
암사역사공원역,잠실나루역,16,6600,1
암사역사공원역,양천구청역,58,27500,2
암사역사공원역,신정네거리역,60,28600,2
암사역사공원역,독립문역,44,19800,2
암사역사공원역,무악재역,46,20900,2
암사역사공원역,금호역,52,26400,1
암사역사공원역,옥수역,34,12100,2
암사역사공원역,잠원역,44,22000,1
암사역사공원역,한성대입구역,40,17600,2
암사역사공원역,성신여대입구역,42,18700,2
암사역사공원역,수유역,50,23100,2
암사역사공원역,이촌역,42,15400,2
암사역사공원역,동작역,38,20900,1
암사역사공원역,마장역,20,8800,1
암사역사공원역,애오개역,42,20900,1
암사역사공원역,신금호역,26,12100,1
암사역사공원역,아차산역,12,4400,1
암사역사공원역,영등포시장역,54,27500,1
암사역사공원역,방이역,16,6600,1
암사역사공원역,보문역,40,17600,2
암사역사공원역,창신역,38,16500,2
암사역사공원역,효창공원앞역,46,20900,2
암사역사공원역,광흥창역,52,24200,2
암사역사공원역,월드컵경기장역,62,29700,2
암사역사공원역,고려대역,44,19800,2
암사역사공원역,공릉역,36,15400,2
암사역사공원역,어린이대공원역,20,6600,2
암사역사공원역,용마산역,22,7700,2
암사역사공원역,자양역,24,8800,2
암사역사공원역,하계역,38,16500,2
암사역사공원역,남성역,42,18700,2
암사역사공원역,암사역,2,1100,0
암사역사공원역,몽촌토성역,8,4400,0
암사역사공원역,강동구청역,6,3300,0
암사역사공원역,송파역,14,7700,0
암사역사공원역,석촌역,12,6600,0
암사역사공원역,노들역,42,23100,1
암사역사공원역,선유도역,52,29700,1
암사역사공원역,한성백제역,20,8800,1
암사역사공원역,양천향교역,62,36300,1
암사역사공원역,흑석역,40,22000,1
암사역사공원역,공항시장역,68,39600,1
압구정로데오역,제기동역,14,4400,1
압구정로데오역,동묘앞역,18,6600,1
압구정로데오역,신설동역,16,5500,1
압구정로데오역,외대앞역,16,5500,1
압구정로데오역,남영역,32,14300,1
압구정로데오역,문래역,41,19800,1
압구정로데오역,아현역,27,12100,1
압구정로데오역,한양대역,11,3300,1
압구정로데오역,잠실나루역,22,8800,1
압구정로데오역,양천구청역,48,20900,2
압구정로데오역,신정네거리역,50,22000,2
압구정로데오역,독립문역,31,12100,2
압구정로데오역,무악재역,33,13200,2
압구정로데오역,금호역,22,5500,2
압구정로데오역,옥수역,16,4400,1
압구정로데오역,잠원역,28,12100,1
압구정로데오역,한성대입구역,25,8800,2
압구정로데오역,성신여대입구역,24,7700,2
압구정로데오역,수유역,35,14300,2
압구정로데오역,이촌역,26,7700,1
압구정로데오역,동작역,21,9900,1
압구정로데오역,마장역,11,3300,1
압구정로데오역,애오개역,29,13200,1
압구정로데오역,신금호역,13,4400,1
압구정로데오역,아차산역,19,7700,1
압구정로데오역,영등포시장역,41,19800,1
압구정로데오역,방이역,31,14300,1
압구정로데오역,보문역,22,6600,2
압구정로데오역,창신역,21,6600,2
압구정로데오역,효창공원앞역,32,9900,1
압구정로데오역,광흥창역,39,16500,2
압구정로데오역,월드컵경기장역,45,19800,2
압구정로데오역,고려대역,27,9900,2
압구정로데오역,공릉역,34,16500,1
압구정로데오역,어린이대공원역,14,5500,1
압구정로데오역,용마산역,20,8800,1
압구정로데오역,자양역,10,3300,1
압구정로데오역,하계역,36,17600,1
압구정로데오역,남성역,20,8800,1
압구정로데오역,암사역,29,11000,2
압구정로데오역,몽촌토성역,26,8800,2
압구정로데오역,강동구청역,28,9900,2
압구정로데오역,송파역,25,9900,2
압구정로데오역,석촌역,19,8800,1
압구정로데오역,노들역,25,12100,1
압구정로데오역,선유도역,35,18700,1
압구정로데오역,한성백제역,23,11000,1
압구정로데오역,양천향교역,45,25300,1
압구정로데오역,흑석역,23,11000,1
압구정로데오역,공항시장역,50,28600,1
압구정역,제기동역,28,13200,1
압구정역,동묘앞역,16,6600,1
압구정역,신설동역,26,12100,1
압구정역,외대앞역,24,6600,2
압구정역,남영역,26,12100,1
압구정역,문래역,36,17600,1
압구정역,아현역,24,11000,1
압구정역,한양대역,20,4400,2
압구정역,잠실나루역,28,13200,1
압구정역,양천구청역,42,18700,2
압구정역,신정네거리역,44,19800,2
압구정역,독립문역,20,11000,0
압구정역,무악재역,22,12100,0
압구정역,금호역,4,2200,0
압구정역,옥수역,2,1100,0
압구정역,잠원역,4,2200,0
압구정역,한성대입구역,22,9900,1
압구정역,성신여대입구역,24,11000,1
압구정역,수유역,32,15400,1
압구정역,이촌역,16,4400,1
압구정역,동작역,15,6600,1
압구정역,마장역,20,4400,2
압구정역,애오개역,26,12100,1
압구정역,신금호역,26,12100,1
압구정역,아차산역,28,8800,2
압구정역,영등포시장역,38,18700,1
압구정역,방이역,38,18700,1
압구정역,보문역,20,8800,1
압구정역,창신역,18,7700,1
압구정역,효창공원앞역,22,6600,1
압구정역,광흥창역,28,13200,1
압구정역,월드컵경기장역,38,18700,1
압구정역,고려대역,24,11000,1
압구정역,공릉역,38,12100,2
압구정역,어린이대공원역,26,12100,1
압구정역,용마산역,32,15400,1
압구정역,자양역,22,9900,1
압구정역,하계역,40,13200,2
압구정역,남성역,16,6600,1
압구정역,암사역,46,23100,1
압구정역,몽촌토성역,40,19800,1
압구정역,강동구청역,42,20900,1
압구정역,송파역,34,16500,1
압구정역,석촌역,27,14300,1
압구정역,노들역,19,8800,1
압구정역,선유도역,29,15400,1
압구정역,한성백제역,31,16500,1
압구정역,양천향교역,39,22000,1
압구정역,흑석역,17,7700,1
압구정역,공항시장역,45,25300,1
애오개역,제기동역,22,9900,1
애오개역,동묘앞역,18,7700,1
애오개역,신설동역,20,8800,1
애오개역,외대앞역,28,13200,1
애오개역,남영역,20,8800,1
애오개역,문래역,20,8800,1
애오개역,아현역,8,2200,1
애오개역,한양대역,24,11000,1
애오개역,잠실나루역,36,17600,1
애오개역,양천구청역,32,15400,1
애오개역,신정네거리역,30,14300,1
애오개역,독립문역,18,7700,1
애오개역,무악재역,20,8800,1
애오개역,금호역,22,9900,1
애오개역,옥수역,24,11000,1
애오개역,잠원역,30,14300,1
애오개역,한성대입구역,22,9900,1
애오개역,성신여대입구역,24,11000,1
애오개역,수유역,32,15400,1
애오개역,이촌역,16,4400,1
애오개역,동작역,20,9900,1
애오개역,마장역,22,12100,0
애오개역,애오개역,0,0,0
애오개역,신금호역,16,8800,0
애오개역,아차산역,30,16500,0
애오개역,영등포시장역,12,6600,0
애오개역,방이역,42,23100,0
애오개역,보문역,26,12100,1
애오개역,창신역,24,11000,1
애오개역,효창공원앞역,8,2200,1
애오개역,광흥창역,10,3300,1
애오개역,월드컵경기장역,20,8800,1
애오개역,고려대역,30,14300,1
애오개역,공릉역,50,25300,1
애오개역,어린이대공원역,34,16500,1
애오개역,용마산역,36,17600,1
애오개역,자양역,38,18700,1
애오개역,하계역,52,26400,1
애오개역,남성역,36,16500,2
애오개역,암사역,40,19800,1
애오개역,몽촌토성역,42,20900,1
애오개역,강동구청역,40,19800,1
애오개역,송파역,48,24200,1
애오개역,석촌역,43,24200,1
애오개역,노들역,17,7700,1
애오개역,선유도역,17,7700,1
애오개역,한성백제역,46,23100,1
애오개역,양천향교역,28,14300,1
애오개역,흑석역,19,8800,1
애오개역,공항시장역,33,17600,1
약수역,제기동역,14,5500,1
약수역,동묘앞역,6,3300,0
약수역,신설동역,12,4400,1
약수역,외대앞역,20,8800,1
약수역,남영역,20,8800,1
약수역,문래역,32,15400,1
약수역,아현역,18,7700,1
약수역,한양대역,14,5500,1
약수역,잠실나루역,26,12100,1
약수역,양천구청역,40,17600,2
약수역,신정네거리역,42,18700,2
약수역,독립문역,14,7700,0
약수역,무악재역,16,8800,0
약수역,금호역,2,1100,0
약수역,옥수역,4,2200,0
약수역,잠원역,10,5500,0
약수역,한성대입구역,16,6600,1
약수역,성신여대입구역,16,6600,1
약수역,수유역,26,12100,1
약수역,이촌역,18,5500,1
약수역,동작역,20,8800,1
약수역,마장역,14,5500,1
약수역,애오개역,20,8800,1
약수역,신금호역,8,2200,1
약수역,아차산역,22,9900,1
약수역,영등포시장역,28,13200,1
약수역,방이역,34,16500,1
약수역,보문역,10,5500,0
약수역,창신역,8,4400,0
약수역,효창공원앞역,12,6600,0
약수역,광흥창역,18,9900,0
약수역,월드컵경기장역,28,15400,0
약수역,고려대역,14,7700,0
약수역,공릉역,30,14300,1
약수역,어린이대공원역,32,15400,1
약수역,용마산역,28,11000,2
약수역,자양역,28,13200,1
약수역,하계역,32,15400,1
약수역,남성역,22,9900,1
약수역,암사역,32,13200,2
약수역,몽촌토성역,34,14300,2
약수역,강동구청역,32,13200,2
약수역,송파역,40,19800,1
약수역,석촌역,33,17600,1
약수역,노들역,25,12100,1
약수역,선유도역,35,18700,1
약수역,한성백제역,37,19800,1
약수역,양천향교역,45,25300,1
약수역,흑석역,23,11000,1
약수역,공항시장역,51,28600,1
양원역,제기동역,20,6600,1
양원역,동묘앞역,24,8800,1
양원역,신설동역,22,7700,1
양원역,외대앞역,18,5500,1
양원역,남영역,38,16500,1
양원역,문래역,54,24200,1
양원역,아현역,40,16500,1
양원역,한양대역,24,7700,1
양원역,잠실나루역,36,14300,1
양원역,양천구청역,58,25300,2
양원역,신정네거리역,60,26400,2
양원역,독립문역,46,18700,1
양원역,무악재역,48,19800,1
양원역,금호역,30,9900,1
양원역,옥수역,24,8800,0
양원역,잠원역,34,12100,1
양원역,한성대입구역,34,12100,2
양원역,성신여대입구역,30,9900,2
양원역,수유역,34,13200,2
양원역,이촌역,33,12100,0
양원역,동작역,39,13200,1
양원역,마장역,24,7700,1
양원역,애오개역,42,17600,1
양원역,신금호역,26,8800,1
양원역,아차산역,32,12100,1
양원역,영등포시장역,54,24200,1
양원역,방이역,44,18700,1
양원역,보문역,28,8800,2
양원역,창신역,30,9900,2
양원역,효창공원앞역,39,14300,0
양원역,광흥창역,49,17600,1
양원역,월드컵경기장역,59,23100,1
양원역,고려대역,30,11000,2
양원역,공릉역,18,6600,1
양원역,어린이대공원역,22,8800,1
양원역,용마산역,16,5500,1
양원역,자양역,26,11000,1
양원역,하계역,20,7700,1
양원역,남성역,44,20900,1
양원역,암사역,42,15400,2
양원역,몽촌토성역,44,16500,2
양원역,강동구청역,42,15400,2
양원역,송파역,46,17600,2
양원역,석촌역,44,16500,2
양원역,노들역,47,15400,2
양원역,선유도역,55,24200,2
양원역,한성백제역,48,18700,2
양원역,양천향교역,65,30800,2
양원역,흑석역,45,14300,2
양원역,공항시장역,70,34100,2
양재시민의숲역,제기동역,39,12100,3
양재시민의숲역,동묘앞역,34,14300,2
양재시민의숲역,신설동역,43,18700,2
양재시민의숲역,외대앞역,41,13200,3
양재시민의숲역,남영역,33,14300,2
양재시민의숲역,문래역,35,16500,1
양재시민의숲역,아현역,49,24200,1
양재시민의숲역,한양대역,35,16500,1
양재시민의숲역,잠실나루역,23,9900,1
양재시민의숲역,양천구청역,41,17600,2
양재시민의숲역,신정네거리역,43,18700,2
양재시민의숲역,독립문역,38,18700,1
양재시민의숲역,무악재역,40,19800,1
양재시민의숲역,금호역,22,9900,1
양재시민의숲역,옥수역,20,8800,1
양재시민의숲역,잠원역,14,5500,1
양재시민의숲역,한성대입구역,40,17600,2
양재시민의숲역,성신여대입구역,42,18700,2
양재시민의숲역,수유역,50,23100,2
양재시민의숲역,이촌역,26,9900,2
양재시민의숲역,동작역,20,8800,1
양재시민의숲역,마장역,38,15400,2
양재시민의숲역,애오개역,40,18700,2
양재시민의숲역,신금호역,44,18700,2
양재시민의숲역,아차산역,34,13200,2
양재시민의숲역,영등포시장역,36,16500,2
양재시민의숲역,방이역,32,13200,2
양재시민의숲역,보문역,38,16500,2
양재시민의숲역,창신역,36,15400,2
양재시민의숲역,효창공원앞역,41,14300,2
양재시민의숲역,광흥창역,46,20900,2
양재시민의숲역,월드컵경기장역,51,23100,2
양재시민의숲역,고려대역,42,18700,2
양재시민의숲역,공릉역,46,22000,1
양재시민의숲역,어린이대공원역,26,11000,1
양재시민의숲역,용마산역,32,14300,1
양재시민의숲역,자양역,22,8800,1
양재시민의숲역,하계역,48,23100,1
양재시민의숲역,남성역,24,9900,1
양재시민의숲역,암사역,33,13200,2
양재시민의숲역,몽촌토성역,27,9900,2
양재시민의숲역,강동구청역,29,11000,2
양재시민의숲역,송파역,28,11000,2
양재시민의숲역,석촌역,25,12100,1
양재시민의숲역,노들역,24,11000,1
양재시민의숲역,선유도역,34,17600,1
양재시민의숲역,한성백제역,29,14300,1
양재시민의숲역,양천향교역,44,24200,1
양재시민의숲역,흑석역,22,9900,1
양재시민의숲역,공항시장역,50,27500,1
양재역,제기동역,40,19800,1
양재역,동묘앞역,28,13200,1
양재역,신설동역,38,18700,1
양재역,외대앞역,36,13200,2
양재역,남영역,28,12100,2
양재역,문래역,32,15400,1
양재역,아현역,36,17600,1
양재역,한양대역,32,15400,1
양재역,잠실나루역,20,8800,1
양재역,양천구청역,38,16500,2
양재역,신정네거리역,40,17600,2
양재역,독립문역,32,17600,0
양재역,무악재역,34,18700,0
양재역,금호역,16,8800,0
양재역,옥수역,14,7700,0
양재역,잠원역,8,4400,0
양재역,한성대입구역,34,16500,1
양재역,성신여대입구역,36,17600,1
양재역,수유역,44,22000,1
양재역,이촌역,28,11000,1
양재역,동작역,15,6600,1
양재역,마장역,32,11000,2
양재역,애오개역,38,18700,1
양재역,신금호역,38,18700,1
양재역,아차산역,38,18700,1
양재역,영등포시장역,32,14300,2
양재역,방이역,26,12100,1
양재역,보문역,32,15400,1
양재역,창신역,30,14300,1
양재역,효창공원앞역,34,13200,1
양재역,광흥창역,40,19800,1
양재역,월드컵경기장역,50,25300,1
양재역,고려대역,36,17600,1
양재역,공릉역,44,20900,1
양재역,어린이대공원역,24,9900,1
양재역,용마산역,30,13200,1
양재역,자양역,20,7700,1
양재역,하계역,46,22000,1
양재역,남성역,16,6600,1
양재역,암사역,34,16500,1
양재역,몽촌토성역,28,13200,1
양재역,강동구청역,30,14300,1
양재역,송파역,22,9900,1
양재역,석촌역,23,11000,1
양재역,노들역,19,8800,1
양재역,선유도역,29,15400,1
양재역,한성백제역,27,13200,1
양재역,양천향교역,39,22000,1
양재역,흑석역,17,7700,1
양재역,공항시장역,45,25300,1
양천구청역,제기동역,38,18700,1
양천구청역,동묘앞역,34,16500,1
양천구청역,신설동역,36,17600,1
양천구청역,외대앞역,44,22000,1
양천구청역,남영역,20,8800,1
양천구청역,문래역,10,3300,1
양천구청역,아현역,24,11000,1
양천구청역,한양대역,44,22000,1
양천구청역,잠실나루역,46,23100,1
양천구청역,양천구청역,0,0,0
양천구청역,신정네거리역,2,1100,0
양천구청역,독립문역,38,16500,2
양천구청역,무악재역,40,17600,2
양천구청역,금호역,42,18700,2
양천구청역,옥수역,36,12100,2
양천구청역,잠원역,38,16500,2
양천구청역,한성대입구역,40,17600,2
양천구청역,성신여대입구역,42,18700,2
양천구청역,수유역,50,23100,2
양천구청역,이촌역,26,8800,2
양천구청역,동작역,25,9900,2
양천구청역,마장역,54,27500,1
양천구청역,애오개역,32,15400,1
양천구청역,신금호역,48,24200,1
양천구청역,아차산역,62,31900,1
양천구청역,영등포시장역,20,8800,1
양천구청역,방이역,74,38500,1
양천구청역,보문역,42,18700,2
양천구청역,창신역,40,17600,2
양천구청역,효창공원앞역,26,8800,2
양천구청역,광흥창역,24,8800,2
양천구청역,월드컵경기장역,26,9900,2
양천구청역,고려대역,46,20900,2
양천구청역,공릉역,60,26400,3
양천구청역,어린이대공원역,50,23100,2
양천구청역,용마산역,56,26400,2
양천구청역,자양역,46,20900,2
양천구청역,하계역,62,27500,3
양천구청역,남성역,28,11000,2
양천구청역,암사역,56,26400,2
양천구청역,몽촌토성역,50,23100,2
양천구청역,강동구청역,52,24200,2
양천구청역,송파역,52,24200,2
양천구청역,석촌역,47,24200,2
양천구청역,노들역,22,7700,2
양천구청역,선유도역,20,6600,2
양천구청역,한성백제역,51,26400,2
양천구청역,양천향교역,30,13200,2
양천구청역,흑석역,24,8800,2
양천구청역,공항시장역,26,9900,2
양천향교역,제기동역,45,24200,1
양천향교역,동묘앞역,41,22000,1
양천향교역,신설동역,43,23100,1
양천향교역,외대앞역,51,27500,1
양천향교역,남영역,27,14300,1
양천향교역,문래역,20,9900,1
양천향교역,아현역,26,13200,1
양천향교역,한양대역,46,24200,1
양천향교역,잠실나루역,51,29700,1
양천향교역,양천구청역,30,13200,2
양천향교역,신정네거리역,29,12100,2
양천향교역,독립문역,45,22000,2
양천향교역,무악재역,47,23100,2
양천향교역,금호역,43,24200,1
양천향교역,옥수역,41,23100,1
양천향교역,잠원역,35,19800,1
양천향교역,한성대입구역,52,28600,1
양천향교역,성신여대입구역,54,29700,1
양천향교역,수유역,62,34100,1
양천향교역,이촌역,30,16500,1
양천향교역,동작역,24,15400,0
양천향교역,마장역,50,26400,1
양천향교역,애오개역,28,14300,1
양천향교역,신금호역,44,23100,1
양천향교역,아차산역,58,30800,1
양천향교역,영등포시장역,24,12100,1
양천향교역,방이역,57,34100,1
양천향교역,보문역,49,24200,2
양천향교역,창신역,47,23100,2
양천향교역,효창공원앞역,32,14300,2
양천향교역,광흥창역,26,11000,2
양천향교역,월드컵경기장역,28,12100,2
양천향교역,고려대역,53,26400,2
양천향교역,공릉역,69,38500,1
양천향교역,어린이대공원역,49,27500,1
양천향교역,용마산역,55,30800,1
양천향교역,자양역,45,25300,1
양천향교역,하계역,71,39600,1
양천향교역,남성역,39,22000,1
양천향교역,암사역,60,35200,1
양천향교역,몽촌토성역,54,31900,1
양천향교역,강동구청역,56,33000,1
양천향교역,송파역,52,30800,1
양천향교역,석촌역,46,29700,0
양천향교역,노들역,21,13200,0
양천향교역,선유도역,11,6600,0
양천향교역,한성백제역,50,31900,0
양천향교역,양천향교역,0,0,0
양천향교역,흑석역,23,14300,0
양천향교역,공항시장역,6,3300,0
양평역,제기동역,36,17600,1
양평역,동묘앞역,32,15400,1
양평역,신설동역,34,16500,1
양평역,외대앞역,42,20900,1
양평역,남영역,18,7700,1
양평역,문래역,8,2200,1
양평역,아현역,18,7700,1
양평역,한양대역,38,18700,1
양평역,잠실나루역,48,24200,1
양평역,양천구청역,16,6600,1
양평역,신정네거리역,14,5500,1
양평역,독립문역,34,16500,1
양평역,무악재역,36,17600,1
양평역,금호역,38,18700,1
양평역,옥수역,38,14300,1
양평역,잠원역,32,14300,2
양평역,한성대입구역,38,18700,1
양평역,성신여대입구역,40,19800,1
양평역,수유역,48,24200,1
양평역,이촌역,28,11000,1
양평역,동작역,20,9900,1
양평역,마장역,38,20900,0
양평역,애오개역,16,8800,0
양평역,신금호역,32,17600,0
양평역,아차산역,46,25300,0
양평역,영등포시장역,4,2200,0
양평역,방이역,58,31900,0
양평역,보문역,42,20900,1
양평역,창신역,40,19800,1
양평역,효창공원앞역,20,8800,1
양평역,광흥창역,22,9900,1
양평역,월드컵경기장역,20,6600,2
양평역,고려대역,46,23100,1
양평역,공릉역,66,34100,1
양평역,어린이대공원역,50,25300,1
양평역,용마산역,52,26400,1
양평역,자양역,42,19800,2
양평역,하계역,68,35200,1
양평역,남성역,30,12100,2
양평역,암사역,56,28600,1
양평역,몽촌토성역,58,29700,1
양평역,강동구청역,56,28600,1
양평역,송파역,49,25300,2
양평역,석촌역,43,24200,1
양평역,노들역,17,7700,1
양평역,선유도역,17,7700,1
양평역,한성백제역,47,26400,1
양평역,양천향교역,28,14300,1
양평역,흑석역,19,8800,1
양평역,공항시장역,26,12100,1
어린이대공원역,제기동역,30,9900,2
어린이대공원역,동묘앞역,24,8800,2
어린이대공원역,신설동역,20,6600,2
어린이대공원역,외대앞역,30,9900,2
어린이대공원역,남영역,36,15400,2
어린이대공원역,문래역,44,22000,1
어린이대공원역,아현역,32,15400,1
어린이대공원역,한양대역,12,4400,1
어린이대공원역,잠실나루역,12,4400,1
어린이대공원역,양천구청역,50,23100,2
어린이대공원역,신정네거리역,52,24200,2
어린이대공원역,독립문역,36,15400,2
어린이대공원역,무악재역,38,16500,2
어린이대공원역,금호역,30,14300,1
어린이대공원역,옥수역,28,13200,1
어린이대공원역,잠원역,22,9900,1
어린이대공원역,한성대입구역,30,12100,2
어린이대공원역,성신여대입구역,32,13200,2
어린이대공원역,수유역,36,17600,1
어린이대공원역,이촌역,28,13200,1
어린이대공원역,동작역,25,12100,1
어린이대공원역,마장역,12,4400,1
어린이대공원역,애오개역,34,16500,1
어린이대공원역,신금호역,18,7700,1
어린이대공원역,아차산역,8,2200,1
어린이대공원역,영등포시장역,46,23100,1
어린이대공원역,방이역,20,8800,1
어린이대공원역,보문역,36,17600,1
어린이대공원역,창신역,26,9900,2
어린이대공원역,효창공원앞역,38,16500,2
어린이대공원역,광흥창역,44,19800,2
어린이대공원역,월드컵경기장역,50,23100,2
어린이대공원역,고려대역,32,15400,1
어린이대공원역,공릉역,20,11000,0
어린이대공원역,어린이대공원역,0,0,0
어린이대공원역,용마산역,6,3300,0
어린이대공원역,자양역,4,2200,0
어린이대공원역,하계역,22,12100,0
어린이대공원역,남성역,22,12100,0
어린이대공원역,암사역,18,5500,2
어린이대공원역,몽촌토성역,20,6600,2
어린이대공원역,강동구청역,18,5500,2
어린이대공원역,송파역,22,7700,2
어린이대공원역,석촌역,20,6600,2
어린이대공원역,노들역,29,14300,1
어린이대공원역,선유도역,39,20900,1
어린이대공원역,한성백제역,24,8800,2
어린이대공원역,양천향교역,49,27500,1
어린이대공원역,흑석역,27,13200,1
어린이대공원역,공항시장역,55,30800,1
언주역,제기동역,26,7700,2
언주역,동묘앞역,30,9900,2
언주역,신설동역,28,8800,2
언주역,외대앞역,28,8800,2
언주역,남영역,24,12100,1
언주역,문래역,30,16500,1
언주역,아현역,36,19800,1
언주역,한양대역,29,14300,1
언주역,잠실나루역,17,7700,1
언주역,양천구청역,36,16500,2
언주역,신정네거리역,38,17600,2
언주역,독립문역,35,17600,1
언주역,무악재역,37,18700,1
언주역,금호역,19,8800,1
언주역,옥수역,17,7700,1
언주역,잠원역,11,4400,1
언주역,한성대입구역,38,19800,1
언주역,성신여대입구역,40,20900,1
언주역,수유역,48,25300,1
언주역,이촌역,16,7700,1
언주역,동작역,10,6600,0
언주역,마장역,24,6600,2
언주역,애오개역,31,16500,1
언주역,신금호역,26,7700,2
언주역,아차산역,31,16500,1
언주역,영등포시장역,27,14300,1
언주역,방이역,23,12100,1
언주역,보문역,35,15400,2
언주역,창신역,33,14300,2
언주역,효창공원앞역,28,9900,2
언주역,광흥창역,32,14300,2
언주역,월드컵경기장역,38,18700,2
언주역,고려대역,39,17600,2
언주역,공릉역,45,23100,1
언주역,어린이대공원역,25,12100,1
언주역,용마산역,31,15400,1
언주역,자양역,21,9900,1
언주역,하계역,47,24200,1
언주역,남성역,15,6600,1
언주역,암사역,26,13200,1
언주역,몽촌토성역,20,9900,1
언주역,강동구청역,22,11000,1
언주역,송파역,18,8800,1
언주역,석촌역,12,7700,0
언주역,노들역,14,8800,0
언주역,선유도역,24,15400,0
언주역,한성백제역,16,9900,0
언주역,양천향교역,35,22000,0
언주역,흑석역,12,7700,0
언주역,공항시장역,40,25300,0
여의나루역,제기동역,28,13200,1
여의나루역,동묘앞역,24,11000,1
여의나루역,신설동역,26,12100,1
여의나루역,외대앞역,34,16500,1
여의나루역,남영역,16,6600,1
여의나루역,문래역,14,5500,1
여의나루역,아현역,14,5500,1
여의나루역,한양대역,30,14300,1
여의나루역,잠실나루역,42,20900,1
여의나루역,양천구청역,26,12100,1
여의나루역,신정네거리역,24,11000,1
여의나루역,독립문역,24,11000,1
여의나루역,무악재역,26,12100,1
여의나루역,금호역,28,13200,1
여의나루역,옥수역,28,8800,1
여의나루역,잠원역,26,11000,2
여의나루역,한성대입구역,28,13200,1
여의나루역,성신여대입구역,30,14300,1
여의나루역,수유역,38,18700,1
여의나루역,이촌역,18,5500,1
여의나루역,동작역,14,6600,1
여의나루역,마장역,28,15400,0
여의나루역,애오개역,6,3300,0
여의나루역,신금호역,22,12100,0
여의나루역,아차산역,36,19800,0
여의나루역,영등포시장역,6,3300,0
여의나루역,방이역,48,26400,0
여의나루역,보문역,32,15400,1
여의나루역,창신역,30,14300,1
여의나루역,효창공원앞역,10,3300,1
여의나루역,광흥창역,12,4400,1
여의나루역,월드컵경기장역,22,9900,1
여의나루역,고려대역,36,17600,1
여의나루역,공릉역,56,28600,1
여의나루역,어린이대공원역,40,19800,1
여의나루역,용마산역,42,20900,1
여의나루역,자양역,36,16500,2
여의나루역,하계역,58,29700,1
여의나루역,남성역,30,13200,2
여의나루역,암사역,46,23100,1
여의나루역,몽촌토성역,48,24200,1
여의나루역,강동구청역,46,23100,1
여의나루역,송파역,43,22000,2
여의나루역,석촌역,37,20900,1
여의나루역,노들역,11,4400,1
여의나루역,선유도역,11,4400,1
여의나루역,한성백제역,41,23100,1
여의나루역,양천향교역,22,11000,1
여의나루역,흑석역,13,5500,1
여의나루역,공항시장역,27,14300,1
여의도역,제기동역,29,14300,1
여의도역,동묘앞역,25,12100,1
여의도역,신설동역,27,13200,1
여의도역,외대앞역,35,17600,1
여의도역,남영역,11,4400,1
여의도역,문래역,11,4400,1
여의도역,아현역,16,6600,1
여의도역,한양대역,32,15400,1
여의도역,잠실나루역,36,19800,1
여의도역,양천구청역,24,11000,1
여의도역,신정네거리역,22,9900,1
여의도역,독립문역,26,12100,1
여의도역,무악재역,28,13200,1
여의도역,금호역,28,14300,1
여의도역,옥수역,26,13200,1
여의도역,잠원역,20,9900,1
여의도역,한성대입구역,30,14300,1
여의도역,성신여대입구역,32,15400,1
여의도역,수유역,40,19800,1
여의도역,이촌역,14,6600,1
여의도역,동작역,8,5500,0
여의도역,마장역,30,16500,0
여의도역,애오개역,8,4400,0
여의도역,신금호역,24,13200,0
여의도역,아차산역,38,20900,0
여의도역,영등포시장역,4,2200,0
여의도역,방이역,42,24200,1
여의도역,보문역,34,16500,1
여의도역,창신역,32,15400,1
여의도역,효창공원앞역,12,4400,1
여의도역,광흥창역,14,5500,1
여의도역,월드컵경기장역,24,11000,1
여의도역,고려대역,38,18700,1
여의도역,공릉역,54,28600,1
여의도역,어린이대공원역,34,17600,1
여의도역,용마산역,40,20900,1
여의도역,자양역,30,15400,1
여의도역,하계역,56,29700,1
여의도역,남성역,24,12100,1
여의도역,암사역,45,25300,1
여의도역,몽촌토성역,39,22000,1
여의도역,강동구청역,41,23100,1
여의도역,송파역,37,20900,1
여의도역,석촌역,31,19800,0
여의도역,노들역,5,3300,0
여의도역,선유도역,5,3300,0
여의도역,한성백제역,35,22000,0
여의도역,양천향교역,16,9900,0
여의도역,흑석역,7,4400,0
여의도역,공항시장역,21,13200,0
역삼역,제기동역,28,8800,2
역삼역,동묘앞역,36,17600,1
역삼역,신설동역,32,15400,1
역삼역,외대앞역,30,9900,2
역삼역,남영역,42,20900,1
역삼역,문래역,28,15400,0
역삼역,아현역,42,23100,0
역삼역,한양대역,24,13200,0
역삼역,잠실나루역,12,6600,0
역삼역,양천구청역,34,16500,1
역삼역,신정네거리역,36,17600,1
역삼역,독립문역,36,17600,1
역삼역,무악재역,38,18700,1
역삼역,금호역,20,8800,1
역삼역,옥수역,18,7700,1
역삼역,잠원역,12,4400,1
역삼역,한성대입구역,42,20900,1
역삼역,성신여대입구역,44,22000,1
역삼역,수유역,52,26400,1
역삼역,이촌역,20,8800,1
역삼역,동작역,18,7700,1
역삼역,마장역,32,15400,1
역삼역,애오개역,48,24200,1
역삼역,신금호역,34,16500,1
역삼역,아차산역,28,11000,2
역삼역,영등포시장역,36,17600,1
역삼역,방이역,26,11000,2
역삼역,보문역,40,19800,1
역삼역,창신역,38,18700,1
역삼역,효창공원앞역,32,11000,2
역삼역,광흥창역,42,20900,1
역삼역,월드컵경기장역,44,22000,1
역삼역,고려대역,44,22000,1
역삼역,공릉역,44,22000,1
역삼역,어린이대공원역,24,11000,1
역삼역,용마산역,30,14300,1
역삼역,자양역,24,11000,1
역삼역,하계역,46,23100,1
역삼역,남성역,20,6600,2
역삼역,암사역,22,9900,1
역삼역,몽촌토성역,16,6600,1
역삼역,강동구청역,18,7700,1
역삼역,송파역,18,7700,1
역삼역,석촌역,15,6600,1
역삼역,노들역,31,16500,1
역삼역,선유도역,38,18700,1
역삼역,한성백제역,19,8800,1
역삼역,양천향교역,48,25300,1
역삼역,흑석역,29,15400,1
역삼역,공항시장역,54,28600,1
역촌역,제기동역,34,14300,2
역촌역,동묘앞역,44,24200,0
역촌역,신설동역,32,13200,2
역촌역,외대앞역,40,17600,2
역촌역,남영역,28,8800,2
역촌역,문래역,26,12100,1
역촌역,아현역,28,13200,1
역촌역,한양대역,38,16500,2
역촌역,잠실나루역,50,23100,2
역촌역,양천구청역,36,15400,2
역촌역,신정네거리역,38,16500,2
역촌역,독립문역,14,5500,1
역촌역,무악재역,12,4400,1
역촌역,금호역,30,14300,1
역촌역,옥수역,32,15400,1
역촌역,잠원역,38,18700,1
역촌역,한성대입구역,36,15400,2
역촌역,성신여대입구역,38,16500,2
역촌역,수유역,46,20900,2
역촌역,이촌역,34,12100,1
역촌역,동작역,38,18700,1
역촌역,마장역,38,16500,2
역촌역,애오개역,30,14300,1
역촌역,신금호역,32,13200,2
역촌역,아차산역,46,20900,2
역촌역,영등포시장역,38,18700,1
역촌역,방이역,58,27500,2
역촌역,보문역,48,26400,0
역촌역,창신역,46,25300,0
역촌역,효창공원앞역,26,14300,0
역촌역,광흥창역,20,11000,0
역촌역,월드컵경기장역,10,5500,0
역촌역,고려대역,52,28600,0
역촌역,공릉역,68,35200,1
역촌역,어린이대공원역,50,20900,3
역촌역,용마산역,52,22000,3
역촌역,자양역,56,26400,2
역촌역,하계역,70,36300,1
역촌역,남성역,46,20900,2
역촌역,암사역,56,24200,3
역촌역,몽촌토성역,58,25300,3
역촌역,강동구청역,56,24200,3
역촌역,송파역,68,33000,2
역촌역,석촌역,60,31900,2
역촌역,노들역,35,15400,2
역촌역,선유도역,28,11000,2
역촌역,한성백제역,64,34100,2
역촌역,양천향교역,26,6600,2
역촌역,흑석역,37,16500,2
역촌역,공항시장역,28,7700,2
연신내역,제기동역,30,14300,1
연신내역,동묘앞역,26,12100,1
연신내역,신설동역,28,13200,1
연신내역,외대앞역,36,17600,1
연신내역,남영역,28,13200,1
연신내역,문래역,28,13200,1
연신내역,아현역,30,14300,1
연신내역,한양대역,34,16500,1
연신내역,잠실나루역,46,23100,1
연신내역,양천구청역,38,16500,2
연신내역,신정네거리역,40,17600,2
연신내역,독립문역,10,5500,0
연신내역,무악재역,8,4400,0
연신내역,금호역,26,14300,0
연신내역,옥수역,28,15400,0
연신내역,잠원역,34,18700,0
연신내역,한성대입구역,32,15400,1
연신내역,성신여대입구역,34,16500,1
연신내역,수유역,42,20900,1
연신내역,이촌역,36,13200,1
연신내역,동작역,40,19800,1
연신내역,마장역,34,16500,1
연신내역,애오개역,28,13200,1
연신내역,신금호역,28,13200,1
연신내역,아차산역,42,20900,1
연신내역,영등포시장역,40,19800,1
연신내역,방이역,54,27500,1
연신내역,보문역,38,18700,1
연신내역,창신역,36,17600,1
연신내역,효창공원앞역,28,15400,0
연신내역,광흥창역,22,12100,0
연신내역,월드컵경기장역,12,6600,0
연신내역,고려대역,42,20900,1
연신내역,공릉역,58,27500,2
연신내역,어린이대공원역,46,20900,2
연신내역,용마산역,48,22000,2
연신내역,자양역,52,26400,1
연신내역,하계역,56,26400,2
연신내역,남성역,46,23100,1
연신내역,암사역,52,24200,2
연신내역,몽촌토성역,54,25300,2
연신내역,강동구청역,52,24200,2
연신내역,송파역,64,33000,1
연신내역,석촌역,57,30800,1
연신내역,노들역,37,16500,2
연신내역,선유도역,30,12100,2
연신내역,한성백제역,61,33000,1
연신내역,양천향교역,28,7700,2
연신내역,흑석역,39,17600,2
연신내역,공항시장역,30,8800,2
염창역,제기동역,38,19800,1
염창역,동묘앞역,34,17600,1
염창역,신설동역,36,18700,1
염창역,외대앞역,44,23100,1
염창역,남영역,20,9900,1
염창역,문래역,13,5500,1
염창역,아현역,19,8800,1
염창역,한양대역,39,19800,1
염창역,잠실나루역,44,25300,1
염창역,양천구청역,23,8800,2
염창역,신정네거리역,25,9900,2
염창역,독립문역,38,17600,2
염창역,무악재역,40,18700,2
염창역,금호역,36,19800,1
염창역,옥수역,34,18700,1
염창역,잠원역,28,15400,1
염창역,한성대입구역,45,24200,1
염창역,성신여대입구역,47,25300,1
염창역,수유역,55,29700,1
염창역,이촌역,23,12100,1
염창역,동작역,17,11000,0
염창역,마장역,42,22000,1
염창역,애오개역,20,9900,1
염창역,신금호역,36,18700,1
염창역,아차산역,50,26400,1
염창역,영등포시장역,16,7700,1
염창역,방이역,50,29700,1
염창역,보문역,42,19800,2
염창역,창신역,40,18700,2
염창역,효창공원앞역,24,9900,2
염창역,광흥창역,19,6600,2
염창역,월드컵경기장역,21,7700,2
염창역,고려대역,46,22000,2
염창역,공릉역,62,34100,1
염창역,어린이대공원역,42,23100,1
염창역,용마산역,48,26400,1
염창역,자양역,38,20900,1
염창역,하계역,64,35200,1
염창역,남성역,32,17600,1
염창역,암사역,53,30800,1
염창역,몽촌토성역,47,27500,1
염창역,강동구청역,49,28600,1
염창역,송파역,45,26400,1
염창역,석촌역,39,25300,0
염창역,노들역,14,8800,0
염창역,선유도역,4,2200,0
염창역,한성백제역,43,27500,0
염창역,양천향교역,7,4400,0
염창역,흑석역,16,9900,0
염창역,공항시장역,12,7700,0
영등포구청역,제기동역,34,16500,1
영등포구청역,동묘앞역,30,14300,1
영등포구청역,신설동역,32,15400,1
영등포구청역,외대앞역,40,19800,1
영등포구청역,남영역,16,6600,1
영등포구청역,문래역,2,1100,0
영등포구청역,아현역,12,6600,0
영등포구청역,한양대역,32,17600,0
영등포구청역,잠실나루역,42,23100,0
영등포구청역,양천구청역,12,4400,1
영등포구청역,신정네거리역,14,5500,1
영등포구청역,독립문역,32,15400,1
영등포구청역,무악재역,34,16500,1
영등포구청역,금호역,32,15400,1
영등포구청역,옥수역,36,12100,1
영등포구청역,잠원역,34,16500,1
영등포구청역,한성대입구역,34,16500,1
영등포구청역,성신여대입구역,36,17600,1
영등포구청역,수유역,44,22000,1
영등포구청역,이촌역,26,8800,1
영등포구청역,동작역,18,8800,1
영등포구청역,마장역,36,19800,0
영등포구청역,애오개역,14,7700,0
영등포구청역,신금호역,30,16500,0
영등포구청역,아차산역,44,24200,0
영등포구청역,영등포시장역,2,1100,0
영등포구청역,방이역,56,30800,0
영등포구청역,보문역,36,17600,1
영등포구청역,창신역,34,16500,1
영등포구청역,효창공원앞역,18,7700,1
영등포구청역,광흥창역,12,4400,1
영등포구청역,월드컵경기장역,14,5500,1
영등포구청역,고려대역,40,19800,1
영등포구청역,공릉역,64,33000,1
영등포구청역,어린이대공원역,44,22000,1
영등포구청역,용마산역,50,25300,1
영등포구청역,자양역,42,20900,1
영등포구청역,하계역,66,34100,1
영등포구청역,남성역,24,11000,1
영등포구청역,암사역,52,26400,1
영등포구청역,몽촌토성역,46,23100,1
영등포구청역,강동구청역,48,24200,1
영등포구청역,송파역,48,24200,1
영등포구청역,석촌역,40,23100,1
영등포구청역,노들역,15,6600,1
영등포구청역,선유도역,8,2200,1
영등포구청역,한성백제역,44,25300,1
영등포구청역,양천향교역,18,8800,1
영등포구청역,흑석역,17,7700,1
영등포구청역,공항시장역,24,12100,1
영등포시장역,제기동역,32,15400,1
영등포시장역,동묘앞역,28,13200,1
영등포시장역,신설동역,30,14300,1
영등포시장역,외대앞역,38,18700,1
영등포시장역,남영역,14,5500,1
영등포시장역,문래역,8,2200,1
영등포시장역,아현역,18,7700,1
영등포시장역,한양대역,36,17600,1
영등포시장역,잠실나루역,48,24200,1
영등포시장역,양천구청역,20,8800,1
영등포시장역,신정네거리역,18,7700,1
영등포시장역,독립문역,30,14300,1
영등포시장역,무악재역,32,15400,1
영등포시장역,금호역,34,16500,1
영등포시장역,옥수역,34,12100,1
영등포시장역,잠원역,28,12100,2
영등포시장역,한성대입구역,34,16500,1
영등포시장역,성신여대입구역,36,17600,1
영등포시장역,수유역,44,22000,1
영등포시장역,이촌역,24,8800,1
영등포시장역,동작역,16,7700,1
영등포시장역,마장역,34,18700,0
영등포시장역,애오개역,12,6600,0
영등포시장역,신금호역,28,15400,0
영등포시장역,아차산역,42,23100,0
영등포시장역,영등포시장역,0,0,0
영등포시장역,방이역,54,29700,0
영등포시장역,보문역,38,18700,1
영등포시장역,창신역,36,17600,1
영등포시장역,효창공원앞역,16,6600,1
영등포시장역,광흥창역,18,7700,1
영등포시장역,월드컵경기장역,28,13200,1
영등포시장역,고려대역,42,20900,1
영등포시장역,공릉역,62,31900,1
영등포시장역,어린이대공원역,46,23100,1
영등포시장역,용마산역,48,24200,1
영등포시장역,자양역,38,17600,2
영등포시장역,하계역,64,33000,1
영등포시장역,남성역,30,12100,2
영등포시장역,암사역,52,26400,1
영등포시장역,몽촌토성역,54,27500,1
영등포시장역,강동구청역,52,26400,1
영등포시장역,송파역,45,23100,2
영등포시장역,석촌역,39,22000,1
영등포시장역,노들역,13,5500,1
영등포시장역,선유도역,13,5500,1
영등포시장역,한성백제역,43,24200,1
영등포시장역,양천향교역,24,12100,1
영등포시장역,흑석역,15,6600,1
영등포시장역,공항시장역,29,15400,1
영등포역,제기동역,28,15400,0
영등포역,동묘앞역,24,13200,0
영등포역,신설동역,26,14300,0
영등포역,외대앞역,34,18700,0
영등포역,남영역,10,5500,0
영등포역,문래역,8,2200,1
영등포역,아현역,22,9900,1
영등포역,한양대역,34,16500,1
영등포역,잠실나루역,44,22000,1
영등포역,양천구청역,10,3300,1
영등포역,신정네거리역,12,4400,1
영등포역,독립문역,28,13200,1
영등포역,무악재역,30,14300,1
영등포역,금호역,32,15400,1
영등포역,옥수역,26,8800,1
영등포역,잠원역,26,11000,2
영등포역,한성대입구역,30,14300,1
영등포역,성신여대입구역,32,15400,1
영등포역,수유역,40,19800,1
영등포역,이촌역,16,5500,1
영등포역,동작역,15,6600,1
영등포역,마장역,36,17600,1
영등포역,애오개역,16,6600,1
영등포역,신금호역,30,14300,1
영등포역,아차산역,44,22000,1
영등포역,영등포시장역,8,2200,1
영등포역,방이역,56,28600,1
영등포역,보문역,32,15400,1
영등포역,창신역,30,14300,1
영등포역,효창공원앞역,16,5500,1
영등포역,광흥창역,22,7700,2
영등포역,월드컵경기장역,24,8800,2
영등포역,고려대역,36,17600,1
영등포역,공릉역,50,23100,2
영등포역,어린이대공원역,40,18700,2
영등포역,용마산역,46,22000,2
영등포역,자양역,36,16500,2
영등포역,하계역,52,24200,2
영등포역,남성역,28,13200,1
영등포역,암사역,51,26400,2
영등포역,몽촌토성역,45,23100,2
영등포역,강동구청역,47,24200,2
영등포역,송파역,43,22000,2
영등포역,석촌역,37,20900,1
영등포역,노들역,12,4400,1
영등포역,선유도역,19,8800,1
영등포역,한성백제역,41,23100,1
영등포역,양천향교역,29,15400,1
영등포역,흑석역,14,5500,1
영등포역,공항시장역,34,18700,1
오금역,제기동역,38,15400,2
오금역,동묘앞역,38,18700,1
오금역,신설동역,40,16500,2
오금역,외대앞역,40,16500,2
오금역,남영역,48,24200,1
오금역,문래역,52,26400,1
오금역,아현역,46,23100,1
오금역,한양대역,30,14300,1
오금역,잠실나루역,20,6600,2
오금역,양천구청역,58,27500,2
오금역,신정네거리역,60,28600,2
오금역,독립문역,52,28600,0
오금역,무악재역,54,29700,0
오금역,금호역,36,19800,0
오금역,옥수역,34,18700,0
오금역,잠원역,28,15400,0
오금역,한성대입구역,42,20900,1
오금역,성신여대입구역,44,22000,1
오금역,수유역,52,26400,1
오금역,이촌역,44,18700,1
오금역,동작역,35,17600,1
오금역,마장역,22,12100,0
오금역,애오개역,44,24200,0
오금역,신금호역,28,15400,0
오금역,아차산역,14,7700,0
오금역,영등포시장역,56,30800,0
오금역,방이역,2,1100,0
오금역,보문역,42,20900,1
오금역,창신역,40,19800,1
오금역,효창공원앞역,48,24200,1
오금역,광흥창역,54,27500,1
오금역,월드컵경기장역,64,33000,1
오금역,고려대역,46,23100,1
오금역,공릉역,38,18700,1
오금역,어린이대공원역,22,9900,1
오금역,용마산역,24,11000,1
오금역,자양역,26,12100,1
오금역,하계역,40,19800,1
오금역,남성역,36,17600,1
오금역,암사역,16,6600,1
오금역,몽촌토성역,16,6600,1
오금역,강동구청역,16,6600,1
오금역,송파역,10,3300,1
오금역,석촌역,12,4400,1
오금역,노들역,39,19800,1
오금역,선유도역,49,26400,1
오금역,한성백제역,10,3300,1
오금역,양천향교역,59,33000,1
오금역,흑석역,37,18700,1
오금역,공항시장역,65,36300,1
오류동역,제기동역,38,20900,0
오류동역,동묘앞역,34,18700,0
오류동역,신설동역,36,19800,0
오류동역,외대앞역,44,24200,0
오류동역,남영역,20,11000,0
오류동역,문래역,14,5500,1
오류동역,아현역,28,13200,1
오류동역,한양대역,44,22000,1
오류동역,잠실나루역,50,25300,1
오류동역,양천구청역,16,6600,1
오류동역,신정네거리역,18,7700,1
오류동역,독립문역,38,18700,1
오류동역,무악재역,40,19800,1
오류동역,금호역,42,20900,1
오류동역,옥수역,36,14300,1
오류동역,잠원역,36,16500,2
오류동역,한성대입구역,40,19800,1
오류동역,성신여대입구역,42,20900,1
오류동역,수유역,50,25300,1
오류동역,이촌역,26,11000,1
오류동역,동작역,25,12100,1
오류동역,마장역,46,23100,1
오류동역,애오개역,26,12100,1
오류동역,신금호역,40,19800,1
오류동역,아차산역,54,27500,1
오류동역,영등포시장역,18,7700,1
오류동역,방이역,66,34100,1
오류동역,보문역,42,20900,1
오류동역,창신역,40,19800,1
오류동역,효창공원앞역,26,11000,1
오류동역,광흥창역,28,11000,2
오류동역,월드컵경기장역,30,12100,2
오류동역,고려대역,46,23100,1
오류동역,공릉역,60,28600,2
오류동역,어린이대공원역,52,26400,1
오류동역,용마산역,58,29700,1
오류동역,자양역,48,24200,1
오류동역,하계역,62,29700,2
오류동역,남성역,30,14300,1
오류동역,암사역,60,28600,2
오류동역,몽촌토성역,54,25300,2
오류동역,강동구청역,56,26400,2
오류동역,송파역,53,27500,2
오류동역,석촌역,47,26400,1
오류동역,노들역,22,9900,1
오류동역,선유도역,29,14300,1
오류동역,한성백제역,51,28600,1
오류동역,양천향교역,39,20900,1
오류동역,흑석역,24,11000,1
오류동역,공항시장역,44,24200,1
오목교역,제기동역,38,18700,1
오목교역,동묘앞역,34,16500,1
오목교역,신설동역,36,17600,1
오목교역,외대앞역,44,22000,1
오목교역,남영역,20,8800,1
오목교역,문래역,10,3300,1
오목교역,아현역,20,8800,1
오목교역,한양대역,40,19800,1
오목교역,잠실나루역,50,25300,1
오목교역,양천구청역,14,5500,1
오목교역,신정네거리역,12,4400,1
오목교역,독립문역,36,17600,1
오목교역,무악재역,38,18700,1
오목교역,금호역,40,19800,1
오목교역,옥수역,40,15400,1
오목교역,잠원역,34,15400,2
오목교역,한성대입구역,40,19800,1
오목교역,성신여대입구역,42,20900,1
오목교역,수유역,50,25300,1
오목교역,이촌역,30,12100,1
오목교역,동작역,22,11000,1
오목교역,마장역,40,22000,0
오목교역,애오개역,18,9900,0
오목교역,신금호역,34,18700,0
오목교역,아차산역,48,26400,0
오목교역,영등포시장역,6,3300,0
오목교역,방이역,60,33000,0
오목교역,보문역,44,22000,1
오목교역,창신역,42,20900,1
오목교역,효창공원앞역,22,9900,1
오목교역,광흥창역,24,11000,1
오목교역,월드컵경기장역,22,7700,2
오목교역,고려대역,48,24200,1
오목교역,공릉역,68,35200,1
오목교역,어린이대공원역,52,26400,1
오목교역,용마산역,54,27500,1
오목교역,자양역,44,20900,2
오목교역,하계역,70,36300,1
오목교역,남성역,32,13200,2
오목교역,암사역,58,29700,1
오목교역,몽촌토성역,60,30800,1
오목교역,강동구청역,58,29700,1
오목교역,송파역,51,26400,2
오목교역,석촌역,45,25300,1
오목교역,노들역,19,8800,1
오목교역,선유도역,19,8800,1
오목교역,한성백제역,49,27500,1
오목교역,양천향교역,29,14300,1
오목교역,흑석역,21,9900,1
오목교역,공항시장역,24,11000,1
옥수역,제기동역,15,4400,1
옥수역,동묘앞역,14,5500,1
옥수역,신설동역,17,5500,1
옥수역,외대앞역,17,5500,1
옥수역,남영역,18,5500,1
옥수역,문래역,36,13200,1
옥수역,아현역,22,9900,1
옥수역,한양대역,12,3300,1
옥수역,잠실나루역,24,9900,1
옥수역,양천구청역,34,12100,2
옥수역,신정네거리역,36,13200,2
옥수역,독립문역,18,9900,0
옥수역,무악재역,20,11000,0
옥수역,금호역,2,1100,0
옥수역,옥수역,0,0,0
옥수역,잠원역,6,3300,0
옥수역,한성대입구역,20,8800,1
옥수역,성신여대입구역,22,9900,1
옥수역,수유역,30,14300,1
옥수역,이촌역,9,3300,0
옥수역,동작역,15,4400,1
옥수역,마장역,12,3300,1
옥수역,애오개역,24,7700,1
옥수역,신금호역,14,4400,1
옥수역,아차산역,20,7700,1
옥수역,영등포시장역,32,12100,1
옥수역,방이역,32,14300,1
옥수역,보문역,18,7700,1
옥수역,창신역,16,6600,1
옥수역,효창공원앞역,15,5500,0
옥수역,광흥창역,25,8800,1
옥수역,월드컵경기장역,35,14300,1
옥수역,고려대역,22,9900,1
옥수역,공릉역,30,11000,1
옥수역,어린이대공원역,28,13200,1
옥수역,용마산역,28,9900,1
옥수역,자양역,24,11000,1
옥수역,하계역,32,12100,1
옥수역,남성역,18,7700,1
옥수역,암사역,30,11000,2
옥수역,몽촌토성역,32,12100,2
옥수역,강동구청역,30,11000,2
옥수역,송파역,36,17600,1
옥수역,석촌역,29,15400,1
옥수역,노들역,21,9900,1
옥수역,선유도역,31,16500,1
옥수역,한성백제역,33,17600,1
옥수역,양천향교역,41,23100,1
옥수역,흑석역,19,8800,1
옥수역,공항시장역,47,26400,1
온수역,제기동역,40,22000,0
온수역,동묘앞역,36,19800,0
온수역,신설동역,38,20900,0
온수역,외대앞역,46,25300,0
온수역,남영역,22,12100,0
온수역,문래역,16,6600,1
온수역,아현역,30,14300,1
온수역,한양대역,46,23100,1
온수역,잠실나루역,52,26400,1
온수역,양천구청역,18,7700,1
온수역,신정네거리역,20,8800,1
온수역,독립문역,40,19800,1
온수역,무악재역,42,20900,1
온수역,금호역,44,22000,1
온수역,옥수역,38,15400,1
온수역,잠원역,38,18700,1
온수역,한성대입구역,42,20900,1
온수역,성신여대입구역,44,22000,1
온수역,수유역,52,26400,1
온수역,이촌역,28,12100,1
온수역,동작역,27,13200,1
온수역,마장역,48,24200,1
온수역,애오개역,28,13200,1
온수역,신금호역,42,20900,1
온수역,아차산역,56,28600,1
온수역,영등포시장역,20,8800,1
온수역,방이역,68,35200,1
온수역,보문역,44,22000,1
온수역,창신역,42,20900,1
온수역,효창공원앞역,28,12100,1
온수역,광흥창역,30,12100,2
온수역,월드컵경기장역,32,13200,2
온수역,고려대역,48,24200,1
온수역,공릉역,68,37400,0
온수역,어린이대공원역,48,26400,0
온수역,용마산역,54,29700,0
온수역,자양역,44,24200,0
온수역,하계역,70,38500,0
온수역,남성역,26,14300,0
온수역,암사역,62,29700,2
온수역,몽촌토성역,56,26400,2
온수역,강동구청역,58,27500,2
온수역,송파역,55,28600,2
온수역,석촌역,49,27500,1
온수역,노들역,24,11000,1
온수역,선유도역,31,15400,1
온수역,한성백제역,53,29700,1
온수역,양천향교역,41,22000,1
온수역,흑석역,26,12100,1
온수역,공항시장역,46,25300,1
올림픽공원역,제기동역,34,13200,2
올림픽공원역,동묘앞역,34,16500,1
올림픽공원역,신설동역,36,14300,2
올림픽공원역,외대앞역,36,14300,2
올림픽공원역,남영역,40,23100,1
올림픽공원역,문래역,47,27500,1
올림픽공원역,아현역,42,20900,1
올림픽공원역,한양대역,26,12100,1
올림픽공원역,잠실나루역,20,9900,1
올림픽공원역,양천구청역,52,27500,2
올림픽공원역,신정네거리역,54,28600,2
올림픽공원역,독립문역,42,20900,1
올림픽공원역,무악재역,44,22000,1
올림픽공원역,금호역,36,19800,1
올림픽공원역,옥수역,32,13200,1
올림픽공원역,잠원역,28,15400,1
올림픽공원역,한성대입구역,38,18700,1
올림픽공원역,성신여대입구역,40,19800,1
올림픽공원역,수유역,48,24200,1
올림픽공원역,이촌역,33,18700,1
올림픽공원역,동작역,27,17600,0
올림픽공원역,마장역,18,9900,0
올림픽공원역,애오개역,40,22000,0
올림픽공원역,신금호역,24,13200,0
올림픽공원역,아차산역,10,5500,0
올림픽공원역,영등포시장역,44,25300,1
올림픽공원역,방이역,2,1100,0
올림픽공원역,보문역,38,18700,1
올림픽공원역,창신역,36,17600,1
올림픽공원역,효창공원앞역,44,22000,1
올림픽공원역,광흥창역,50,25300,1
올림픽공원역,월드컵경기장역,60,30800,1
올림픽공원역,고려대역,42,20900,1
올림픽공원역,공릉역,34,16500,1
올림픽공원역,어린이대공원역,18,7700,1
올림픽공원역,용마산역,20,8800,1
올림픽공원역,자양역,22,9900,1
올림픽공원역,하계역,36,17600,1
올림픽공원역,남성역,32,17600,1
올림픽공원역,암사역,12,4400,1
올림픽공원역,몽촌토성역,13,5500,1
올림픽공원역,강동구청역,12,4400,1
올림픽공원역,송파역,11,4400,1
올림픽공원역,석촌역,5,3300,0
올림픽공원역,노들역,31,19800,0
올림픽공원역,선유도역,41,26400,0
올림픽공원역,한성백제역,2,1100,0
올림픽공원역,양천향교역,51,33000,0
올림픽공원역,흑석역,29,18700,0
올림픽공원역,공항시장역,57,36300,0
왕십리역,제기동역,8,2200,1
왕십리역,동묘앞역,10,3300,1
왕십리역,신설동역,10,3300,1
왕십리역,외대앞역,10,3300,1
왕십리역,남영역,22,9900,1
왕십리역,문래역,32,17600,0
왕십리역,아현역,18,9900,0
왕십리역,한양대역,2,1100,0
왕십리역,잠실나루역,14,7700,0
왕십리역,양천구청역,42,20900,1
왕십리역,신정네거리역,44,22000,1
왕십리역,독립문역,22,9900,1
왕십리역,무악재역,24,11000,1
왕십리역,금호역,12,3300,1
왕십리역,옥수역,6,2200,0
왕십리역,잠원역,16,5500,1
왕십리역,한성대입구역,16,6600,1
왕십리역,성신여대입구역,18,7700,1
왕십리역,수유역,26,12100,1
왕십리역,이촌역,15,5500,0
왕십리역,동작역,21,6600,1
왕십리역,마장역,2,1100,0
왕십리역,애오개역,20,11000,0
왕십리역,신금호역,4,2200,0
왕십리역,아차산역,10,5500,0
왕십리역,영등포시장역,32,17600,0
왕십리역,방이역,22,12100,0
왕십리역,보문역,14,5500,1
왕십리역,창신역,12,4400,1
왕십리역,효창공원앞역,21,7700,0
왕십리역,광흥창역,30,14300,1
왕십리역,월드컵경기장역,36,17600,1
왕십리역,고려대역,18,7700,1
왕십리역,공릉역,24,8800,1
왕십리역,어린이대공원역,14,5500,1
왕십리역,용마산역,16,6600,1
왕십리역,자양역,14,5500,1
왕십리역,하계역,26,9900,1
왕십리역,남성역,26,11000,1
왕십리역,암사역,20,8800,1
왕십리역,몽촌토성역,22,9900,1
왕십리역,강동구청역,20,8800,1
왕십리역,송파역,24,11000,1
왕십리역,석촌역,22,9900,1
왕십리역,노들역,30,14300,1
왕십리역,선유도역,34,16500,1
왕십리역,한성백제역,26,12100,1
왕십리역,양천향교역,44,23100,1
왕십리역,흑석역,28,13200,1
왕십리역,공항시장역,50,26400,1
외대앞역,제기동역,6,3300,0
외대앞역,동묘앞역,10,5500,0
외대앞역,신설동역,8,4400,0
외대앞역,외대앞역,0,0,0
외대앞역,남영역,24,13200,0
외대앞역,문래역,42,20900,1
외대앞역,아현역,28,13200,1
외대앞역,한양대역,18,4400,2
외대앞역,잠실나루역,30,11000,2
외대앞역,양천구청역,44,22000,1
외대앞역,신정네거리역,46,23100,1
외대앞역,독립문역,26,12100,1
외대앞역,무악재역,28,13200,1
외대앞역,금호역,30,14300,1
외대앞역,옥수역,18,5500,1
외대앞역,잠원역,28,8800,2
외대앞역,한성대입구역,20,8800,1
외대앞역,성신여대입구역,16,6600,1
외대앞역,수유역,20,8800,1
외대앞역,이촌역,28,8800,1
외대앞역,동작역,36,17600,1
외대앞역,마장역,18,4400,2
외대앞역,애오개역,28,13200,1
외대앞역,신금호역,20,5500,2
외대앞역,아차산역,26,8800,2
외대앞역,영등포시장역,38,18700,1
외대앞역,방이역,38,15400,2
외대앞역,보문역,14,5500,1
외대앞역,창신역,16,6600,1
외대앞역,효창공원앞역,34,11000,1
외대앞역,광흥창역,38,18700,1
외대앞역,월드컵경기장역,48,24200,1
외대앞역,고려대역,16,6600,1
외대앞역,공릉역,16,4400,2
외대앞역,어린이대공원역,30,9900,2
외대앞역,용마산역,24,6600,2
외대앞역,자양역,28,8800,2
외대앞역,하계역,18,5500,2
외대앞역,남성역,38,14300,2
외대앞역,암사역,36,12100,3
외대앞역,몽촌토성역,38,13200,3
외대앞역,강동구청역,36,12100,3
외대앞역,송파역,40,14300,3
외대앞역,석촌역,36,14300,2
외대앞역,노들역,34,16500,1
외대앞역,선유도역,41,20900,1
외대앞역,한성백제역,40,16500,2
외대앞역,양천향교역,51,27500,1
외대앞역,흑석역,36,17600,1
외대앞역,공항시장역,56,30800,1
용답역,제기동역,12,4400,1
용답역,동묘앞역,12,4400,1
용답역,신설동역,6,3300,0
용답역,외대앞역,18,7700,1
용답역,남영역,26,12100,1
용답역,문래역,44,22000,1
용답역,아현역,30,14300,1
용답역,한양대역,10,3300,1
용답역,잠실나루역,14,5500,1
용답역,양천구청역,46,20900,2
용답역,신정네거리역,48,22000,2
용답역,독립문역,28,11000,2
용답역,무악재역,30,12100,2
용답역,금호역,32,13200,2
용답역,옥수역,24,6600,2
용답역,잠원역,38,16500,2
용답역,한성대입구역,20,6600,2
용답역,성신여대입구역,14,5500,1
용답역,수유역,26,9900,2
용답역,이촌역,32,9900,2
용답역,동작역,38,16500,2
용답역,마장역,18,5500,2
용답역,애오개역,30,12100,2
용답역,신금호역,20,6600,2
용답역,아차산역,26,9900,2
용답역,영등포시장역,40,17600,2
용답역,방이역,38,16500,2
용답역,보문역,12,4400,1
용답역,창신역,18,5500,2
용답역,효창공원앞역,34,14300,2
용답역,광흥창역,40,17600,2
용답역,월드컵경기장역,48,22000,2
용답역,고려대역,20,6600,2
용답역,공릉역,34,14300,2
용답역,어린이대공원역,14,3300,2
용답역,용마산역,20,6600,2
용답역,자양역,14,3300,2
용답역,하계역,36,15400,2
용답역,남성역,32,13200,2
용답역,암사역,28,11000,2
용답역,몽촌토성역,22,7700,2
용답역,강동구청역,24,8800,2
용답역,송파역,24,8800,2
용답역,석촌역,22,7700,2
용답역,노들역,36,15400,2
용답역,선유도역,43,19800,2
용답역,한성백제역,33,14300,2
용답역,양천향교역,53,26400,2
용답역,흑석역,38,16500,2
용답역,공항시장역,58,29700,2
용두역,제기동역,8,2200,1
용두역,동묘앞역,8,2200,1
용두역,신설동역,2,1100,0
용두역,외대앞역,14,5500,1
용두역,남영역,22,9900,1
용두역,문래역,48,24200,1
용두역,아현역,34,16500,1
용두역,한양대역,14,5500,1
용두역,잠실나루역,18,7700,1
용두역,양천구청역,42,18700,2
용두역,신정네거리역,44,19800,2
용두역,독립문역,24,8800,2
용두역,무악재역,26,9900,2
용두역,금호역,28,11000,2
용두역,옥수역,24,6600,2
용두역,잠원역,36,15400,2
용두역,한성대입구역,16,4400,2
용두역,성신여대입구역,10,3300,1
용두역,수유역,22,7700,2
용두역,이촌역,32,12100,2
용두역,동작역,34,14300,2
용두역,마장역,22,7700,2
용두역,애오개역,26,9900,2
용두역,신금호역,24,8800,2
용두역,아차산역,30,12100,2
용두역,영등포시장역,36,15400,2
용두역,방이역,42,18700,2
용두역,보문역,8,2200,1
용두역,창신역,14,3300,2
용두역,효창공원앞역,30,12100,2
용두역,광흥창역,36,15400,2
용두역,월드컵경기장역,46,20900,2
용두역,고려대역,16,4400,2
용두역,공릉역,38,16500,2
용두역,어린이대공원역,18,5500,2
용두역,용마산역,24,8800,2
용두역,자양역,18,5500,2
용두역,하계역,40,17600,2
용두역,남성역,36,15400,2
용두역,암사역,32,13200,2
용두역,몽촌토성역,26,9900,2
용두역,강동구청역,28,11000,2
용두역,송파역,28,11000,2
용두역,석촌역,26,9900,2
용두역,노들역,32,13200,2
용두역,선유도역,39,17600,2
용두역,한성백제역,37,16500,2
용두역,양천향교역,49,24200,2
용두역,흑석역,34,14300,2
용두역,공항시장역,54,27500,2
용마산역,제기동역,26,7700,2
용마산역,동묘앞역,34,16500,1
용마산역,신설동역,26,9900,2
용마산역,외대앞역,24,6600,2
용마산역,남영역,40,17600,2
용마산역,문래역,50,25300,1
용마산역,아현역,38,18700,1
용마산역,한양대역,18,7700,1
용마산역,잠실나루역,18,7700,1
용마산역,양천구청역,56,26400,2
용마산역,신정네거리역,58,27500,2
용마산역,독립문역,38,16500,2
용마산역,무악재역,40,17600,2
용마산역,금호역,36,17600,1
용마산역,옥수역,30,9900,1
용마산역,잠원역,28,13200,1
용마산역,한성대입구역,40,19800,1
용마산역,성신여대입구역,38,18700,1
용마산역,수유역,30,14300,1
용마산역,이촌역,34,16500,1
용마산역,동작역,31,15400,1
용마산역,마장역,14,5500,1
용마산역,애오개역,36,17600,1
용마산역,신금호역,20,8800,1
용마산역,아차산역,10,3300,1
용마산역,영등포시장역,48,24200,1
용마산역,방이역,22,9900,1
용마산역,보문역,30,14300,1
용마산역,창신역,32,15400,1
용마산역,효창공원앞역,44,15400,1
용마산역,광흥창역,46,20900,2
용마산역,월드컵경기장역,56,26400,2
용마산역,고려대역,26,12100,1
용마산역,공릉역,14,7700,0
용마산역,어린이대공원역,6,3300,0
용마산역,용마산역,0,0,0
용마산역,자양역,10,5500,0
용마산역,하계역,16,8800,0
용마산역,남성역,28,15400,0
용마산역,암사역,20,6600,2
용마산역,몽촌토성역,22,7700,2
용마산역,강동구청역,20,6600,2
용마산역,송파역,28,11000,2
용마산역,석촌역,26,9900,2
용마산역,노들역,35,17600,1
용마산역,선유도역,45,24200,1
용마산역,한성백제역,26,9900,2
용마산역,양천향교역,55,30800,1
용마산역,흑석역,33,16500,1
용마산역,공항시장역,61,34100,1
용산역,제기동역,20,11000,0
용산역,동묘앞역,16,8800,0
용산역,신설동역,18,9900,0
용산역,외대앞역,26,14300,0
용산역,남영역,2,1100,0
용산역,문래역,16,6600,1
용산역,아현역,14,5500,1
용산역,한양대역,24,7700,1
용산역,잠실나루역,36,14300,1
용산역,양천구청역,18,7700,1
용산역,신정네거리역,20,8800,1
용산역,독립문역,20,8800,1
용산역,무악재역,22,9900,1
용산역,금호역,18,5500,1
용산역,옥수역,12,4400,0
용산역,잠원역,22,7700,1
용산역,한성대입구역,22,9900,1
용산역,성신여대입구역,24,11000,1
용산역,수유역,32,15400,1
용산역,이촌역,3,1100,0
용산역,동작역,9,2200,1
용산역,마장역,24,7700,1
용산역,애오개역,12,3300,1
용산역,신금호역,22,9900,1
용산역,아차산역,32,12100,1
용산역,영등포시장역,12,4400,1
용산역,방이역,44,18700,1
용산역,보문역,24,11000,1
용산역,창신역,22,9900,1
용산역,효창공원앞역,3,1100,0
용산역,광흥창역,13,4400,1
용산역,월드컵경기장역,23,9900,1
용산역,고려대역,28,13200,1
용산역,공릉역,42,15400,1
용산역,어린이대공원역,35,14300,2
용산역,용마산역,40,14300,1
용산역,자양역,31,12100,2
용산역,하계역,44,16500,1
용산역,남성역,17,4400,2
용산역,암사역,42,15400,2
용산역,몽촌토성역,41,20900,2
용산역,강동구청역,42,15400,2
용산역,송파역,39,19800,2
용산역,석촌역,33,18700,1
용산역,노들역,8,2200,1
용산역,선유도역,15,6600,1
용산역,한성백제역,37,20900,1
용산역,양천향교역,25,13200,1
용산역,흑석역,10,3300,1
용산역,공항시장역,30,16500,1
우장산역,제기동역,48,24200,1
우장산역,동묘앞역,44,22000,1
우장산역,신설동역,46,23100,1
우장산역,외대앞역,54,27500,1
우장산역,남영역,30,14300,1
우장산역,문래역,20,8800,1
우장산역,아현역,30,14300,1
우장산역,한양대역,50,25300,1
우장산역,잠실나루역,60,30800,1
우장산역,양천구청역,12,4400,1
우장산역,신정네거리역,10,3300,1
우장산역,독립문역,46,23100,1
우장산역,무악재역,48,24200,1
우장산역,금호역,50,25300,1
우장산역,옥수역,50,20900,1
우장산역,잠원역,44,20900,2
우장산역,한성대입구역,50,25300,1
우장산역,성신여대입구역,52,26400,1
우장산역,수유역,60,30800,1
우장산역,이촌역,40,17600,1
우장산역,동작역,32,16500,1
우장산역,마장역,50,27500,0
우장산역,애오개역,28,15400,0
우장산역,신금호역,44,24200,0
우장산역,아차산역,58,31900,0
우장산역,영등포시장역,16,8800,0
우장산역,방이역,70,38500,0
우장산역,보문역,54,27500,1
우장산역,창신역,52,26400,1
우장산역,효창공원앞역,32,15400,1
우장산역,광흥창역,34,16500,1
우장산역,월드컵경기장역,32,13200,2
우장산역,고려대역,58,29700,1
우장산역,공릉역,78,40700,1
우장산역,어린이대공원역,62,31900,1
우장산역,용마산역,64,33000,1
우장산역,자양역,54,26400,2
우장산역,하계역,80,41800,1
우장산역,남성역,42,18700,2
우장산역,암사역,68,35200,1
우장산역,몽촌토성역,70,36300,1
우장산역,강동구청역,68,35200,1
우장산역,송파역,61,31900,2
우장산역,석촌역,55,30800,1
우장산역,노들역,29,14300,1
우장산역,선유도역,29,14300,1
우장산역,한성백제역,59,33000,1
우장산역,양천향교역,19,8800,1
우장산역,흑석역,31,15400,1
우장산역,공항시장역,14,5500,1
월계역,제기동역,14,7700,0
월계역,동묘앞역,18,9900,0
월계역,신설동역,16,8800,0
월계역,외대앞역,8,4400,0
월계역,남영역,32,17600,0
월계역,문래역,50,25300,1
월계역,아현역,36,17600,1
월계역,한양대역,26,8800,2
월계역,잠실나루역,38,15400,2
월계역,양천구청역,52,26400,1
월계역,신정네거리역,54,27500,1
월계역,독립문역,34,16500,1
월계역,무악재역,36,17600,1
월계역,금호역,38,18700,1
월계역,옥수역,26,9900,1
월계역,잠원역,36,13200,2
월계역,한성대입구역,22,9900,1
월계역,성신여대입구역,20,8800,1
월계역,수유역,12,4400,1
월계역,이촌역,36,13200,1
월계역,동작역,44,22000,1
월계역,마장역,26,8800,2
월계역,애오개역,36,17600,1
월계역,신금호역,28,9900,2
월계역,아차산역,34,13200,2
월계역,영등포시장역,46,23100,1
월계역,방이역,46,19800,2
월계역,보문역,20,8800,1
월계역,창신역,22,9900,1
월계역,효창공원앞역,42,15400,1
월계역,광흥창역,46,23100,1
월계역,월드컵경기장역,56,28600,1
월계역,고려대역,16,6600,1
월계역,공릉역,16,4400,2
월계역,어린이대공원역,32,13200,2
월계역,용마산역,26,9900,2
월계역,자양역,36,13200,2
월계역,하계역,24,11000,1
월계역,남성역,46,18700,2
월계역,암사역,44,16500,3
월계역,몽촌토성역,46,17600,3
월계역,강동구청역,44,16500,3
월계역,송파역,48,18700,3
월계역,석촌역,44,18700,2
월계역,노들역,42,20900,1
월계역,선유도역,49,25300,1
월계역,한성백제역,48,20900,2
월계역,양천향교역,59,31900,1
월계역,흑석역,44,22000,1
월계역,공항시장역,64,35200,1
월곡역,제기동역,18,7700,1
월곡역,동묘앞역,10,5500,0
월곡역,신설동역,12,4400,1
월곡역,외대앞역,14,5500,1
월곡역,남영역,28,13200,1
월곡역,문래역,44,22000,1
월곡역,아현역,30,14300,1
월곡역,한양대역,22,9900,1
월곡역,잠실나루역,34,16500,1
월곡역,양천구청역,48,22000,2
월곡역,신정네거리역,50,23100,2
월곡역,독립문역,34,16500,1
월곡역,무악재역,36,17600,1
월곡역,금호역,22,9900,1
월곡역,옥수역,24,11000,1
월곡역,잠원역,30,14300,1
월곡역,한성대입구역,18,5500,2
월곡역,성신여대입구역,12,4400,1
월곡역,수유역,24,8800,2
월곡역,이촌역,34,16500,1
월곡역,동작역,36,17600,1
월곡역,마장역,26,12100,1
월곡역,애오개역,32,15400,1
월곡역,신금호역,20,8800,1
월곡역,아차산역,34,16500,1
월곡역,영등포시장역,44,22000,1
월곡역,방이역,46,23100,1
월곡역,보문역,6,3300,0
월곡역,창신역,8,4400,0
월곡역,효창공원앞역,28,15400,0
월곡역,광흥창역,34,18700,0
월곡역,월드컵경기장역,44,24200,0
월곡역,고려대역,2,1100,0
월곡역,공릉역,14,5500,1
월곡역,어린이대공원역,30,14300,1
월곡역,용마산역,24,11000,1
월곡역,자양역,34,16500,1
월곡역,하계역,16,6600,1
월곡역,남성역,42,18700,2
월곡역,암사역,44,19800,2
월곡역,몽촌토성역,42,18700,2
월곡역,강동구청역,44,19800,2
월곡역,송파역,44,19800,2
월곡역,석촌역,42,18700,2
월곡역,노들역,38,16500,2
월곡역,선유도역,45,20900,2
월곡역,한성백제역,50,23100,2
월곡역,양천향교역,55,27500,2
월곡역,흑석역,40,17600,2
월곡역,공항시장역,60,30800,2
월드컵경기장역,제기동역,42,20900,1
월드컵경기장역,동묘앞역,34,18700,0
월드컵경기장역,신설동역,40,19800,1
월드컵경기장역,외대앞역,48,24200,1
월드컵경기장역,남영역,22,5500,2
월드컵경기장역,문래역,16,6600,1
월드컵경기장역,아현역,18,7700,1
월드컵경기장역,한양대역,38,18700,1
월드컵경기장역,잠실나루역,50,25300,1
월드컵경기장역,양천구청역,26,9900,2
월드컵경기장역,신정네거리역,28,11000,2
월드컵경기장역,독립문역,24,11000,1
월드컵경기장역,무악재역,22,9900,1
월드컵경기장역,금호역,34,16500,1
월드컵경기장역,옥수역,36,14300,1
월드컵경기장역,잠원역,42,20900,1
월드컵경기장역,한성대입구역,40,19800,1
월드컵경기장역,성신여대입구역,42,20900,1
월드컵경기장역,수유역,50,25300,1
월드컵경기장역,이촌역,28,11000,1
월드컵경기장역,동작역,28,13200,1
월드컵경기장역,마장역,42,20900,1
월드컵경기장역,애오개역,20,8800,1
월드컵경기장역,신금호역,36,17600,1
월드컵경기장역,아차산역,50,25300,1
월드컵경기장역,영등포시장역,28,13200,1
월드컵경기장역,방이역,62,31900,1
월드컵경기장역,보문역,38,20900,0
월드컵경기장역,창신역,36,19800,0
월드컵경기장역,효창공원앞역,16,8800,0
월드컵경기장역,광흥창역,10,5500,0
월드컵경기장역,월드컵경기장역,0,0,0
월드컵경기장역,고려대역,42,23100,0
월드컵경기장역,공릉역,58,29700,1
월드컵경기장역,어린이대공원역,50,23100,2
월드컵경기장역,용마산역,56,26400,2
월드컵경기장역,자양역,50,23100,2
월드컵경기장역,하계역,60,30800,1
월드컵경기장역,남성역,36,15400,2
월드컵경기장역,암사역,60,28600,2
월드컵경기장역,몽촌토성역,58,27500,2
월드컵경기장역,강동구청역,60,28600,2
월드컵경기장역,송파역,60,28600,2
월드컵경기장역,석촌역,50,26400,2
월드컵경기장역,노들역,25,9900,2
월드컵경기장역,선유도역,18,5500,2
월드컵경기장역,한성백제역,54,28600,2
월드컵경기장역,양천향교역,28,12100,2
월드컵경기장역,흑석역,27,11000,2
월드컵경기장역,공항시장역,22,4400,2
을지로3가역,제기동역,16,6600,1
을지로3가역,동묘앞역,12,4400,1
을지로3가역,신설동역,14,5500,1
을지로3가역,외대앞역,22,9900,1
을지로3가역,남영역,12,4400,1
을지로3가역,문래역,22,12100,0
을지로3가역,아현역,8,4400,0
을지로3가역,한양대역,12,6600,0
을지로3가역,잠실나루역,24,13200,0
을지로3가역,양천구청역,32,15400,1
을지로3가역,신정네거리역,34,16500,1
을지로3가역,독립문역,8,4400,0
을지로3가역,무악재역,10,5500,0
을지로3가역,금호역,8,4400,0
을지로3가역,옥수역,10,5500,0
을지로3가역,잠원역,16,8800,0
을지로3가역,한성대입구역,14,5500,1
을지로3가역,성신여대입구역,16,6600,1
을지로3가역,수유역,24,11000,1
을지로3가역,이촌역,20,8800,1
을지로3가역,동작역,22,9900,1
을지로3가역,마장역,16,6600,1
을지로3가역,애오개역,12,4400,1
을지로3가역,신금호역,12,4400,1
을지로3가역,아차산역,24,11000,1
을지로3가역,영등포시장역,24,11000,1
을지로3가역,방이역,36,17600,1
을지로3가역,보문역,16,6600,1
을지로3가역,창신역,14,5500,1
을지로3가역,효창공원앞역,22,9900,1
을지로3가역,광흥창역,24,11000,1
을지로3가역,월드컵경기장역,26,12100,1
을지로3가역,고려대역,20,8800,1
을지로3가역,공릉역,44,22000,1
을지로3가역,어린이대공원역,24,11000,1
을지로3가역,용마산역,30,14300,1
을지로3가역,자양역,24,11000,1
을지로3가역,하계역,46,23100,1
을지로3가역,남성역,28,13200,1
을지로3가역,암사역,38,18700,1
을지로3가역,몽촌토성역,32,15400,1
을지로3가역,강동구청역,34,16500,1
을지로3가역,송파역,34,16500,1
을지로3가역,석촌역,32,15400,1
을지로3가역,노들역,22,7700,2
을지로3가역,선유도역,24,11000,1
을지로3가역,한성백제역,43,23100,1
을지로3가역,양천향교역,34,17600,1
을지로3가역,흑석역,29,14300,1
을지로3가역,공항시장역,40,20900,1
을지로4가역,제기동역,16,6600,1
을지로4가역,동묘앞역,10,3300,1
을지로4가역,신설동역,14,5500,1
을지로4가역,외대앞역,22,9900,1
을지로4가역,남영역,14,5500,1
을지로4가역,문래역,24,13200,0
을지로4가역,아현역,10,5500,0
을지로4가역,한양대역,10,5500,0
을지로4가역,잠실나루역,22,12100,0
을지로4가역,양천구청역,34,16500,1
을지로4가역,신정네거리역,36,17600,1
을지로4가역,독립문역,12,4400,1
을지로4가역,무악재역,14,5500,1
을지로4가역,금호역,14,5500,1
을지로4가역,옥수역,16,6600,1
을지로4가역,잠원역,22,9900,1
을지로4가역,한성대입구역,12,4400,1
을지로4가역,성신여대입구역,14,5500,1
을지로4가역,수유역,22,9900,1
을지로4가역,이촌역,22,9900,1
을지로4가역,동작역,24,11000,1
을지로4가역,마장역,12,6600,0
을지로4가역,애오개역,10,5500,0
을지로4가역,신금호역,6,3300,0
을지로4가역,아차산역,20,11000,0
을지로4가역,영등포시장역,22,12100,0
을지로4가역,방이역,32,17600,0
을지로4가역,보문역,14,5500,1
을지로4가역,창신역,12,4400,1
을지로4가역,효창공원앞역,18,7700,1
을지로4가역,광흥창역,20,8800,1
을지로4가역,월드컵경기장역,28,13200,1
을지로4가역,고려대역,18,7700,1
을지로4가역,공릉역,40,19800,1
을지로4가역,어린이대공원역,22,9900,1
을지로4가역,용마산역,26,12100,1
을지로4가역,자양역,22,9900,1
을지로4가역,하계역,42,20900,1
을지로4가역,남성역,40,19800,1
을지로4가역,암사역,30,14300,1
을지로4가역,몽촌토성역,30,14300,1
을지로4가역,강동구청역,30,14300,1
을지로4가역,송파역,32,15400,1
을지로4가역,석촌역,30,14300,1
을지로4가역,노들역,27,13200,1
을지로4가역,선유도역,26,12100,1
을지로4가역,한성백제역,36,17600,1
을지로4가역,양천향교역,36,18700,1
을지로4가역,흑석역,29,14300,1
을지로4가역,공항시장역,42,22000,1
을지로입구역,제기동역,20,8800,1
을지로입구역,동묘앞역,14,5500,1
을지로입구역,신설동역,18,7700,1
을지로입구역,외대앞역,26,12100,1
을지로입구역,남영역,10,3300,1
을지로입구역,문래역,20,11000,0
을지로입구역,아현역,6,3300,0
을지로입구역,한양대역,14,7700,0
을지로입구역,잠실나루역,26,14300,0
을지로입구역,양천구청역,30,14300,1
을지로입구역,신정네거리역,32,15400,1
을지로입구역,독립문역,14,5500,1
을지로입구역,무악재역,16,6600,1
을지로입구역,금호역,14,5500,1
을지로입구역,옥수역,16,6600,1
을지로입구역,잠원역,22,9900,1
을지로입구역,한성대입구역,16,6600,1
을지로입구역,성신여대입구역,18,7700,1
을지로입구역,수유역,26,12100,1
을지로입구역,이촌역,26,12100,1
을지로입구역,동작역,28,13200,1
을지로입구역,마장역,18,7700,1
을지로입구역,애오개역,10,3300,1
을지로입구역,신금호역,14,5500,1
을지로입구역,아차산역,26,12100,1
을지로입구역,영등포시장역,22,9900,1
을지로입구역,방이역,38,18700,1
을지로입구역,보문역,18,7700,1
을지로입구역,창신역,16,6600,1
을지로입구역,효창공원앞역,26,9900,1
을지로입구역,광흥창역,22,9900,1
을지로입구역,월드컵경기장역,24,11000,1
을지로입구역,고려대역,22,9900,1
을지로입구역,공릉역,46,23100,1
을지로입구역,어린이대공원역,26,12100,1
을지로입구역,용마산역,32,15400,1
을지로입구역,자양역,26,12100,1
을지로입구역,하계역,48,24200,1
을지로입구역,남성역,42,20900,1
을지로입구역,암사역,40,19800,1
을지로입구역,몽촌토성역,34,16500,1
을지로입구역,강동구청역,36,17600,1
을지로입구역,송파역,36,17600,1
을지로입구역,석촌역,34,16500,1
을지로입구역,노들역,20,6600,2
을지로입구역,선유도역,22,9900,1
을지로입구역,한성백제역,45,23100,1
을지로입구역,양천향교역,32,16500,1
을지로입구역,흑석역,22,7700,2
을지로입구역,공항시장역,38,19800,1
응봉역,제기동역,12,3300,1
응봉역,동묘앞역,16,5500,1
응봉역,신설동역,14,4400,1
응봉역,외대앞역,14,4400,1
응봉역,남영역,21,6600,1
응봉역,문래역,39,14300,1
응봉역,아현역,25,11000,1
응봉역,한양대역,9,2200,1
응봉역,잠실나루역,21,8800,1
응봉역,양천구청역,37,13200,2
응봉역,신정네거리역,39,14300,2
응봉역,독립문역,25,11000,1
응봉역,무악재역,27,12100,1
응봉역,금호역,9,2200,1
응봉역,옥수역,3,1100,0
응봉역,잠원역,13,4400,1
응봉역,한성대입구역,23,7700,2
응봉역,성신여대입구역,22,6600,2
응봉역,수유역,33,13200,2
응봉역,이촌역,12,4400,0
응봉역,동작역,18,5500,1
응봉역,마장역,9,2200,1
응봉역,애오개역,27,8800,1
응봉역,신금호역,11,3300,1
응봉역,아차산역,17,6600,1
응봉역,영등포시장역,35,13200,1
응봉역,방이역,29,13200,1
응봉역,보문역,20,5500,2
응봉역,창신역,19,5500,2
응봉역,효창공원앞역,18,6600,0
응봉역,광흥창역,28,9900,1
응봉역,월드컵경기장역,38,15400,1
응봉역,고려대역,25,8800,2
응봉역,공릉역,27,9900,1
응봉역,어린이대공원역,21,6600,2
응봉역,용마산역,25,8800,1
응봉역,자양역,21,6600,2
응봉역,하계역,29,11000,1
응봉역,남성역,25,8800,2
응봉역,암사역,27,9900,2
응봉역,몽촌토성역,29,11000,2
응봉역,강동구청역,27,9900,2
응봉역,송파역,31,12100,2
응봉역,석촌역,29,11000,2
응봉역,노들역,26,7700,2
응봉역,선유도역,34,12100,2
응봉역,한성백제역,33,13200,2
응봉역,양천향교역,44,18700,2
응봉역,흑석역,24,6600,2
응봉역,공항시장역,49,22000,2
응암역,제기동역,36,15400,2
응암역,동묘앞역,42,23100,0
응암역,신설동역,34,14300,2
응암역,외대앞역,42,18700,2
응암역,남영역,26,7700,2
응암역,문래역,24,11000,1
응암역,아현역,26,12100,1
응암역,한양대역,46,23100,1
응암역,잠실나루역,58,29700,1
응암역,양천구청역,34,14300,2
응암역,신정네거리역,36,15400,2
응암역,독립문역,16,6600,1
응암역,무악재역,14,5500,1
응암역,금호역,32,15400,1
응암역,옥수역,34,16500,1
응암역,잠원역,40,19800,1
응암역,한성대입구역,38,14300,2
응암역,성신여대입구역,40,15400,2
응암역,수유역,48,19800,2
응암역,이촌역,32,11000,1
응암역,동작역,36,17600,1
응암역,마장역,40,17600,2
응암역,애오개역,28,13200,1
응암역,신금호역,34,14300,2
응암역,아차산역,48,22000,2
응암역,영등포시장역,36,17600,1
응암역,방이역,60,28600,2
응암역,보문역,46,25300,0
응암역,창신역,44,24200,0
응암역,효창공원앞역,24,13200,0
응암역,광흥창역,18,9900,0
응암역,월드컵경기장역,8,4400,0
응암역,고려대역,50,27500,0
응암역,공릉역,66,34100,1
응암역,어린이대공원역,58,27500,2
응암역,용마산역,54,23100,3
응암역,자양역,58,27500,2
응암역,하계역,68,35200,1
응암역,남성역,44,19800,2
응암역,암사역,58,25300,3
응암역,몽촌토성역,66,31900,2
응암역,강동구청역,58,25300,3
응암역,송파역,68,33000,2
응암역,석촌역,58,30800,2
응암역,노들역,33,14300,2
응암역,선유도역,26,9900,2
응암역,한성백제역,62,33000,2
응암역,양천향교역,24,5500,2
응암역,흑석역,35,15400,2
응암역,공항시장역,26,6600,2
이대역,제기동역,24,11000,1
이대역,동묘앞역,20,8800,1
이대역,신설동역,22,9900,1
이대역,외대앞역,30,14300,1
이대역,남영역,14,5500,1
이대역,문래역,12,6600,0
이대역,아현역,2,1100,0
이대역,한양대역,22,12100,0
이대역,잠실나루역,34,18700,0
이대역,양천구청역,22,9900,1
이대역,신정네거리역,24,11000,1
이대역,독립문역,22,9900,1
이대역,무악재역,24,11000,1
이대역,금호역,22,9900,1
이대역,옥수역,24,11000,1
이대역,잠원역,30,14300,1
이대역,한성대입구역,24,11000,1
이대역,성신여대입구역,26,12100,1
이대역,수유역,34,16500,1
이대역,이촌역,24,7700,1
이대역,동작역,24,12100,1
이대역,마장역,26,12100,1
이대역,애오개역,10,3300,1
이대역,신금호역,22,9900,1
이대역,아차산역,34,16500,1
이대역,영등포시장역,16,6600,1
이대역,방이역,46,23100,1
이대역,보문역,26,12100,1
이대역,창신역,24,11000,1
이대역,효창공원앞역,18,5500,1
이대역,광흥창역,14,5500,1
이대역,월드컵경기장역,16,6600,1
이대역,고려대역,30,14300,1
이대역,공릉역,54,27500,1
이대역,어린이대공원역,34,16500,1
이대역,용마산역,40,19800,1
이대역,자양역,34,16500,1
이대역,하계역,56,28600,1
이대역,남성역,34,16500,1
이대역,암사역,48,24200,1
이대역,몽촌토성역,42,20900,1
이대역,강동구청역,44,22000,1
이대역,송파역,44,22000,1
이대역,석촌역,42,20900,1
이대역,노들역,21,9900,1
이대역,선유도역,14,5500,1
이대역,한성백제역,50,28600,1
이대역,양천향교역,24,12100,1
이대역,흑석역,23,11000,1
이대역,공항시장역,30,15400,1
이수역,제기동역,34,12100,2
이수역,동묘앞역,30,12100,2
이수역,신설동역,34,14300,2
이수역,외대앞역,36,13200,2
이수역,남영역,22,7700,2
이수역,문래역,24,11000,1
이수역,아현역,38,18700,1
이수역,한양대역,28,13200,1
이수역,잠실나루역,28,13200,1
이수역,양천구청역,30,12100,2
이수역,신정네거리역,32,13200,2
이수역,독립문역,34,16500,1
이수역,무악재역,36,17600,1
이수역,금호역,18,7700,1
이수역,옥수역,16,6600,1
이수역,잠원역,10,3300,1
이수역,한성대입구역,30,14300,1
이수역,성신여대입구역,32,15400,1
이수역,수유역,40,19800,1
이수역,이촌역,8,2200,1
이수역,동작역,6,1100,1
이수역,마장역,32,15400,1
이수역,애오개역,34,15400,2
이수역,신금호역,38,18700,1
이수역,아차산역,28,13200,1
이수역,영등포시장역,30,13200,2
이수역,방이역,40,19800,1
이수역,보문역,34,14300,2
이수역,창신역,32,13200,2
이수역,효창공원앞역,20,4400,2
이수역,광흥창역,24,8800,2
이수역,월드컵경기장역,34,14300,2
이수역,고려대역,38,16500,2
이수역,공릉역,40,22000,0
이수역,어린이대공원역,20,11000,0
이수역,용마산역,26,14300,0
이수역,자양역,16,8800,0
이수역,하계역,42,23100,0
이수역,남성역,2,1100,0
이수역,암사역,38,16500,2
이수역,몽촌토성역,33,15400,2
이수역,강동구청역,35,16500,2
이수역,송파역,31,14300,2
이수역,석촌역,25,13200,1
이수역,노들역,17,7700,1
이수역,선유도역,27,14300,1
이수역,한성백제역,29,15400,1
이수역,양천향교역,37,20900,1
이수역,흑석역,15,6600,1
이수역,공항시장역,43,24200,1
이촌역,제기동역,24,7700,1
이촌역,동묘앞역,23,9900,1
이촌역,신설동역,25,11000,1
이촌역,외대앞역,26,8800,1
이촌역,남영역,9,2200,1
이촌역,문래역,27,9900,1
이촌역,아현역,25,8800,1
이촌역,한양대역,21,6600,1
이촌역,잠실나루역,32,15400,1
이촌역,양천구청역,25,8800,2
이촌역,신정네거리역,27,9900,2
이촌역,독립문역,28,13200,1
이촌역,무악재역,30,14300,1
이촌역,금호역,15,4400,1
이촌역,옥수역,9,3300,0
이촌역,잠원역,19,6600,1
이촌역,한성대입구역,22,12100,0
이촌역,성신여대입구역,24,13200,0
이촌역,수유역,32,17600,0
이촌역,이촌역,0,0,0
이촌역,동작역,2,1100,0
이촌역,마장역,21,6600,1
이촌역,애오개역,15,4400,1
이촌역,신금호역,23,7700,1
이촌역,아차산역,29,11000,1
이촌역,영등포시장역,23,8800,1
이촌역,방이역,41,17600,1
이촌역,보문역,28,13200,1
이촌역,창신역,26,12100,1
이촌역,효창공원앞역,6,2200,0
이촌역,광흥창역,16,5500,1
이촌역,월드컵경기장역,26,11000,1
이촌역,고려대역,32,15400,1
이촌역,공릉역,39,14300,1
이촌역,어린이대공원역,28,13200,1
이촌역,용마산역,34,16500,1
이촌역,자양역,24,11000,1
이촌역,하계역,41,15400,1
이촌역,남성역,10,3300,1
이촌역,암사역,39,14300,2
이촌역,몽촌토성역,36,15400,2
이촌역,강동구청역,38,16500,2
이촌역,송파역,34,16500,2
이촌역,석촌역,28,15400,1
이촌역,노들역,10,3300,1
이촌역,선유도역,20,9900,1
이촌역,한성백제역,32,17600,1
이촌역,양천향교역,30,16500,1
이촌역,흑석역,8,2200,1
이촌역,공항시장역,36,19800,1
이태원역,제기동역,20,8800,1
이태원역,동묘앞역,12,6600,0
이태원역,신설동역,18,7700,1
이태원역,외대앞역,26,12100,1
이태원역,남영역,18,5500,2
이태원역,문래역,26,12100,1
이태원역,아현역,28,13200,1
이태원역,한양대역,20,8800,1
이태원역,잠실나루역,32,15400,1
이태원역,양천구청역,36,15400,2
이태원역,신정네거리역,38,16500,2
이태원역,독립문역,24,11000,1
이태원역,무악재역,26,12100,1
이태원역,금호역,12,4400,1
이태원역,옥수역,14,5500,1
이태원역,잠원역,20,8800,1
이태원역,한성대입구역,26,12100,1
이태원역,성신여대입구역,22,9900,1
이태원역,수유역,36,17600,1
이태원역,이촌역,12,4400,1
이태원역,동작역,14,5500,1
이태원역,마장역,20,8800,1
이태원역,애오개역,14,5500,1
이태원역,신금호역,14,5500,1
이태원역,아차산역,28,13200,1
이태원역,영등포시장역,22,9900,1
이태원역,방이역,40,19800,1
이태원역,보문역,16,8800,0
이태원역,창신역,14,7700,0
이태원역,효창공원앞역,6,3300,0
이태원역,광흥창역,12,6600,0
이태원역,월드컵경기장역,22,12100,0
이태원역,고려대역,20,11000,0
이태원역,공릉역,36,17600,1
이태원역,어린이대공원역,32,13200,2
이태원역,용마산역,34,14300,2
이태원역,자양역,32,13200,2
이태원역,하계역,38,18700,1
이태원역,남성역,22,7700,2
이태원역,암사역,38,16500,2
이태원역,몽촌토성역,40,17600,2
이태원역,강동구청역,38,16500,2
이태원역,송파역,42,18700,2
이태원역,석촌역,40,17600,2
이태원역,노들역,22,7700,2
이태원역,선유도역,27,11000,2
이태원역,한성백제역,44,19800,2
이태원역,양천향교역,38,17600,2
이태원역,흑석역,20,6600,2
이태원역,공항시장역,43,20900,2
일원역,제기동역,40,14300,2
일원역,동묘앞역,40,19800,1
일원역,신설동역,42,15400,2
일원역,외대앞역,42,15400,2
일원역,남영역,40,18700,2
일원역,문래역,44,22000,1
일원역,아현역,48,24200,1
일원역,한양대역,32,13200,2
일원역,잠실나루역,20,6600,2
일원역,양천구청역,50,23100,2
일원역,신정네거리역,52,24200,2
일원역,독립문역,44,24200,0
일원역,무악재역,46,25300,0
일원역,금호역,28,15400,0
일원역,옥수역,26,14300,0
일원역,잠원역,20,11000,0
일원역,한성대입구역,46,23100,1
일원역,성신여대입구역,48,24200,1
일원역,수유역,56,28600,1
일원역,이촌역,40,17600,1
일원역,동작역,27,13200,1
일원역,마장역,34,16500,1
일원역,애오개역,50,25300,1
일원역,신금호역,40,19800,1
일원역,아차산역,26,12100,1
일원역,영등포시장역,44,20900,2
일원역,방이역,14,5500,1
일원역,보문역,44,22000,1
일원역,창신역,42,20900,1
일원역,효창공원앞역,46,19800,1
일원역,광흥창역,52,26400,1
일원역,월드컵경기장역,62,31900,1
일원역,고려대역,48,24200,1
일원역,공릉역,58,29700,1
일원역,어린이대공원역,38,18700,1
일원역,용마산역,44,22000,1
일원역,자양역,34,16500,1
일원역,하계역,60,30800,1
일원역,남성역,28,13200,1
일원역,암사역,22,9900,1
일원역,몽촌토성역,16,6600,1
일원역,강동구청역,18,7700,1
일원역,송파역,10,3300,1
일원역,석촌역,12,4400,1
일원역,노들역,31,15400,1
일원역,선유도역,41,22000,1
일원역,한성백제역,20,6600,2
일원역,양천향교역,51,28600,1
일원역,흑석역,29,14300,1
일원역,공항시장역,57,31900,1
자양역,제기동역,26,7700,2
자양역,동묘앞역,24,8800,2
자양역,신설동역,20,6600,2
자양역,외대앞역,28,8800,2
자양역,남영역,34,15400,2
자양역,문래역,40,19800,1
자양역,아현역,32,15400,1
자양역,한양대역,12,4400,1
자양역,잠실나루역,12,4400,1
자양역,양천구청역,46,20900,2
자양역,신정네거리역,48,22000,2
자양역,독립문역,42,20900,1
자양역,무악재역,44,22000,1
자양역,금호역,26,12100,1
자양역,옥수역,24,11000,1
자양역,잠원역,18,7700,1
자양역,한성대입구역,30,12100,2
자양역,성신여대입구역,32,13200,2
자양역,수유역,40,19800,1
자양역,이촌역,24,11000,1
자양역,동작역,21,9900,1
자양역,마장역,16,6600,1
자양역,애오개역,38,18700,1
자양역,신금호역,22,9900,1
자양역,아차산역,12,4400,1
자양역,영등포시장역,38,17600,2
자양역,방이역,24,11000,1
자양역,보문역,28,11000,2
자양역,창신역,26,9900,2
자양역,효창공원앞역,36,13200,2
자양역,광흥창역,40,17600,2
자양역,월드컵경기장역,50,23100,2
자양역,고려대역,36,17600,1
자양역,공릉역,24,13200,0
자양역,어린이대공원역,4,2200,0
자양역,용마산역,10,5500,0
자양역,자양역,0,0,0
자양역,하계역,26,14300,0
자양역,남성역,18,9900,0
자양역,암사역,22,7700,2
자양역,몽촌토성역,20,6600,2
자양역,강동구청역,22,7700,2
자양역,송파역,22,7700,2
자양역,석촌역,20,6600,2
자양역,노들역,25,12100,1
자양역,선유도역,35,18700,1
자양역,한성백제역,28,11000,2
자양역,양천향교역,45,25300,1
자양역,흑석역,23,11000,1
자양역,공항시장역,51,28600,1
잠실나루역,제기동역,26,9900,2
잠실나루역,동묘앞역,24,11000,1
잠실나루역,신설동역,20,8800,1
잠실나루역,외대앞역,30,11000,2
잠실나루역,남영역,36,17600,1
잠실나루역,문래역,40,22000,0
잠실나루역,아현역,32,17600,0
잠실나루역,한양대역,12,6600,0
잠실나루역,잠실나루역,0,0,0
잠실나루역,양천구청역,46,23100,1
잠실나루역,신정네거리역,48,24200,1
잠실나루역,독립문역,36,17600,1
잠실나루역,무악재역,38,18700,1
잠실나루역,금호역,32,15400,1
잠실나루역,옥수역,26,9900,1
잠실나루역,잠원역,24,11000,1
잠실나루역,한성대입구역,30,14300,1
잠실나루역,성신여대입구역,32,15400,1
잠실나루역,수유역,40,19800,1
잠실나루역,이촌역,32,15400,1
잠실나루역,동작역,27,14300,1
잠실나루역,마장역,20,8800,1
잠실나루역,애오개역,36,17600,1
잠실나루역,신금호역,22,9900,1
잠실나루역,아차산역,28,13200,1
잠실나루역,영등포시장역,48,24200,1
잠실나루역,방이역,24,8800,2
잠실나루역,보문역,28,13200,1
잠실나루역,창신역,26,12100,1
잠실나루역,효창공원앞역,38,18700,1
잠실나루역,광흥창역,44,22000,1
잠실나루역,월드컵경기장역,50,25300,1
잠실나루역,고려대역,32,15400,1
잠실나루역,공릉역,32,15400,1
잠실나루역,어린이대공원역,12,4400,1
잠실나루역,용마산역,18,7700,1
잠실나루역,자양역,12,4400,1
잠실나루역,하계역,34,16500,1
잠실나루역,남성역,30,14300,1
잠실나루역,암사역,14,5500,1
잠실나루역,몽촌토성역,8,2200,1
잠실나루역,강동구청역,10,3300,1
잠실나루역,송파역,10,3300,1
잠실나루역,석촌역,8,2200,1
잠실나루역,노들역,31,16500,1
잠실나루역,선유도역,41,23100,1
잠실나루역,한성백제역,19,8800,1
잠실나루역,양천향교역,51,29700,1
잠실나루역,흑석역,29,15400,1
잠실나루역,공항시장역,56,33000,1
잠실새내역,제기동역,30,12100,2
잠실새내역,동묘앞역,28,13200,1
잠실새내역,신설동역,24,11000,1
잠실새내역,외대앞역,34,13200,2
잠실새내역,남영역,40,19800,1
잠실새내역,문래역,36,19800,0
잠실새내역,아현역,36,19800,0
잠실새내역,한양대역,16,8800,0
잠실새내역,잠실나루역,4,2200,0
잠실새내역,양천구청역,42,20900,1
잠실새내역,신정네거리역,44,22000,1
잠실새내역,독립문역,40,19800,1
잠실새내역,무악재역,42,20900,1
잠실새내역,금호역,28,13200,1
잠실새내역,옥수역,26,12100,1
잠실새내역,잠원역,20,8800,1
잠실새내역,한성대입구역,34,16500,1
잠실새내역,성신여대입구역,36,17600,1
잠실새내역,수유역,44,22000,1
잠실새내역,이촌역,28,13200,1
잠실새내역,동작역,23,12100,1
잠실새내역,마장역,24,11000,1
잠실새내역,애오개역,40,19800,1
잠실새내역,신금호역,26,12100,1
잠실새내역,아차산역,20,6600,2
잠실새내역,영등포시장역,44,22000,1
잠실새내역,방이역,22,8800,2
잠실새내역,보문역,32,15400,1
잠실새내역,창신역,30,14300,1
잠실새내역,효창공원앞역,42,20900,1
잠실새내역,광흥창역,48,24200,1
잠실새내역,월드컵경기장역,52,26400,1
잠실새내역,고려대역,36,17600,1
잠실새내역,공릉역,36,17600,1
잠실새내역,어린이대공원역,16,6600,1
잠실새내역,용마산역,22,9900,1
잠실새내역,자양역,16,6600,1
잠실새내역,하계역,38,18700,1
잠실새내역,남성역,34,16500,1
잠실새내역,암사역,14,5500,1
잠실새내역,몽촌토성역,8,2200,1
잠실새내역,강동구청역,10,3300,1
잠실새내역,송파역,10,3300,1
잠실새내역,석촌역,8,2200,1
잠실새내역,노들역,27,14300,1
잠실새내역,선유도역,37,20900,1
잠실새내역,한성백제역,15,6600,1
잠실새내역,양천향교역,47,27500,1
잠실새내역,흑석역,25,13200,1
잠실새내역,공항시장역,52,30800,1
잠실역,제기동역,28,11000,2
잠실역,동묘앞역,26,12100,1
잠실역,신설동역,22,9900,1
잠실역,외대앞역,32,12100,2
잠실역,남영역,38,18700,1
잠실역,문래역,38,20900,0
잠실역,아현역,34,18700,0
잠실역,한양대역,14,7700,0
잠실역,잠실나루역,2,1100,0
잠실역,양천구청역,44,22000,1
잠실역,신정네거리역,46,23100,1
잠실역,독립문역,38,18700,1
잠실역,무악재역,40,19800,1
잠실역,금호역,30,14300,1
잠실역,옥수역,28,11000,1
잠실역,잠원역,22,9900,1
잠실역,한성대입구역,32,15400,1
잠실역,성신여대입구역,34,16500,1
잠실역,수유역,42,20900,1
잠실역,이촌역,30,14300,1
잠실역,동작역,25,13200,1
잠실역,마장역,22,9900,1
잠실역,애오개역,38,18700,1
잠실역,신금호역,24,11000,1
잠실역,아차산역,14,5500,1
잠실역,영등포시장역,46,23100,1
잠실역,방이역,18,7700,1
잠실역,보문역,30,14300,1
잠실역,창신역,28,13200,1
잠실역,효창공원앞역,40,19800,1
잠실역,광흥창역,46,23100,1
잠실역,월드컵경기장역,52,26400,1
잠실역,고려대역,34,16500,1
잠실역,공릉역,34,16500,1
잠실역,어린이대공원역,14,5500,1
잠실역,용마산역,20,8800,1
잠실역,자양역,14,5500,1
잠실역,하계역,36,17600,1
잠실역,남성역,32,15400,1
잠실역,암사역,8,4400,0
잠실역,몽촌토성역,2,1100,0
잠실역,강동구청역,4,2200,0
잠실역,송파역,4,2200,0
잠실역,석촌역,2,1100,0
잠실역,노들역,29,15400,1
잠실역,선유도역,39,22000,1
잠실역,한성백제역,10,3300,1
잠실역,양천향교역,49,28600,1
잠실역,흑석역,27,14300,1
잠실역,공항시장역,54,31900,1
잠원역,제기동역,32,15400,1
잠원역,동묘앞역,20,8800,1
잠원역,신설동역,30,14300,1
잠원역,외대앞역,28,8800,2
잠원역,남영역,30,14300,1
잠원역,문래역,32,15400,1
잠원역,아현역,28,13200,1
잠원역,한양대역,24,6600,2
잠원역,잠실나루역,24,11000,1
잠원역,양천구청역,38,16500,2
잠원역,신정네거리역,40,17600,2
잠원역,독립문역,24,13200,0
잠원역,무악재역,26,14300,0
잠원역,금호역,8,4400,0
잠원역,옥수역,6,3300,0
잠원역,잠원역,0,0,0
잠원역,한성대입구역,26,12100,1
잠원역,성신여대입구역,28,13200,1
잠원역,수유역,36,17600,1
잠원역,이촌역,20,6600,1
잠원역,동작역,11,4400,1
잠원역,마장역,24,6600,2
잠원역,애오개역,30,14300,1
잠원역,신금호역,30,14300,1
잠원역,아차산역,30,12100,2
잠원역,영등포시장역,28,12100,2
잠원역,방이역,34,16500,1
잠원역,보문역,24,11000,1
잠원역,창신역,22,9900,1
잠원역,효창공원앞역,26,8800,1
잠원역,광흥창역,32,15400,1
잠원역,월드컵경기장역,42,20900,1
잠원역,고려대역,28,13200,1
잠원역,공릉역,42,20900,1
잠원역,어린이대공원역,22,9900,1
잠원역,용마산역,28,13200,1
잠원역,자양역,18,7700,1
잠원역,하계역,44,22000,1
잠원역,남성역,12,4400,1
잠원역,암사역,42,20900,1
잠원역,몽촌토성역,36,17600,1
잠원역,강동구청역,38,18700,1
잠원역,송파역,30,14300,1
잠원역,석촌역,23,12100,1
잠원역,노들역,15,6600,1
잠원역,선유도역,25,13200,1
잠원역,한성백제역,27,14300,1
잠원역,양천향교역,35,19800,1
잠원역,흑석역,13,5500,1
잠원역,공항시장역,41,23100,1
장승배기역,제기동역,40,17600,2
장승배기역,동묘앞역,36,15400,2
장승배기역,신설동역,38,16500,2
장승배기역,외대앞역,44,17600,2
장승배기역,남영역,22,7700,2
장승배기역,문래역,16,6600,1
장승배기역,아현역,30,14300,1
장승배기역,한양대역,36,17600,1
장승배기역,잠실나루역,36,17600,1
장승배기역,양천구청역,22,7700,2
장승배기역,신정네거리역,24,8800,2
장승배기역,독립문역,42,20900,1
장승배기역,무악재역,44,22000,1
장승배기역,금호역,26,12100,1
장승배기역,옥수역,24,11000,1
장승배기역,잠원역,18,7700,1
장승배기역,한성대입구역,38,18700,1
장승배기역,성신여대입구역,40,19800,1
장승배기역,수유역,48,24200,1
장승배기역,이촌역,16,6600,1
장승배기역,동작역,14,5500,1
장승배기역,마장역,40,19800,1
장승배기역,애오개역,36,15400,2
장승배기역,신금호역,46,23100,1
장승배기역,아차산역,36,17600,1
장승배기역,영등포시장역,24,8800,2
장승배기역,방이역,48,24200,1
장승배기역,보문역,42,18700,2
장승배기역,창신역,40,17600,2
장승배기역,효창공원앞역,28,8800,2
장승배기역,광흥창역,30,12100,2
장승배기역,월드컵경기장역,32,13200,2
장승배기역,고려대역,46,20900,2
장승배기역,공릉역,48,26400,0
장승배기역,어린이대공원역,28,15400,0
장승배기역,용마산역,34,18700,0
장승배기역,자양역,24,13200,0
장승배기역,하계역,50,27500,0
장승배기역,남성역,6,3300,0
장승배기역,암사역,46,20900,2
장승배기역,몽촌토성역,41,19800,2
장승배기역,강동구청역,43,20900,2
장승배기역,송파역,39,18700,2
장승배기역,석촌역,33,17600,1
장승배기역,노들역,25,12100,1
장승배기역,선유도역,25,9900,2
장승배기역,한성백제역,37,19800,1
장승배기역,양천향교역,35,16500,2
장승배기역,흑석역,23,11000,1
장승배기역,공항시장역,41,19800,2
장지역,제기동역,46,16500,2
장지역,동묘앞역,40,17600,2
장지역,신설동역,36,15400,2
장지역,외대앞역,48,17600,2
장지역,남영역,47,24200,2
장지역,문래역,52,26400,1
장지역,아현역,48,24200,1
장지역,한양대역,28,13200,1
장지역,잠실나루역,16,6600,1
장지역,양천구청역,58,27500,2
장지역,신정네거리역,60,28600,2
장지역,독립문역,56,28600,1
장지역,무악재역,58,29700,1
장지역,금호역,40,19800,1
장지역,옥수역,38,18700,1
장지역,잠원역,32,15400,1
장지역,한성대입구역,46,20900,2
장지역,성신여대입구역,48,22000,2
장지역,수유역,56,26400,2
장지역,이촌역,40,19800,2
장지역,동작역,34,18700,1
장지역,마장역,32,15400,1
장지역,애오개역,54,27500,1
장지역,신금호역,38,18700,1
장지역,아차산역,24,11000,1
장지역,영등포시장역,51,26400,2
장지역,방이역,18,5500,2
장지역,보문역,44,19800,2
장지역,창신역,42,18700,2
장지역,효창공원앞역,54,25300,2
장지역,광흥창역,60,28600,2
장지역,월드컵경기장역,66,31900,2
장지역,고려대역,48,22000,2
장지역,공릉역,48,22000,2
장지역,어린이대공원역,28,11000,2
장지역,용마산역,34,14300,2
장지역,자양역,28,11000,2
장지역,하계역,50,23100,2
장지역,남성역,39,18700,2
장지역,암사역,18,9900,0
장지역,몽촌토성역,12,6600,0
장지역,강동구청역,14,7700,0
장지역,송파역,6,3300,0
장지역,석촌역,8,4400,0
장지역,노들역,38,20900,1
장지역,선유도역,48,27500,1
장지역,한성백제역,16,6600,1
장지역,양천향교역,58,34100,1
장지역,흑석역,36,19800,1
장지역,공항시장역,64,37400,1
장한평역,제기동역,20,5500,2
장한평역,동묘앞역,20,8800,1
장한평역,신설동역,22,6600,2
장한평역,외대앞역,22,6600,2
장한평역,남영역,30,14300,1
장한평역,문래역,42,20900,1
장한평역,아현역,28,13200,1
장한평역,한양대역,12,4400,1
장한평역,잠실나루역,24,11000,1
장한평역,양천구청역,58,29700,1
장한평역,신정네거리역,56,28600,1
장한평역,독립문역,28,13200,1
장한평역,무악재역,30,14300,1
장한평역,금호역,24,6600,2
장한평역,옥수역,18,5500,1
장한평역,잠원역,28,8800,2
장한평역,한성대입구역,24,11000,1
장한평역,성신여대입구역,26,12100,1
장한평역,수유역,34,16500,1
장한평역,이촌역,26,8800,1
장한평역,동작역,36,17600,1
장한평역,마장역,4,2200,0
장한평역,애오개역,26,14300,0
장한평역,신금호역,10,5500,0
장한평역,아차산역,4,2200,0
장한평역,영등포시장역,38,20900,0
장한평역,방이역,16,8800,0
장한평역,보문역,24,11000,1
장한평역,창신역,22,9900,1
장한평역,효창공원앞역,30,14300,1
장한평역,광흥창역,36,17600,1
장한평역,월드컵경기장역,46,23100,1
장한평역,고려대역,28,13200,1
장한평역,공릉역,24,11000,1
장한평역,어린이대공원역,8,2200,1
장한평역,용마산역,10,3300,1
장한평역,자양역,12,4400,1
장한평역,하계역,26,12100,1
장한평역,남성역,30,14300,1
장한평역,암사역,14,5500,1
장한평역,몽촌토성역,16,6600,1
장한평역,강동구청역,14,5500,1
장한평역,송파역,22,9900,1
장한평역,석촌역,20,8800,1
장한평역,노들역,43,22000,1
장한평역,선유도역,43,22000,1
장한평역,한성백제역,20,8800,1
장한평역,양천향교역,54,28600,1
장한평역,흑석역,35,15400,2
장한평역,공항시장역,59,31900,1
정릉역,제기동역,12,4400,1
정릉역,동묘앞역,12,4400,1
정릉역,신설동역,6,3300,0
정릉역,외대앞역,18,7700,1
정릉역,남영역,26,12100,1
정릉역,문래역,44,19800,2
정릉역,아현역,30,12100,2
정릉역,한양대역,24,8800,2
정릉역,잠실나루역,30,12100,2
정릉역,양천구청역,46,20900,2
정릉역,신정네거리역,48,22000,2
정릉역,독립문역,28,11000,2
정릉역,무악재역,30,12100,2
정릉역,금호역,24,8800,2
정릉역,옥수역,26,9900,2
정릉역,잠원역,32,13200,2
정릉역,한성대입구역,8,2200,1
정릉역,성신여대입구역,2,1100,0
정릉역,수유역,14,5500,1
정릉역,이촌역,30,14300,1
정릉역,동작역,32,15400,1
정릉역,마장역,28,11000,2
정릉역,애오개역,30,12100,2
정릉역,신금호역,22,7700,2
정릉역,아차산역,36,15400,2
정릉역,영등포시장역,40,17600,2
정릉역,방이역,48,22000,2
정릉역,보문역,4,2200,0
정릉역,창신역,10,3300,1
정릉역,효창공원앞역,30,14300,1
정릉역,광흥창역,36,17600,1
정릉역,월드컵경기장역,46,23100,1
정릉역,고려대역,12,4400,1
정릉역,공릉역,28,11000,2
정릉역,어린이대공원역,30,9900,3
정릉역,용마산역,38,16500,2
정릉역,자양역,30,9900,3
정릉역,하계역,28,11000,2
정릉역,남성역,40,17600,2
정릉역,암사역,44,17600,3
정릉역,몽촌토성역,38,14300,3
정릉역,강동구청역,40,15400,3
정릉역,송파역,40,15400,3
정릉역,석촌역,38,14300,3
정릉역,노들역,36,15400,2
정릉역,선유도역,43,19800,2
정릉역,한성백제역,50,19800,3
정릉역,양천향교역,53,26400,2
정릉역,흑석역,38,16500,2
정릉역,공항시장역,58,29700,2
제기동역,제기동역,0,0,0
제기동역,동묘앞역,4,2200,0
제기동역,신설동역,2,1100,0
제기동역,외대앞역,6,3300,0
제기동역,남영역,18,9900,0
제기동역,문래역,36,17600,1
제기동역,아현역,22,9900,1
제기동역,한양대역,16,3300,2
제기동역,잠실나루역,26,9900,2
제기동역,양천구청역,38,18700,1
제기동역,신정네거리역,40,19800,1
제기동역,독립문역,20,8800,1
제기동역,무악재역,22,9900,1
제기동역,금호역,24,11000,1
제기동역,옥수역,16,4400,1
제기동역,잠원역,32,15400,1
제기동역,한성대입구역,14,5500,1
제기동역,성신여대입구역,10,3300,1
제기동역,수유역,24,11000,1
제기동역,이촌역,26,7700,1
제기동역,동작역,30,14300,1
제기동역,마장역,16,3300,2
제기동역,애오개역,22,9900,1
제기동역,신금호역,22,9900,1
제기동역,아차산역,24,7700,2
제기동역,영등포시장역,32,15400,1
제기동역,방이역,36,14300,2
제기동역,보문역,8,2200,1
제기동역,창신역,10,3300,1
제기동역,효창공원앞역,26,12100,1
제기동역,광흥창역,32,15400,1
제기동역,월드컵경기장역,42,20900,1
제기동역,고려대역,16,6600,1
제기동역,공릉역,22,7700,2
제기동역,어린이대공원역,30,9900,2
제기동역,용마산역,26,7700,2
제기동역,자양역,26,7700,2
제기동역,하계역,24,8800,2
제기동역,남성역,36,13200,2
제기동역,암사역,34,11000,3
제기동역,몽촌토성역,34,12100,3
제기동역,강동구청역,34,11000,3
제기동역,송파역,36,13200,3
제기동역,석촌역,34,13200,2
제기동역,노들역,28,13200,1
제기동역,선유도역,35,17600,1
제기동역,한성백제역,38,15400,2
제기동역,양천향교역,45,24200,1
제기동역,흑석역,30,14300,1
제기동역,공항시장역,50,27500,1
종각역,제기동역,12,6600,0
종각역,동묘앞역,8,4400,0
종각역,신설동역,10,5500,0
종각역,외대앞역,18,9900,0
종각역,남영역,6,3300,0
종각역,문래역,24,11000,1
종각역,아현역,10,3300,1
종각역,한양대역,22,9900,1
종각역,잠실나루역,34,16500,1
종각역,양천구청역,26,12100,1
종각역,신정네거리역,28,13200,1
종각역,독립문역,12,4400,1
종각역,무악재역,14,5500,1
종각역,금호역,16,6600,1
종각역,옥수역,18,7700,1
종각역,잠원역,24,11000,1
종각역,한성대입구역,14,5500,1
종각역,성신여대입구역,16,6600,1
종각역,수유역,24,11000,1
종각역,이촌역,16,5500,1
종각역,동작역,18,7700,1
종각역,마장역,20,8800,1
종각역,애오개역,14,5500,1
종각역,신금호역,14,5500,1
종각역,아차산역,28,13200,1
종각역,영등포시장역,20,8800,1
종각역,방이역,40,19800,1
종각역,보문역,16,6600,1
종각역,창신역,14,5500,1
종각역,효창공원앞역,16,5500,1
종각역,광흥창역,24,8800,2
종각역,월드컵경기장역,24,6600,2
종각역,고려대역,20,8800,1
종각역,공릉역,34,14300,2
종각역,어린이대공원역,32,13200,2
종각역,용마산역,34,14300,2
종각역,자양역,34,14300,2
종각역,하계역,36,15400,2
종각역,남성역,26,9900,2
종각역,암사역,38,16500,2
종각역,몽촌토성역,40,17600,2
종각역,강동구청역,38,16500,2
종각역,송파역,44,19800,2
종각역,석촌역,41,23100,1
종각역,노들역,16,6600,1
종각역,선유도역,23,11000,1
종각역,한성백제역,45,25300,1
종각역,양천향교역,33,17600,1
종각역,흑석역,18,7700,1
종각역,공항시장역,38,20900,1
종로3가역,제기동역,10,5500,0
종로3가역,동묘앞역,6,3300,0
종로3가역,신설동역,8,4400,0
종로3가역,외대앞역,16,8800,0
종로3가역,남영역,8,4400,0
종로3가역,문래역,26,12100,1
종로3가역,아현역,12,4400,1
종로3가역,한양대역,16,6600,1
종로3가역,잠실나루역,28,13200,1
종로3가역,양천구청역,28,13200,1
종로3가역,신정네거리역,30,14300,1
종로3가역,독립문역,6,3300,0
종로3가역,무악재역,8,4400,0
종로3가역,금호역,10,5500,0
종로3가역,옥수역,12,6600,0
종로3가역,잠원역,18,9900,0
종로3가역,한성대입구역,12,4400,1
종로3가역,성신여대입구역,14,5500,1
종로3가역,수유역,22,9900,1
종로3가역,이촌역,18,6600,1
종로3가역,동작역,20,8800,1
종로3가역,마장역,14,7700,0
종로3가역,애오개역,8,4400,0
종로3가역,신금호역,8,4400,0
종로3가역,아차산역,22,12100,0
종로3가역,영등포시장역,20,11000,0
종로3가역,방이역,34,18700,0
종로3가역,보문역,14,5500,1
종로3가역,창신역,12,4400,1
종로3가역,효창공원앞역,16,6600,1
종로3가역,광흥창역,18,7700,1
종로3가역,월드컵경기장역,28,13200,1
종로3가역,고려대역,18,7700,1
종로3가역,공릉역,32,13200,2
종로3가역,어린이대공원역,26,12100,1
종로3가역,용마산역,28,13200,1
종로3가역,자양역,30,14300,1
종로3가역,하계역,34,14300,2
종로3가역,남성역,30,14300,1
종로3가역,암사역,32,15400,1
종로3가역,몽촌토성역,34,16500,1
종로3가역,강동구청역,32,15400,1
종로3가역,송파역,40,19800,1
종로3가역,석촌역,38,18700,1
종로3가역,노들역,18,7700,1
종로3가역,선유도역,25,12100,1
종로3가역,한성백제역,38,18700,1
종로3가역,양천향교역,35,18700,1
종로3가역,흑석역,20,8800,1
종로3가역,공항시장역,40,22000,1
종로5가역,제기동역,8,4400,0
종로5가역,동묘앞역,4,2200,0
종로5가역,신설동역,6,3300,0
종로5가역,외대앞역,14,7700,0
종로5가역,남영역,10,5500,0
종로5가역,문래역,28,13200,1
종로5가역,아현역,14,5500,1
종로5가역,한양대역,26,12100,1
종로5가역,잠실나루역,38,18700,1
종로5가역,양천구청역,30,14300,1
종로5가역,신정네거리역,32,15400,1
종로5가역,독립문역,12,4400,1
종로5가역,무악재역,14,5500,1
종로5가역,금호역,16,6600,1
종로5가역,옥수역,18,7700,1
종로5가역,잠원역,24,11000,1
종로5가역,한성대입구역,10,3300,1
종로5가역,성신여대입구역,12,4400,1
종로5가역,수유역,20,8800,1
종로5가역,이촌역,20,7700,1
종로5가역,동작역,22,9900,1
종로5가역,마장역,20,8800,1
종로5가역,애오개역,14,5500,1
종로5가역,신금호역,14,5500,1
종로5가역,아차산역,28,13200,1
종로5가역,영등포시장역,24,11000,1
종로5가역,방이역,40,19800,1
종로5가역,보문역,12,4400,1
종로5가역,창신역,10,3300,1
종로5가역,효창공원앞역,20,7700,1
종로5가역,광흥창역,32,15400,1
종로5가역,월드컵경기장역,28,8800,2
종로5가역,고려대역,16,6600,1
종로5가역,공릉역,30,12100,2
종로5가역,어린이대공원역,32,13200,2
종로5가역,용마산역,34,12100,2
종로5가역,자양역,34,12100,2
종로5가역,하계역,32,13200,2
종로5가역,남성역,30,12100,2
종로5가역,암사역,38,16500,2
종로5가역,몽촌토성역,40,17600,2
종로5가역,강동구청역,38,16500,2
종로5가역,송파역,46,20900,2
종로5가역,석촌역,45,25300,1
종로5가역,노들역,20,8800,1
종로5가역,선유도역,27,13200,1
종로5가역,한성백제역,49,27500,1
종로5가역,양천향교역,37,19800,1
종로5가역,흑석역,22,9900,1
종로5가역,공항시장역,42,23100,1
종합운동장역,제기동역,29,9900,2
종합운동장역,동묘앞역,30,14300,1
종합운동장역,신설동역,26,12100,1
종합운동장역,외대앞역,31,11000,2
종합운동장역,남영역,30,16500,1
종합운동장역,문래역,34,18700,0
종합운동장역,아현역,38,20900,0
종합운동장역,한양대역,18,9900,0
종합운동장역,잠실나루역,6,3300,0
종합운동장역,양천구청역,40,19800,1
종합운동장역,신정네거리역,42,20900,1
종합운동장역,독립문역,42,22000,1
종합운동장역,무악재역,44,23100,1
종합운동장역,금호역,26,13200,1
종합운동장역,옥수역,24,12100,1
종합운동장역,잠원역,18,8800,1
종합운동장역,한성대입구역,36,17600,1
종합운동장역,성신여대입구역,38,18700,1
종합운동장역,수유역,46,23100,1
종합운동장역,이촌역,23,12100,1
종합운동장역,동작역,17,11000,0
종합운동장역,마장역,26,12100,1
종합운동장역,애오개역,38,20900,1
종합운동장역,신금호역,28,13200,1
종합운동장역,아차산역,24,12100,1
종합운동장역,영등포시장역,34,18700,1
종합운동장역,방이역,16,7700,1
종합운동장역,보문역,34,16500,1
종합운동장역,창신역,32,15400,1
종합운동장역,효창공원앞역,34,14300,2
종합운동장역,광흥창역,39,18700,2
종합운동장역,월드컵경기장역,50,25300,1
종합운동장역,고려대역,38,18700,1
종합운동장역,공릉역,38,18700,1
종합운동장역,어린이대공원역,18,7700,1
종합운동장역,용마산역,24,11000,1
종합운동장역,자양역,18,7700,1
종합운동장역,하계역,40,19800,1
종합운동장역,남성역,22,11000,1
종합운동장역,암사역,16,6600,1
종합운동장역,몽촌토성역,10,3300,1
종합운동장역,강동구청역,12,4400,1
종합운동장역,송파역,11,4400,1
종합운동장역,석촌역,5,3300,0
종합운동장역,노들역,21,13200,0
종합운동장역,선유도역,31,19800,0
종합운동장역,한성백제역,9,5500,0
종합운동장역,양천향교역,41,26400,0
종합운동장역,흑석역,19,12100,0
종합운동장역,공항시장역,46,29700,0
중계역,제기동역,26,9900,2
중계역,동묘앞역,28,13200,1
중계역,신설동역,28,11000,2
중계역,외대앞역,20,6600,2
중계역,남영역,42,18700,2
중계역,문래역,58,27500,2
중계역,아현역,44,19800,2
중계역,한양대역,36,17600,1
중계역,잠실나루역,36,17600,1
중계역,양천구청역,62,27500,3
중계역,신정네거리역,64,28600,3
중계역,독립문역,44,19800,2
중계역,무악재역,46,20900,2
중계역,금호역,40,17600,2
중계역,옥수역,36,13200,1
중계역,잠원역,46,23100,1
중계역,한성대입구역,22,9900,1
중계역,성신여대입구역,20,8800,1
중계역,수유역,12,4400,1
중계역,이촌역,44,16500,1
중계역,동작역,46,23100,1
중계역,마장역,32,15400,1
중계역,애오개역,44,19800,2
중계역,신금호역,38,18700,1
중계역,아차산역,28,13200,1
중계역,영등포시장역,56,26400,2
중계역,방이역,40,19800,1
중계역,보문역,24,11000,1
중계역,창신역,26,12100,1
중계역,효창공원앞역,46,23100,1
중계역,광흥창역,52,26400,1
중계역,월드컵경기장역,62,31900,1
중계역,고려대역,20,8800,1
중계역,공릉역,4,2200,0
중계역,어린이대공원역,24,13200,0
중계역,용마산역,18,9900,0
중계역,자양역,28,15400,0
중계역,하계역,2,1100,0
중계역,남성역,46,25300,0
중계역,암사역,38,16500,2
중계역,몽촌토성역,40,17600,2
중계역,강동구청역,38,16500,2
중계역,송파역,46,20900,2
중계역,석촌역,44,19800,2
중계역,노들역,53,27500,1
중계역,선유도역,63,34100,1
중계역,한성백제역,44,19800,2
중계역,양천향교역,73,40700,1
중계역,흑석역,51,26400,1
중계역,공항시장역,79,44000,1
중곡역,제기동역,28,8800,2
중곡역,동묘앞역,36,17600,1
중곡역,신설동역,24,8800,2
중곡역,외대앞역,26,7700,2
중곡역,남영역,38,16500,2
중곡역,문래역,48,24200,1
중곡역,아현역,36,17600,1
중곡역,한양대역,16,6600,1
중곡역,잠실나루역,16,6600,1
중곡역,양천구청역,54,25300,2
중곡역,신정네거리역,56,26400,2
중곡역,독립문역,36,15400,2
중곡역,무악재역,38,16500,2
중곡역,금호역,34,16500,1
중곡역,옥수역,32,11000,1
중곡역,잠원역,26,12100,1
중곡역,한성대입구역,32,13200,2
중곡역,성신여대입구역,40,19800,1
중곡역,수유역,32,15400,1
중곡역,이촌역,32,15400,1
중곡역,동작역,29,14300,1
중곡역,마장역,12,4400,1
중곡역,애오개역,34,16500,1
중곡역,신금호역,18,7700,1
중곡역,아차산역,8,2200,1
중곡역,영등포시장역,46,23100,1
중곡역,방이역,20,8800,1
중곡역,보문역,32,15400,1
중곡역,창신역,34,16500,1
중곡역,효창공원앞역,46,16500,1
중곡역,광흥창역,44,19800,2
중곡역,월드컵경기장역,54,25300,2
중곡역,고려대역,28,13200,1
중곡역,공릉역,16,8800,0
중곡역,어린이대공원역,4,2200,0
중곡역,용마산역,2,1100,0
중곡역,자양역,8,4400,0
중곡역,하계역,18,9900,0
중곡역,남성역,26,14300,0
중곡역,암사역,18,5500,2
중곡역,몽촌토성역,20,6600,2
중곡역,강동구청역,18,5500,2
중곡역,송파역,26,9900,2
중곡역,석촌역,24,8800,2
중곡역,노들역,33,16500,1
중곡역,선유도역,43,23100,1
중곡역,한성백제역,24,8800,2
중곡역,양천향교역,53,29700,1
중곡역,흑석역,31,15400,1
중곡역,공항시장역,59,33000,1
중랑역,제기동역,11,3300,1
중랑역,동묘앞역,15,5500,1
중랑역,신설동역,13,4400,1
중랑역,외대앞역,9,2200,1
중랑역,남영역,29,13200,1
중랑역,문래역,45,20900,1
중랑역,아현역,31,13200,1
중랑역,한양대역,15,4400,1
중랑역,잠실나루역,27,11000,1
중랑역,양천구청역,49,22000,2
중랑역,신정네거리역,51,23100,2
중랑역,독립문역,37,15400,1
중랑역,무악재역,39,16500,1
중랑역,금호역,21,6600,1
중랑역,옥수역,15,5500,0
중랑역,잠원역,25,8800,1
중랑역,한성대입구역,25,8800,2
중랑역,성신여대입구역,21,6600,2
중랑역,수유역,29,11000,2
중랑역,이촌역,24,8800,0
중랑역,동작역,30,9900,1
중랑역,마장역,15,4400,1
중랑역,애오개역,33,14300,1
중랑역,신금호역,17,5500,1
중랑역,아차산역,23,8800,1
중랑역,영등포시장역,45,20900,1
중랑역,방이역,35,15400,1
중랑역,보문역,19,5500,2
중랑역,창신역,21,6600,2
중랑역,효창공원앞역,30,11000,0
중랑역,광흥창역,40,14300,1
중랑역,월드컵경기장역,50,19800,1
중랑역,고려대역,29,12100,1
중랑역,공릉역,15,5500,1
중랑역,어린이대공원역,19,7700,1
중랑역,용마산역,13,4400,1
중랑역,자양역,23,9900,1
중랑역,하계역,17,6600,1
중랑역,남성역,41,19800,1
중랑역,암사역,33,12100,2
중랑역,몽촌토성역,35,13200,2
중랑역,강동구청역,33,12100,2
중랑역,송파역,37,14300,2
중랑역,석촌역,35,13200,2
중랑역,노들역,38,12100,2
중랑역,선유도역,46,20900,2
중랑역,한성백제역,39,15400,2
중랑역,양천향교역,56,27500,2
중랑역,흑석역,36,11000,2
중랑역,공항시장역,61,30800,2
중앙보훈병원역,제기동역,43,18700,2
중앙보훈병원역,동묘앞역,41,18700,2
중앙보훈병원역,신설동역,45,19800,2
중앙보훈병원역,외대앞역,45,19800,2
중앙보훈병원역,남영역,44,25300,1
중앙보훈병원역,문래역,50,29700,1
중앙보훈병원역,아현역,56,29700,1
중앙보훈병원역,한양대역,36,18700,1
중앙보훈병원역,잠실나루역,24,12100,1
중앙보훈병원역,양천구청역,56,29700,2
중앙보훈병원역,신정네거리역,58,30800,2
중앙보훈병원역,독립문역,56,30800,1
중앙보훈병원역,무악재역,58,31900,1
중앙보훈병원역,금호역,39,22000,1
중앙보훈병원역,옥수역,38,20900,1
중앙보훈병원역,잠원역,32,17600,1
중앙보훈병원역,한성대입구역,45,20900,2
중앙보훈병원역,성신여대입구역,50,18700,2
중앙보훈병원역,수유역,55,26400,2
중앙보훈병원역,이촌역,37,20900,1
중앙보훈병원역,동작역,31,19800,0
중앙보훈병원역,마장역,25,12100,1
중앙보훈병원역,애오개역,47,24200,1
중앙보훈병원역,신금호역,31,15400,1
중앙보훈병원역,아차산역,17,7700,1
중앙보훈병원역,영등포시장역,47,27500,1
중앙보훈병원역,방이역,9,3300,1
중앙보훈병원역,보문역,49,17600,2
중앙보훈병원역,창신역,43,19800,2
중앙보훈병원역,효창공원앞역,48,23100,2
중앙보훈병원역,광흥창역,53,27500,2
중앙보훈병원역,월드컵경기장역,58,31900,2
중앙보훈병원역,고려대역,49,23100,2
중앙보훈병원역,공릉역,41,18700,2
중앙보훈병원역,어린이대공원역,25,9900,2
중앙보훈병원역,용마산역,27,11000,2
중앙보훈병원역,자양역,29,12100,2
중앙보훈병원역,하계역,43,19800,2
중앙보훈병원역,남성역,36,19800,1
중앙보훈병원역,암사역,22,11000,1
중앙보훈병원역,몽촌토성역,16,7700,1
중앙보훈병원역,강동구청역,18,8800,1
중앙보훈병원역,송파역,14,6600,1
중앙보훈병원역,석촌역,8,5500,0
중앙보훈병원역,노들역,35,22000,0
중앙보훈병원역,선유도역,44,28600,0
중앙보훈병원역,한성백제역,5,3300,0
중앙보훈병원역,양천향교역,55,35200,0
중앙보훈병원역,흑석역,33,20900,0
중앙보훈병원역,공항시장역,60,38500,0
중화역,제기동역,22,5500,2
중화역,동묘앞역,26,12100,1
중화역,신설동역,24,6600,2
중화역,외대앞역,18,5500,2
중화역,남영역,40,15400,2
중화역,문래역,58,29700,1
중화역,아현역,46,23100,1
중화역,한양대역,26,12100,1
중화역,잠실나루역,26,12100,1
중화역,양천구청역,64,30800,2
중화역,신정네거리역,66,31900,2
중화역,독립문역,46,14300,2
중화역,무악재역,48,15400,2
중화역,금호역,32,8800,2
중화역,옥수역,26,7700,1
중화역,잠원역,36,17600,1
중화역,한성대입구역,32,15400,1
중화역,성신여대입구역,30,14300,1
중화역,수유역,22,9900,1
중화역,이촌역,34,11000,1
중화역,동작역,39,19800,1
중화역,마장역,22,9900,1
중화역,애오개역,44,22000,1
중화역,신금호역,28,13200,1
중화역,아차산역,18,7700,1
중화역,영등포시장역,56,28600,1
중화역,방이역,30,14300,1
중화역,보문역,22,9900,1
중화역,창신역,24,11000,1
중화역,효창공원앞역,40,13200,1
중화역,광흥창역,50,25300,1
중화역,월드컵경기장역,60,30800,1
중화역,고려대역,18,7700,1
중화역,공릉역,6,3300,0
중화역,어린이대공원역,14,7700,0
중화역,용마산역,8,4400,0
중화역,자양역,18,9900,0
중화역,하계역,8,4400,0
중화역,남성역,36,19800,0
중화역,암사역,28,11000,2
중화역,몽촌토성역,30,12100,2
중화역,강동구청역,28,11000,2
중화역,송파역,36,15400,2
중화역,석촌역,34,14300,2
중화역,노들역,43,22000,1
중화역,선유도역,53,28600,1
중화역,한성백제역,34,14300,2
중화역,양천향교역,63,35200,1
중화역,흑석역,41,20900,1
중화역,공항시장역,69,38500,1
증미역,제기동역,42,22000,1
증미역,동묘앞역,38,19800,1
증미역,신설동역,40,20900,1
증미역,외대앞역,48,25300,1
증미역,남영역,24,12100,1
증미역,문래역,17,7700,1
증미역,아현역,23,11000,1
증미역,한양대역,43,22000,1
증미역,잠실나루역,48,27500,1
증미역,양천구청역,27,11000,2
증미역,신정네거리역,29,12100,2
증미역,독립문역,42,19800,2
증미역,무악재역,48,13200,2
증미역,금호역,40,22000,1
증미역,옥수역,38,20900,1
증미역,잠원역,32,17600,1
증미역,한성대입구역,49,26400,1
증미역,성신여대입구역,51,27500,1
증미역,수유역,59,31900,1
증미역,이촌역,27,14300,1
증미역,동작역,21,13200,0
증미역,마장역,46,24200,1
증미역,애오개역,24,12100,1
증미역,신금호역,40,20900,1
증미역,아차산역,54,28600,1
증미역,영등포시장역,20,9900,1
증미역,방이역,54,31900,1
증미역,보문역,46,22000,2
증미역,창신역,44,20900,2
증미역,효창공원앞역,28,12100,2
증미역,광흥창역,23,8800,2
증미역,월드컵경기장역,25,9900,2
증미역,고려대역,50,24200,2
증미역,공릉역,66,36300,1
증미역,어린이대공원역,46,25300,1
증미역,용마산역,52,28600,1
증미역,자양역,42,23100,1
증미역,하계역,68,37400,1
증미역,남성역,36,19800,1
증미역,암사역,57,33000,1
증미역,몽촌토성역,51,29700,1
증미역,강동구청역,53,30800,1
증미역,송파역,49,28600,1
증미역,석촌역,43,27500,0
증미역,노들역,18,11000,0
증미역,선유도역,8,4400,0
증미역,한성백제역,47,29700,0
증미역,양천향교역,4,2200,0
증미역,흑석역,20,12100,0
증미역,공항시장역,9,5500,0
증산역,제기동역,36,13200,2
증산역,동묘앞역,38,20900,0
증산역,신설동역,34,12100,2
증산역,외대앞역,42,16500,2
증산역,남영역,22,5500,2
증산역,문래역,20,8800,1
증산역,아현역,22,9900,1
증산역,한양대역,42,20900,1
증산역,잠실나루역,54,27500,1
증산역,양천구청역,30,12100,2
증산역,신정네거리역,32,13200,2
증산역,독립문역,20,8800,1
증산역,무악재역,18,7700,1
증산역,금호역,36,17600,1
증산역,옥수역,38,12100,1
증산역,잠원역,44,22000,1
증산역,한성대입구역,34,12100,2
증산역,성신여대입구역,36,13200,2
증산역,수유역,44,17600,2
증산역,이촌역,28,8800,1
증산역,동작역,32,15400,1
증산역,마장역,46,23100,1
증산역,애오개역,24,11000,1
증산역,신금호역,40,19800,1
증산역,아차산역,54,27500,1
증산역,영등포시장역,32,15400,1
증산역,방이역,66,34100,1
증산역,보문역,42,23100,0
증산역,창신역,40,22000,0
증산역,효창공원앞역,20,11000,0
증산역,광흥창역,14,7700,0
증산역,월드컵경기장역,4,2200,0
증산역,고려대역,46,25300,0
증산역,공릉역,62,31900,1
증산역,어린이대공원역,54,25300,2
증산역,용마산역,61,22000,2
증산역,자양역,54,25300,2
증산역,하계역,59,23100,1
증산역,남성역,40,17600,2
증산역,암사역,62,24200,2
증산역,몽촌토성역,62,29700,2
증산역,강동구청역,66,24200,2
증산역,송파역,63,29700,2
증산역,석촌역,54,28600,2
증산역,노들역,29,12100,2
증산역,선유도역,22,7700,2
증산역,한성백제역,58,30800,2
증산역,양천향교역,20,3300,2
증산역,흑석역,31,13200,2
증산역,공항시장역,22,4400,2
창동역,제기동역,18,9900,0
창동역,동묘앞역,22,12100,0
창동역,신설동역,20,11000,0
창동역,외대앞역,12,6600,0
창동역,남영역,36,19800,0
창동역,문래역,50,25300,1
창동역,아현역,36,17600,1
창동역,한양대역,32,15400,1
창동역,잠실나루역,44,22000,1
창동역,양천구청역,56,28600,1
창동역,신정네거리역,58,29700,1
창동역,독립문역,36,17600,1
창동역,무악재역,38,18700,1
창동역,금호역,32,15400,1
창동역,옥수역,30,12100,1
창동역,잠원역,40,19800,1
창동역,한성대입구역,14,7700,0
창동역,성신여대입구역,12,6600,0
창동역,수유역,4,2200,0
창동역,이촌역,36,19800,0
창동역,동작역,38,20900,0
창동역,마장역,34,16500,1
창동역,애오개역,36,17600,1
창동역,신금호역,28,13200,1
창동역,아차산역,42,20900,1
창동역,영등포시장역,48,24200,1
창동역,방이역,54,27500,1
창동역,보문역,18,7700,1
창동역,창신역,26,12100,1
창동역,효창공원앞역,38,18700,1
창동역,광흥창역,44,22000,1
창동역,월드컵경기장역,54,27500,1
창동역,고려대역,20,8800,1
창동역,공릉역,12,4400,1
창동역,어린이대공원역,32,15400,1
창동역,용마산역,26,12100,1
창동역,자양역,36,17600,1
창동역,하계역,10,3300,1
창동역,남성역,46,23100,1
창동역,암사역,51,18700,2
창동역,몽촌토성역,52,24200,2
창동역,강동구청역,55,18700,2
창동역,송파역,54,25300,2
창동역,석촌역,48,20900,2
창동역,노들역,46,23100,1
창동역,선유도역,53,27500,1
창동역,한성백제역,52,23100,2
창동역,양천향교역,63,34100,1
창동역,흑석역,44,22000,1
창동역,공항시장역,68,37400,1
창신역,제기동역,10,3300,1
창신역,동묘앞역,2,1100,0
창신역,신설동역,8,2200,1
창신역,외대앞역,16,6600,1
창신역,남영역,20,8800,1
창신역,문래역,36,17600,1
창신역,아현역,22,9900,1
창신역,한양대역,14,5500,1
창신역,잠실나루역,26,12100,1
창신역,양천구청역,40,17600,2
창신역,신정네거리역,42,18700,2
창신역,독립문역,26,12100,1
창신역,무악재역,28,13200,1
창신역,금호역,14,5500,1
창신역,옥수역,16,6600,1
창신역,잠원역,22,9900,1
창신역,한성대입구역,14,3300,2
창신역,성신여대입구역,8,2200,1
창신역,수유역,20,6600,2
창신역,이촌역,26,12100,1
창신역,동작역,28,13200,1
창신역,마장역,18,7700,1
창신역,애오개역,24,11000,1
창신역,신금호역,12,4400,1
창신역,아차산역,26,12100,1
창신역,영등포시장역,36,17600,1
창신역,방이역,38,18700,1
창신역,보문역,2,1100,0
창신역,창신역,0,0,0
창신역,효창공원앞역,20,11000,0
창신역,광흥창역,26,14300,0
창신역,월드컵경기장역,36,19800,0
창신역,고려대역,6,3300,0
창신역,공릉역,22,9900,1
창신역,어린이대공원역,26,9900,2
창신역,용마산역,32,15400,1
창신역,자양역,26,9900,2
창신역,하계역,24,11000,1
창신역,남성역,34,14300,2
창신역,암사역,36,15400,2
창신역,몽촌토성역,34,14300,2
창신역,강동구청역,36,15400,2
창신역,송파역,36,15400,2
창신역,석촌역,34,14300,2
창신역,노들역,30,12100,2
창신역,선유도역,37,16500,2
창신역,한성백제역,42,18700,2
창신역,양천향교역,47,23100,2
창신역,흑석역,32,13200,2
창신역,공항시장역,52,26400,2
천왕역,제기동역,44,22000,1
천왕역,동묘앞역,40,19800,1
천왕역,신설동역,42,20900,1
천왕역,외대앞역,50,25300,1
천왕역,남영역,26,12100,1
천왕역,문래역,18,7700,1
천왕역,아현역,32,15400,1
천왕역,한양대역,52,26400,1
천왕역,잠실나루역,50,25300,1
천왕역,양천구청역,22,7700,2
천왕역,신정네거리역,24,8800,2
천왕역,독립문역,44,19800,2
천왕역,무악재역,46,20900,2
천왕역,금호역,44,22000,1
천왕역,옥수역,42,20900,1
천왕역,잠원역,36,17600,1
천왕역,한성대입구역,46,20900,2
천왕역,성신여대입구역,48,22000,2
천왕역,수유역,56,26400,2
천왕역,이촌역,34,16500,1
천왕역,동작역,32,15400,1
천왕역,마장역,58,29700,1
천왕역,애오개역,32,13200,2
천왕역,신금호역,46,20900,2
천왕역,아차산역,54,27500,1
천왕역,영등포시장역,24,8800,2
천왕역,방이역,66,34100,1
천왕역,보문역,48,22000,2
천왕역,창신역,46,20900,2
천왕역,효창공원앞역,32,12100,2
천왕역,광흥창역,32,13200,2
천왕역,월드컵경기장역,34,14300,2
천왕역,고려대역,52,24200,2
천왕역,공릉역,66,36300,0
천왕역,어린이대공원역,46,25300,0
천왕역,용마산역,52,28600,0
천왕역,자양역,42,23100,0
천왕역,하계역,68,37400,0
천왕역,남성역,24,13200,0
천왕역,암사역,60,28600,2
천왕역,몽촌토성역,54,25300,2
천왕역,강동구청역,56,26400,2
천왕역,송파역,56,26400,2
천왕역,석촌역,51,27500,1
천왕역,노들역,28,11000,2
천왕역,선유도역,28,11000,2
천왕역,한성백제역,55,29700,1
천왕역,양천향교역,38,17600,2
천왕역,흑석역,30,12100,2
천왕역,공항시장역,44,20900,2
천호역,제기동역,28,9900,2
천호역,동묘앞역,28,13200,1
천호역,신설동역,30,11000,2
천호역,외대앞역,30,11000,2
천호역,남영역,38,18700,1
천호역,문래역,48,24200,1
천호역,아현역,36,17600,1
천호역,한양대역,20,8800,1
천호역,잠실나루역,12,4400,1
천호역,양천구청역,54,25300,2
천호역,신정네거리역,64,33000,1
천호역,독립문역,36,17600,1
천호역,무악재역,38,18700,1
천호역,금호역,32,11000,2
천호역,옥수역,26,9900,1
천호역,잠원역,40,19800,1
천호역,한성대입구역,32,15400,1
천호역,성신여대입구역,34,16500,1
천호역,수유역,42,20900,1
천호역,이촌역,34,13200,1
천호역,동작역,34,18700,1
천호역,마장역,12,6600,0
천호역,애오개역,34,18700,0
천호역,신금호역,18,9900,0
천호역,아차산역,4,2200,0
천호역,영등포시장역,46,25300,0
천호역,방이역,8,4400,0
천호역,보문역,32,15400,1
천호역,창신역,30,14300,1
천호역,효창공원앞역,38,18700,1
천호역,광흥창역,44,22000,1
천호역,월드컵경기장역,54,27500,1
천호역,고려대역,36,17600,1
천호역,공릉역,28,13200,1
천호역,어린이대공원역,12,4400,1
천호역,용마산역,14,5500,1
천호역,자양역,16,6600,1
천호역,하계역,30,14300,1
천호역,남성역,34,16500,1
천호역,암사역,2,1100,0
천호역,몽촌토성역,4,2200,0
천호역,강동구청역,2,1100,0
천호역,송파역,10,5500,0
천호역,석촌역,8,4400,0
천호역,노들역,38,20900,1
천호역,선유도역,48,27500,1
천호역,한성백제역,12,4400,1
천호역,양천향교역,58,34100,1
천호역,흑석역,36,19800,1
천호역,공항시장역,64,37400,1
청계산입구역,제기동역,44,13200,3
청계산입구역,동묘앞역,37,15400,2
청계산입구역,신설동역,46,19800,2
청계산입구역,외대앞역,50,14300,2
청계산입구역,남영역,36,15400,2
청계산입구역,문래역,38,17600,1
청계산입구역,아현역,52,25300,1
청계산입구역,한양대역,38,17600,1
청계산입구역,잠실나루역,26,11000,1
청계산입구역,양천구청역,44,18700,2
청계산입구역,신정네거리역,46,19800,2
청계산입구역,독립문역,41,19800,1
청계산입구역,무악재역,43,20900,1
청계산입구역,금호역,25,11000,1
청계산입구역,옥수역,23,9900,1
청계산입구역,잠원역,17,6600,1
청계산입구역,한성대입구역,43,18700,2
청계산입구역,성신여대입구역,45,19800,2
청계산입구역,수유역,53,24200,2
청계산입구역,이촌역,28,11000,2
청계산입구역,동작역,22,9900,1
청계산입구역,마장역,43,12100,2
청계산입구역,애오개역,43,19800,2
청계산입구역,신금호역,47,14300,2
청계산입구역,아차산역,36,14300,2
청계산입구역,영등포시장역,39,17600,2
청계산입구역,방이역,35,14300,2
청계산입구역,보문역,41,17600,2
청계산입구역,창신역,39,16500,2
청계산입구역,효창공원앞역,43,14300,2
청계산입구역,광흥창역,49,17600,2
청계산입구역,월드컵경기장역,57,22000,2
청계산입구역,고려대역,45,19800,2
청계산입구역,공릉역,48,23100,1
청계산입구역,어린이대공원역,28,12100,1
청계산입구역,용마산역,34,15400,1
청계산입구역,자양역,24,9900,1
청계산입구역,하계역,50,24200,1
청계산입구역,남성역,26,11000,1
청계산입구역,암사역,36,14300,2
청계산입구역,몽촌토성역,30,11000,2
청계산입구역,강동구청역,32,12100,2
청계산입구역,송파역,31,12100,2
청계산입구역,석촌역,28,13200,1
청계산입구역,노들역,26,12100,1
청계산입구역,선유도역,36,18700,1
청계산입구역,한성백제역,32,15400,1
청계산입구역,양천향교역,47,25300,1
청계산입구역,흑석역,24,11000,1
청계산입구역,공항시장역,52,28600,1
청구역,제기동역,12,4400,1
청구역,동묘앞역,4,2200,0
청구역,신설동역,10,3300,1
청구역,외대앞역,18,7700,1
청구역,남영역,18,7700,1
청구역,문래역,32,15400,1
청구역,아현역,18,7700,1
청구역,한양대역,12,4400,1
청구역,잠실나루역,24,11000,1
청구역,양천구청역,46,23100,1
청구역,신정네거리역,44,22000,1
청구역,독립문역,16,6600,1
청구역,무악재역,18,7700,1
청구역,금호역,8,2200,1
청구역,옥수역,10,3300,1
청구역,잠원역,16,6600,1
청구역,한성대입구역,12,4400,1
청구역,성신여대입구역,14,5500,1
청구역,수유역,22,9900,1
청구역,이촌역,20,8800,1
청구역,동작역,22,9900,1
청구역,마장역,8,4400,0
청구역,애오개역,14,7700,0
청구역,신금호역,2,1100,0
청구역,아차산역,16,8800,0
청구역,영등포시장역,26,14300,0
청구역,방이역,28,15400,0
청구역,보문역,8,4400,0
청구역,창신역,6,3300,0
청구역,효창공원앞역,14,7700,0
청구역,광흥창역,20,11000,0
청구역,월드컵경기장역,30,16500,0
청구역,고려대역,12,6600,0
청구역,공릉역,28,13200,1
청구역,어린이대공원역,20,8800,1
청구역,용마산역,22,9900,1
청구역,자양역,24,11000,1
청구역,하계역,30,14300,1
청구역,남성역,28,11000,2
청구역,암사역,26,12100,1
청구역,몽촌토성역,28,13200,1
청구역,강동구청역,26,12100,1
청구역,송파역,34,16500,1
청구역,석촌역,32,15400,1
청구역,노들역,31,15400,1
청구역,선유도역,31,15400,1
청구역,한성백제역,32,15400,1
청구역,양천향교역,42,22000,1
청구역,흑석역,33,16500,1
청구역,공항시장역,47,25300,1
청담역,제기동역,24,6600,2
청담역,동묘앞역,26,9900,2
청담역,신설동역,22,7700,2
청담역,외대앞역,26,7700,2
청담역,남영역,32,14300,2
청담역,문래역,38,18700,1
청담역,아현역,34,16500,1
청담역,한양대역,14,5500,1
청담역,잠실나루역,14,5500,1
청담역,양천구청역,44,19800,2
청담역,신정네거리역,46,20900,2
청담역,독립문역,40,19800,1
청담역,무악재역,42,20900,1
청담역,금호역,24,11000,1
청담역,옥수역,22,9900,1
청담역,잠원역,16,6600,1
청담역,한성대입구역,32,13200,2
청담역,성신여대입구역,34,14300,2
청담역,수유역,42,20900,1
청담역,이촌역,22,9900,1
청담역,동작역,19,8800,1
청담역,마장역,18,7700,1
청담역,애오개역,40,19800,1
청담역,신금호역,24,11000,1
청담역,아차산역,14,5500,1
청담역,영등포시장역,36,16500,2
청담역,방이역,26,12100,1
청담역,보문역,30,12100,2
청담역,창신역,28,11000,2
청담역,효창공원앞역,34,12100,2
청담역,광흥창역,38,16500,2
청담역,월드컵경기장역,48,22000,2
청담역,고려대역,38,18700,1
청담역,공릉역,26,14300,0
청담역,어린이대공원역,6,3300,0
청담역,용마산역,12,6600,0
청담역,자양역,2,1100,0
청담역,하계역,28,15400,0
청담역,남성역,16,8800,0
청담역,암사역,24,8800,2
청담역,몽촌토성역,22,7700,2
청담역,강동구청역,24,8800,2
청담역,송파역,24,8800,2
청담역,석촌역,22,7700,2
청담역,노들역,23,11000,1
청담역,선유도역,33,17600,1
청담역,한성백제역,28,11000,2
청담역,양천향교역,43,24200,1
청담역,흑석역,21,9900,1
청담역,공항시장역,49,27500,1
청량리역,제기동역,2,1100,0
청량리역,동묘앞역,6,3300,0
청량리역,신설동역,4,2200,0
청량리역,외대앞역,4,2200,0
청량리역,남영역,20,11000,0
청량리역,문래역,38,18700,1
청량리역,아현역,24,11000,1
청량리역,한양대역,8,2200,1
청량리역,잠실나루역,20,8800,1
청량리역,양천구청역,40,19800,1
청량리역,신정네거리역,42,20900,1
청량리역,독립문역,22,9900,1
청량리역,무악재역,24,11000,1
청량리역,금호역,15,4400,1
청량리역,옥수역,9,3300,0
청량리역,잠원역,19,6600,1
청량리역,한성대입구역,16,6600,1
청량리역,성신여대입구역,12,4400,1
청량리역,수유역,24,11000,1
청량리역,이촌역,18,6600,0
청량리역,동작역,24,7700,1
청량리역,마장역,8,2200,1
청량리역,애오개역,24,11000,1
청량리역,신금호역,10,3300,1
청량리역,아차산역,16,6600,1
청량리역,영등포시장역,34,16500,1
청량리역,방이역,28,13200,1
청량리역,보문역,10,3300,1
청량리역,창신역,12,4400,1
청량리역,효창공원앞역,24,8800,0
청량리역,광흥창역,34,12100,1
청량리역,월드컵경기장역,44,17600,1
청량리역,고려대역,18,7700,1
청량리역,공릉역,21,7700,1
청량리역,어린이대공원역,22,8800,1
청량리역,용마산역,19,6600,1
청량리역,자양역,18,6600,1
청량리역,하계역,23,8800,1
청량리역,남성역,28,12100,1
청량리역,암사역,26,9900,2
청량리역,몽촌토성역,28,11000,2
청량리역,강동구청역,26,9900,2
청량리역,송파역,30,12100,2
청량리역,석촌역,27,12100,1
청량리역,노들역,30,14300,1
청량리역,선유도역,37,18700,1
청량리역,한성백제역,31,14300,1
청량리역,양천향교역,47,25300,1
청량리역,흑석역,30,14300,1
청량리역,공항시장역,52,28600,1
총신대입구역,제기동역,32,15400,1
총신대입구역,동묘앞역,28,13200,1
총신대입구역,신설동역,30,14300,1
총신대입구역,외대앞역,38,18700,1
총신대입구역,남영역,18,7700,1
총신대입구역,문래역,24,11000,1
총신대입구역,아현역,26,9900,2
총신대입구역,한양대역,32,15400,1
총신대입구역,잠실나루역,28,13200,1
총신대입구역,양천구청역,30,12100,2
총신대입구역,신정네거리역,32,13200,2
총신대입구역,독립문역,32,15400,1
총신대입구역,무악재역,34,16500,1
총신대입구역,금호역,28,13200,1
총신대입구역,옥수역,18,5500,1
총신대입구역,잠원역,14,3300,2
총신대입구역,한성대입구역,26,14300,0
총신대입구역,성신여대입구역,28,15400,0
총신대입구역,수유역,36,19800,0
총신대입구역,이촌역,4,2200,0
총신대입구역,동작역,2,1100,0
총신대입구역,마장역,34,16500,1
총신대입구역,애오개역,22,7700,2
총신대입구역,신금호역,28,13200,1
총신대입구역,아차산역,32,13200,2
총신대입구역,영등포시장역,22,8800,2
총신대입구역,방이역,39,19800,2
총신대입구역,보문역,32,15400,1
총신대입구역,창신역,30,14300,1
총신대입구역,효창공원앞역,16,4400,1
총신대입구역,광흥창역,20,8800,1
총신대입구역,월드컵경기장역,30,14300,1
총신대입구역,고려대역,36,17600,1
총신대입구역,공릉역,44,22000,1
총신대입구역,어린이대공원역,24,11000,1
총신대입구역,용마산역,30,14300,1
총신대입구역,자양역,20,8800,1
총신대입구역,하계역,46,23100,1
총신대입구역,남성역,6,1100,1
총신대입구역,암사역,38,16500,2
총신대입구역,몽촌토성역,32,13200,2
총신대입구역,강동구청역,34,14300,2
총신대입구역,송파역,34,14300,2
총신대입구역,석촌역,28,15400,1
총신대입구역,노들역,10,3300,1
총신대입구역,선유도역,20,9900,1
총신대입구역,한성백제역,32,17600,1
총신대입구역,양천향교역,30,16500,1
총신대입구역,흑석역,8,2200,1
총신대입구역,공항시장역,36,19800,1
충무로역,제기동역,14,5500,1
충무로역,동묘앞역,10,3300,1
충무로역,신설동역,12,4400,1
충무로역,외대앞역,20,8800,1
충무로역,남영역,12,4400,1
충무로역,문래역,28,13200,1
충무로역,아현역,14,5500,1
충무로역,한양대역,14,5500,1
충무로역,잠실나루역,26,12100,1
충무로역,양천구청역,32,13200,2
충무로역,신정네거리역,34,14300,2
충무로역,독립문역,10,5500,0
충무로역,무악재역,12,6600,0
충무로역,금호역,6,3300,0
충무로역,옥수역,8,4400,0
충무로역,잠원역,14,7700,0
충무로역,한성대입구역,8,4400,0
충무로역,성신여대입구역,10,5500,0
충무로역,수유역,18,9900,0
충무로역,이촌역,14,7700,0
충무로역,동작역,16,8800,0
충무로역,마장역,16,6600,1
충무로역,애오개역,16,6600,1
충무로역,신금호역,10,3300,1
충무로역,아차산역,24,11000,1
충무로역,영등포시장역,28,13200,1
충무로역,방이역,36,17600,1
충무로역,보문역,16,6600,1
충무로역,창신역,16,6600,1
충무로역,효창공원앞역,16,6600,1
충무로역,광흥창역,22,9900,1
충무로역,월드컵경기장역,32,15400,1
충무로역,고려대역,22,9900,1
충무로역,공릉역,34,16500,1
충무로역,어린이대공원역,26,9900,2
충무로역,용마산역,30,12100,2
충무로역,자양역,32,15400,1
충무로역,하계역,32,15400,1
충무로역,남성역,24,11000,1
충무로역,암사역,34,14300,2
충무로역,몽촌토성역,34,14300,2
충무로역,강동구청역,34,14300,2
충무로역,송파역,44,22000,1
충무로역,석촌역,37,19800,1
충무로역,노들역,24,11000,1
충무로역,선유도역,34,17600,1
충무로역,한성백제역,41,22000,1
충무로역,양천향교역,44,24200,1
충무로역,흑석역,22,9900,1
충무로역,공항시장역,50,27500,1
충정로역,제기동역,20,8800,1
충정로역,동묘앞역,16,6600,1
충정로역,신설동역,18,7700,1
충정로역,외대앞역,26,12100,1
충정로역,남영역,10,3300,1
충정로역,문래역,16,8800,0
충정로역,아현역,2,1100,0
충정로역,한양대역,18,9900,0
충정로역,잠실나루역,30,16500,0
충정로역,양천구청역,26,12100,1
충정로역,신정네거리역,28,13200,1
충정로역,독립문역,16,6600,1
충정로역,무악재역,18,7700,1
충정로역,금호역,18,7700,1
충정로역,옥수역,20,8800,1
충정로역,잠원역,26,12100,1
충정로역,한성대입구역,20,8800,1
충정로역,성신여대입구역,22,9900,1
충정로역,수유역,30,14300,1
충정로역,이촌역,18,5500,1
충정로역,동작역,22,11000,1
충정로역,마장역,20,11000,0
충정로역,애오개역,2,1100,0
충정로역,신금호역,14,7700,0
충정로역,아차산역,28,15400,0
충정로역,영등포시장역,14,7700,0
충정로역,방이역,40,22000,0
충정로역,보문역,22,9900,1
충정로역,창신역,20,8800,1
충정로역,효창공원앞역,10,3300,1
충정로역,광흥창역,12,4400,1
충정로역,월드컵경기장역,20,8800,1
충정로역,고려대역,26,12100,1
충정로역,공릉역,48,24200,1
충정로역,어린이대공원역,30,14300,1
충정로역,용마산역,34,16500,1
충정로역,자양역,30,14300,1
충정로역,하계역,50,25300,1
충정로역,남성역,40,9900,2
충정로역,암사역,38,18700,1
충정로역,몽촌토성역,38,18700,1
충정로역,강동구청역,38,18700,1
충정로역,송파역,40,19800,1
충정로역,석촌역,38,18700,1
충정로역,노들역,19,8800,1
충정로역,선유도역,18,7700,1
충정로역,한성백제역,44,22000,1
충정로역,양천향교역,28,14300,1
충정로역,흑석역,21,9900,1
충정로역,공항시장역,34,17600,1
태릉입구역,제기동역,16,6600,1
태릉입구역,동묘앞역,18,9900,0
태릉입구역,신설동역,18,7700,1
태릉입구역,외대앞역,10,3300,1
태릉입구역,남영역,34,16500,1
태릉입구역,문래역,52,26400,1
태릉입구역,아현역,38,18700,1
태릉입구역,한양대역,30,14300,1
태릉입구역,잠실나루역,30,14300,1
태릉입구역,양천구청역,54,25300,2
태릉입구역,신정네거리역,56,26400,2
태릉입구역,독립문역,42,20900,1
태릉입구역,무악재역,44,22000,1
태릉입구역,금호역,30,14300,1
태릉입구역,옥수역,30,9900,1
태릉입구역,잠원역,38,18700,1
태릉입구역,한성대입구역,28,13200,1
태릉입구역,성신여대입구역,20,8800,1
태릉입구역,수유역,18,7700,1
태릉입구역,이촌역,38,13200,1
태릉입구역,동작역,43,22000,1
태릉입구역,마장역,26,12100,1
태릉입구역,애오개역,40,19800,1
태릉입구역,신금호역,28,13200,1
태릉입구역,아차산역,22,9900,1
태릉입구역,영등포시장역,52,26400,1
태릉입구역,방이역,34,16500,1
태릉입구역,보문역,14,7700,0
태릉입구역,창신역,16,8800,0
태릉입구역,효창공원앞역,36,19800,0
태릉입구역,광흥창역,42,23100,0
태릉입구역,월드컵경기장역,52,28600,0
태릉입구역,고려대역,10,5500,0
태릉입구역,공릉역,2,1100,0
태릉입구역,어린이대공원역,18,9900,0
태릉입구역,용마산역,12,6600,0
태릉입구역,자양역,22,12100,0
태릉입구역,하계역,4,2200,0
태릉입구역,남성역,40,22000,0
태릉입구역,암사역,32,13200,2
태릉입구역,몽촌토성역,34,14300,2
태릉입구역,강동구청역,32,13200,2
태릉입구역,송파역,40,17600,2
태릉입구역,석촌역,38,16500,2
태릉입구역,노들역,47,24200,1
태릉입구역,선유도역,57,30800,1
태릉입구역,한성백제역,38,16500,2
태릉입구역,양천향교역,67,37400,1
태릉입구역,흑석역,45,23100,1
태릉입구역,공항시장역,73,40700,1
하계역,제기동역,24,8800,2
하계역,동묘앞역,26,12100,1
하계역,신설동역,26,9900,2
하계역,외대앞역,18,5500,2
하계역,남영역,42,18700,2
하계역,문래역,66,34100,1
하계역,아현역,54,27500,1
하계역,한양대역,34,16500,1
하계역,잠실나루역,34,16500,1
하계역,양천구청역,66,27500,3
하계역,신정네거리역,70,28600,3
하계역,독립문역,46,20900,2
하계역,무악재역,48,22000,2
하계역,금호역,38,16500,2
하계역,옥수역,34,12100,1
하계역,잠원역,44,22000,1
하계역,한성대입구역,24,11000,1
하계역,성신여대입구역,22,9900,1
하계역,수유역,14,5500,1
하계역,이촌역,42,15400,1
하계역,동작역,47,24200,1
하계역,마장역,30,14300,1
하계역,애오개역,52,26400,1
하계역,신금호역,36,17600,1
하계역,아차산역,26,12100,1
하계역,영등포시장역,64,33000,1
하계역,방이역,38,18700,1
하계역,보문역,22,9900,1
하계역,창신역,24,11000,1
하계역,효창공원앞역,44,22000,1
하계역,광흥창역,50,25300,1
하계역,월드컵경기장역,60,30800,1
하계역,고려대역,18,7700,1
하계역,공릉역,2,1100,0
하계역,어린이대공원역,22,12100,0
하계역,용마산역,16,8800,0
하계역,자양역,26,14300,0
하계역,하계역,0,0,0
하계역,남성역,44,24200,0
하계역,암사역,36,15400,2
하계역,몽촌토성역,38,16500,2
하계역,강동구청역,36,15400,2
하계역,송파역,44,19800,2
하계역,석촌역,42,18700,2
하계역,노들역,51,26400,1
하계역,선유도역,61,33000,1
하계역,한성백제역,42,18700,2
하계역,양천향교역,78,24200,3
하계역,흑석역,49,25300,1
하계역,공항시장역,69,25300,3
학동역,제기동역,24,6600,2
학동역,동묘앞역,28,8800,2
학동역,신설동역,26,7700,2
학동역,외대앞역,26,7700,2
학동역,남영역,28,12100,2
학동역,문래역,34,16500,1
학동역,아현역,38,18700,1
학동역,한양대역,18,7700,1
학동역,잠실나루역,18,7700,1
학동역,양천구청역,40,17600,2
학동역,신정네거리역,42,18700,2
학동역,독립문역,36,17600,1
학동역,무악재역,38,18700,1
학동역,금호역,20,8800,1
학동역,옥수역,18,7700,1
학동역,잠원역,12,4400,1
학동역,한성대입구역,40,19800,1
학동역,성신여대입구역,42,20900,1
학동역,수유역,46,23100,1
학동역,이촌역,18,7700,1
학동역,동작역,15,6600,1
학동역,마장역,22,9900,1
학동역,애오개역,36,16500,2
학동역,신금호역,28,13200,1
학동역,아차산역,18,7700,1
학동역,영등포시장역,32,14300,2
학동역,방이역,30,14300,1
학동역,보문역,34,14300,2
학동역,창신역,32,13200,2
학동역,효창공원앞역,30,9900,2
학동역,광흥창역,34,14300,2
학동역,월드컵경기장역,44,19800,2
학동역,고려대역,42,20900,1
학동역,공릉역,30,16500,0
학동역,어린이대공원역,10,5500,0
학동역,용마산역,16,8800,0
학동역,자양역,6,3300,0
학동역,하계역,32,17600,0
학동역,남성역,12,6600,0
학동역,암사역,28,11000,2
학동역,몽촌토성역,26,9900,2
학동역,강동구청역,28,11000,2
학동역,송파역,28,11000,2
학동역,석촌역,27,14300,1
학동역,노들역,19,8800,1
학동역,선유도역,29,15400,1
학동역,한성백제역,31,16500,1
학동역,양천향교역,39,22000,1
학동역,흑석역,17,7700,1
학동역,공항시장역,45,25300,1
학여울역,제기동역,36,12100,2
학여울역,동묘앞역,36,17600,1
학여울역,신설동역,38,13200,2
학여울역,외대앞역,38,13200,2
학여울역,남영역,36,16500,2
학여울역,문래역,40,19800,1
학여울역,아현역,44,22000,1
학여울역,한양대역,33,11000,2
학여울역,잠실나루역,32,15400,1
학여울역,양천구청역,46,20900,2
학여울역,신정네거리역,48,22000,2
학여울역,독립문역,40,22000,0
학여울역,무악재역,42,23100,0
학여울역,금호역,24,13200,0
학여울역,옥수역,22,12100,0
학여울역,잠원역,16,8800,0
학여울역,한성대입구역,42,20900,1
학여울역,성신여대입구역,44,22000,1
학여울역,수유역,52,26400,1
학여울역,이촌역,36,15400,1
학여울역,동작역,23,11000,1
학여울역,마장역,38,18700,1
학여울역,애오개역,46,23100,1
학여울역,신금호역,35,12100,2
학여울역,아차산역,30,14300,1
학여울역,영등포시장역,40,18700,2
학여울역,방이역,18,7700,1
학여울역,보문역,40,19800,1
학여울역,창신역,38,18700,1
학여울역,효창공원앞역,42,17600,1
학여울역,광흥창역,48,24200,1
학여울역,월드컵경기장역,56,23100,1
학여울역,고려대역,44,22000,1
학여울역,공릉역,54,27500,1
학여울역,어린이대공원역,34,16500,1
학여울역,용마산역,40,19800,1
학여울역,자양역,30,14300,1
학여울역,하계역,56,28600,1
학여울역,남성역,24,11000,1
학여울역,암사역,26,12100,1
학여울역,몽촌토성역,20,8800,1
학여울역,강동구청역,22,9900,1
학여울역,송파역,14,5500,1
학여울역,석촌역,16,6600,1
학여울역,노들역,27,13200,1
학여울역,선유도역,37,19800,1
학여울역,한성백제역,24,8800,2
학여울역,양천향교역,47,26400,1
학여울역,흑석역,25,12100,1
학여울역,공항시장역,53,29700,1
한강진역,제기동역,18,7700,1
한강진역,동묘앞역,10,5500,0
한강진역,신설동역,16,6600,1
한강진역,외대앞역,24,11000,1
한강진역,남영역,28,13200,1
한강진역,문래역,28,13200,1
한강진역,아현역,26,12100,1
한강진역,한양대역,18,7700,1
한강진역,잠실나루역,30,14300,1
한강진역,양천구청역,38,16500,2
한강진역,신정네거리역,40,17600,2
한강진역,독립문역,22,9900,1
한강진역,무악재역,24,11000,1
한강진역,금호역,10,3300,1
한강진역,옥수역,12,4400,1
한강진역,잠원역,18,7700,1
한강진역,한성대입구역,28,13200,1
한강진역,성신여대입구역,20,8800,1
한강진역,수유역,38,18700,1
한강진역,이촌역,14,5500,1
한강진역,동작역,16,6600,1
한강진역,마장역,18,7700,1
한강진역,애오개역,16,6600,1
한강진역,신금호역,12,4400,1
한강진역,아차산역,26,12100,1
한강진역,영등포시장역,24,11000,1
한강진역,방이역,38,18700,1
한강진역,보문역,14,7700,0
한강진역,창신역,12,6600,0
한강진역,효창공원앞역,8,4400,0
한강진역,광흥창역,14,7700,0
한강진역,월드컵경기장역,24,13200,0
한강진역,고려대역,18,9900,0
한강진역,공릉역,34,16500,1
한강진역,어린이대공원역,30,12100,2
한강진역,용마산역,32,13200,2
한강진역,자양역,30,12100,2
한강진역,하계역,36,17600,1
한강진역,남성역,24,8800,2
한강진역,암사역,36,15400,2
한강진역,몽촌토성역,38,16500,2
한강진역,강동구청역,36,15400,2
한강진역,송파역,40,17600,2
한강진역,석촌역,38,16500,2
한강진역,노들역,24,8800,2
한강진역,선유도역,29,12100,2
한강진역,한성백제역,42,18700,2
한강진역,양천향교역,40,18700,2
한강진역,흑석역,22,7700,2
한강진역,공항시장역,45,22000,2
한남역,제기동역,18,5500,1
한남역,동묘앞역,22,7700,1
한남역,신설동역,20,6600,1
한남역,외대앞역,20,6600,1
한남역,남영역,15,4400,1
한남역,문래역,33,12100,1
한남역,아현역,31,11000,1
한남역,한양대역,15,4400,1
한남역,잠실나루역,27,11000,1
한남역,양천구청역,31,11000,2
한남역,신정네거리역,33,12100,2
한남역,독립문역,25,11000,1
한남역,무악재역,27,12100,1
한남역,금호역,9,2200,1
한남역,옥수역,3,1100,0
한남역,잠원역,13,4400,1
한남역,한성대입구역,32,14300,1
한남역,성신여대입구역,34,15400,1
한남역,수유역,42,19800,1
한남역,이촌역,6,2200,0
한남역,동작역,12,3300,1
한남역,마장역,15,4400,1
한남역,애오개역,21,6600,1
한남역,신금호역,17,5500,1
한남역,아차산역,23,8800,1
한남역,영등포시장역,29,11000,1
한남역,방이역,35,15400,1
한남역,보문역,25,8800,2
한남역,창신역,23,7700,2
한남역,효창공원앞역,12,4400,0
한남역,광흥창역,22,7700,1
한남역,월드컵경기장역,32,13200,1
한남역,고려대역,29,11000,2
한남역,공릉역,33,12100,1
한남역,어린이대공원역,27,8800,2
한남역,용마산역,31,11000,1
한남역,자양역,27,8800,2
한남역,하계역,35,13200,1
한남역,남성역,20,5500,2
한남역,암사역,33,12100,2
한남역,몽촌토성역,35,13200,2
한남역,강동구청역,33,12100,2
한남역,송파역,37,14300,2
한남역,석촌역,35,13200,2
한남역,노들역,20,5500,2
한남역,선유도역,28,9900,2
한남역,한성백제역,39,15400,2
한남역,양천향교역,38,16500,2
한남역,흑석역,18,4400,2
한남역,공항시장역,43,19800,2
한성대입구역,제기동역,14,5500,1
한성대입구역,동묘앞역,10,3300,1
한성대입구역,신설동역,10,3300,1
한성대입구역,외대앞역,20,8800,1
한성대입구역,남영역,20,8800,1
한성대입구역,문래역,36,17600,1
한성대입구역,아현역,22,9900,1
한성대입구역,한양대역,18,7700,1
한성대입구역,잠실나루역,30,14300,1
한성대입구역,양천구청역,40,17600,2
한성대입구역,신정네거리역,42,18700,2
한성대입구역,독립문역,22,9900,1
한성대입구역,무악재역,24,11000,1
한성대입구역,금호역,18,7700,1
한성대입구역,옥수역,20,8800,1
한성대입구역,잠원역,26,12100,1
한성대입구역,한성대입구역,0,0,0
한성대입구역,성신여대입구역,2,1100,0
한성대입구역,수유역,10,5500,0
한성대입구역,이촌역,22,12100,0
한성대입구역,동작역,24,13200,0
한성대입구역,마장역,20,8800,1
한성대입구역,애오개역,22,9900,1
한성대입구역,신금호역,14,5500,1
한성대입구역,아차산역,28,13200,1
한성대입구역,영등포시장역,34,16500,1
한성대입구역,방이역,40,19800,1
한성대입구역,보문역,8,2200,1
한성대입구역,창신역,14,3300,2
한성대입구역,효창공원앞역,24,11000,1
한성대입구역,광흥창역,30,14300,1
한성대입구역,월드컵경기장역,40,19800,1
한성대입구역,고려대역,16,4400,2
한성대입구역,공릉역,26,12100,1
한성대입구역,어린이대공원역,30,12100,2
한성대입구역,용마산역,40,19800,1
한성대입구역,자양역,30,12100,2
한성대입구역,하계역,24,11000,1
한성대입구역,남성역,32,15400,1
한성대입구역,암사역,38,16500,2
한성대입구역,몽촌토성역,38,16500,2
한성대입구역,강동구청역,38,16500,2
한성대입구역,송파역,40,17600,2
한성대입구역,석촌역,38,16500,2
한성대입구역,노들역,32,15400,1
한성대입구역,선유도역,42,22000,1
한성대입구역,한성백제역,44,19800,2
한성대입구역,양천향교역,52,28600,1
한성대입구역,흑석역,30,14300,1
한성대입구역,공항시장역,58,31900,1
한성백제역,제기동역,38,15400,2
한성백제역,동묘앞역,40,17600,2
한성백제역,신설동역,40,16500,2
한성백제역,외대앞역,40,16500,2
한성백제역,남영역,39,22000,1
한성백제역,문래역,46,26400,1
한성백제역,아현역,51,26400,1
한성백제역,한양대역,31,15400,1
한성백제역,잠실나루역,19,8800,1
한성백제역,양천구청역,51,26400,2
한성백제역,신정네거리역,53,27500,2
한성백제역,독립문역,51,27500,1
한성백제역,무악재역,53,28600,1
한성백제역,금호역,35,18700,1
한성백제역,옥수역,33,17600,1
한성백제역,잠원역,27,14300,1
한성백제역,한성대입구역,44,19800,2
한성백제역,성신여대입구역,50,15400,2
한성백제역,수유역,54,25300,2
한성백제역,이촌역,32,17600,1
한성백제역,동작역,26,16500,0
한성백제역,마장역,24,11000,1
한성백제역,애오개역,46,23100,1
한성백제역,신금호역,30,14300,1
한성백제역,아차산역,16,6600,1
한성백제역,영등포시장역,43,24200,1
한성백제역,방이역,8,2200,1
한성백제역,보문역,49,14300,2
한성백제역,창신역,42,18700,2
한성백제역,효창공원앞역,44,19800,2
한성백제역,광흥창역,48,24200,2
한성백제역,월드컵경기장역,54,28600,2
한성백제역,고려대역,48,22000,2
한성백제역,공릉역,40,17600,2
한성백제역,어린이대공원역,24,8800,2
한성백제역,용마산역,26,9900,2
한성백제역,자양역,28,11000,2
한성백제역,하계역,42,18700,2
한성백제역,남성역,31,16500,1
한성백제역,암사역,18,7700,1
한성백제역,몽촌토성역,12,4400,1
한성백제역,강동구청역,14,5500,1
한성백제역,송파역,10,3300,1
한성백제역,석촌역,4,2200,0
한성백제역,노들역,30,18700,0
한성백제역,선유도역,40,25300,0
한성백제역,한성백제역,0,0,0
한성백제역,양천향교역,50,31900,0
한성백제역,흑석역,28,17600,0
한성백제역,공항시장역,56,35200,0
한양대역,제기동역,16,3300,2
한양대역,동묘앞역,12,4400,1
한양대역,신설동역,16,6600,1
한양대역,외대앞역,18,4400,2
한양대역,남영역,24,11000,1
한양대역,문래역,34,18700,0
한양대역,아현역,20,11000,0
한양대역,한양대역,0,0,0
한양대역,잠실나루역,12,6600,0
한양대역,양천구청역,44,22000,1
한양대역,신정네거리역,46,23100,1
한양대역,독립문역,24,11000,1
한양대역,무악재역,26,12100,1
한양대역,금호역,24,11000,1
한양대역,옥수역,14,3300,1
한양대역,잠원역,24,6600,2
한양대역,한성대입구역,18,7700,1
한양대역,성신여대입구역,20,8800,1
한양대역,수유역,28,13200,1
한양대역,이촌역,22,6600,1
한양대역,동작역,30,14300,1
한양대역,마장역,8,2200,1
한양대역,애오개역,24,11000,1
한양대역,신금호역,10,3300,1
한양대역,아차산역,16,6600,1
한양대역,영등포시장역,36,17600,1
한양대역,방이역,28,13200,1
한양대역,보문역,16,6600,1
한양대역,창신역,14,5500,1
한양대역,효창공원앞역,26,12100,1
한양대역,광흥창역,32,15400,1
한양대역,월드컵경기장역,38,18700,1
한양대역,고려대역,20,8800,1
한양대역,공릉역,32,15400,1
한양대역,어린이대공원역,12,4400,1
한양대역,용마산역,18,7700,1
한양대역,자양역,12,4400,1
한양대역,하계역,34,16500,1
한양대역,남성역,30,14300,1
한양대역,암사역,26,12100,1
한양대역,몽촌토성역,20,8800,1
한양대역,강동구청역,22,9900,1
한양대역,송파역,22,9900,1
한양대역,석촌역,20,8800,1
한양대역,노들역,34,14300,2
한양대역,선유도역,36,17600,1
한양대역,한성백제역,31,15400,1
한양대역,양천향교역,46,24200,1
한양대역,흑석역,41,22000,1
한양대역,공항시장역,52,27500,1
한티역,제기동역,24,8800,1
한티역,동묘앞역,28,11000,1
한티역,신설동역,26,9900,1
한티역,외대앞역,26,9900,1
한티역,남영역,42,18700,1
한티역,문래역,36,17600,1
한티역,아현역,37,16500,1
한티역,한양대역,21,7700,1
한티역,잠실나루역,16,6600,1
한티역,양천구청역,42,18700,2
한티역,신정네거리역,44,19800,2
한티역,독립문역,42,20900,1
한티역,무악재역,44,22000,1
한티역,금호역,26,12100,1
한티역,옥수역,24,11000,1
한티역,잠원역,18,7700,1
한티역,한성대입구역,35,13200,2
한티역,성신여대입구역,34,12100,2
한티역,수유역,45,18700,2
한티역,이촌역,36,12100,1
한티역,동작역,21,9900,1
한티역,마장역,21,7700,1
한티역,애오개역,39,17600,1
한티역,신금호역,23,8800,1
한티역,아차산역,29,12100,1
한티역,영등포시장역,37,17600,2
한티역,방이역,28,11000,2
한티역,보문역,32,11000,2
한티역,창신역,31,11000,2
한티역,효창공원앞역,39,14300,1
한티역,광흥창역,49,17600,2
한티역,월드컵경기장역,50,22000,2
한티역,고려대역,37,14300,2
한티역,공릉역,40,18700,1
한티역,어린이대공원역,20,7700,1
한티역,용마산역,26,11000,1
한티역,자양역,16,5500,1
한티역,하계역,42,19800,1
한티역,남성역,26,11000,1
한티역,암사역,26,9900,2
한티역,몽촌토성역,20,6600,2
한티역,강동구청역,22,7700,2
한티역,송파역,27,11000,1
한티역,석촌역,19,8800,1
한티역,노들역,25,12100,1
한티역,선유도역,35,18700,1
한티역,한성백제역,23,11000,1
한티역,양천향교역,45,25300,1
한티역,흑석역,23,11000,1
한티역,공항시장역,50,28600,1
합정역,제기동역,30,14300,1
합정역,동묘앞역,28,15400,0
합정역,신설동역,28,13200,1
합정역,외대앞역,36,17600,1
합정역,남영역,20,8800,1
합정역,문래역,6,3300,0
합정역,아현역,8,4400,0
합정역,한양대역,28,15400,0
합정역,잠실나루역,40,22000,0
합정역,양천구청역,16,6600,1
합정역,신정네거리역,18,7700,1
합정역,독립문역,28,13200,1
합정역,무악재역,28,13200,1
합정역,금호역,28,13200,1
합정역,옥수역,30,11000,1
합정역,잠원역,36,17600,1
합정역,한성대입구역,30,14300,1
합정역,성신여대입구역,32,15400,1
합정역,수유역,40,19800,1
합정역,이촌역,22,7700,1
합정역,동작역,18,8800,1
합정역,마장역,32,15400,1
합정역,애오개역,14,5500,1
합정역,신금호역,28,13200,1
합정역,아차산역,40,19800,1
합정역,영등포시장역,10,3300,1
합정역,방이역,52,26400,1
합정역,보문역,32,17600,0
합정역,창신역,30,16500,0
합정역,효창공원앞역,10,5500,0
합정역,광흥창역,4,2200,0
합정역,월드컵경기장역,6,3300,0
합정역,고려대역,36,19800,0
합정역,공릉역,52,26400,1
합정역,어린이대공원역,40,19800,1
합정역,용마산역,46,23100,1
합정역,자양역,40,19800,1
합정역,하계역,54,27500,1
합정역,남성역,28,13200,1
합정역,암사역,54,27500,1
합정역,몽촌토성역,48,24200,1
합정역,강동구청역,50,25300,1
합정역,송파역,50,25300,1
합정역,석촌역,40,23100,1
합정역,노들역,15,6600,1
합정역,선유도역,8,2200,1
합정역,한성백제역,44,25300,1
합정역,양천향교역,18,8800,1
합정역,흑석역,17,7700,1
합정역,공항시장역,24,12100,1
행당역,제기동역,16,3300,2
행당역,동묘앞역,12,4400,1
행당역,신설동역,22,9900,1
행당역,외대앞역,18,4400,2
행당역,남영역,22,9900,1
행당역,문래역,36,17600,1
행당역,아현역,22,9900,1
행당역,한양대역,8,2200,1
행당역,잠실나루역,20,8800,1
행당역,양천구청역,50,25300,1
행당역,신정네거리역,48,24200,1
행당역,독립문역,20,8800,1
행당역,무악재역,22,9900,1
행당역,금호역,24,11000,1
행당역,옥수역,14,3300,1
행당역,잠원역,24,6600,2
행당역,한성대입구역,16,6600,1
행당역,성신여대입구역,18,7700,1
행당역,수유역,26,12100,1
행당역,이촌역,22,6600,1
행당역,동작역,28,13200,1
행당역,마장역,4,2200,0
행당역,애오개역,18,9900,0
행당역,신금호역,2,1100,0
행당역,아차산역,12,6600,0
행당역,영등포시장역,30,16500,0
행당역,방이역,24,13200,0
행당역,보문역,16,6600,1
행당역,창신역,14,5500,1
행당역,효창공원앞역,22,9900,1
행당역,광흥창역,28,13200,1
행당역,월드컵경기장역,38,18700,1
행당역,고려대역,20,8800,1
행당역,공릉역,32,15400,1
행당역,어린이대공원역,16,6600,1
행당역,용마산역,18,7700,1
행당역,자양역,20,8800,1
행당역,하계역,34,16500,1
행당역,남성역,38,18700,1
행당역,암사역,22,9900,1
행당역,몽촌토성역,24,11000,1
행당역,강동구청역,22,9900,1
행당역,송파역,30,14300,1
행당역,석촌역,28,13200,1
행당역,노들역,35,17600,1
행당역,선유도역,35,17600,1
행당역,한성백제역,28,13200,1
행당역,양천향교역,46,24200,1
행당역,흑석역,37,18700,1
행당역,공항시장역,51,27500,1
혜화역,제기동역,12,4400,1
혜화역,동묘앞역,8,2200,1
혜화역,신설동역,10,3300,1
혜화역,외대앞역,18,7700,1
혜화역,남영역,18,7700,1
혜화역,문래역,34,16500,1
혜화역,아현역,20,8800,1
혜화역,한양대역,16,6600,1
혜화역,잠실나루역,28,13200,1
혜화역,양천구청역,38,16500,2
혜화역,신정네거리역,40,17600,2
혜화역,독립문역,20,8800,1
혜화역,무악재역,22,9900,1
혜화역,금호역,16,6600,1
혜화역,옥수역,18,7700,1
혜화역,잠원역,24,11000,1
혜화역,한성대입구역,2,1100,0
혜화역,성신여대입구역,4,2200,0
혜화역,수유역,12,6600,0
혜화역,이촌역,20,11000,0
혜화역,동작역,22,12100,0
혜화역,마장역,18,7700,1
혜화역,애오개역,20,8800,1
혜화역,신금호역,12,4400,1
혜화역,아차산역,26,12100,1
혜화역,영등포시장역,32,15400,1
혜화역,방이역,38,18700,1
혜화역,보문역,10,3300,1
혜화역,창신역,14,3300,2
혜화역,효창공원앞역,22,9900,1
혜화역,광흥창역,28,13200,1
혜화역,월드컵경기장역,38,18700,1
혜화역,고려대역,18,5500,2
혜화역,공릉역,28,13200,1
혜화역,어린이대공원역,28,11000,2
혜화역,용마산역,32,13200,2
혜화역,자양역,28,11000,2
혜화역,하계역,26,12100,1
혜화역,남성역,30,14300,1
혜화역,암사역,36,15400,2
혜화역,몽촌토성역,36,15400,2
혜화역,강동구청역,36,15400,2
혜화역,송파역,38,16500,2
혜화역,석촌역,36,15400,2
혜화역,노들역,30,14300,1
혜화역,선유도역,40,20900,1
혜화역,한성백제역,42,18700,2
혜화역,양천향교역,50,27500,1
혜화역,흑석역,28,13200,1
혜화역,공항시장역,56,30800,1
홍대입구역,제기동역,28,13200,1
홍대입구역,동묘앞역,24,11000,1
홍대입구역,신설동역,26,12100,1
홍대입구역,외대앞역,34,16500,1
홍대입구역,남영역,15,4400,1
홍대입구역,문래역,8,4400,0
홍대입구역,아현역,6,3300,0
홍대입구역,한양대역,26,14300,0
홍대입구역,잠실나루역,38,20900,0
홍대입구역,양천구청역,18,7700,1
홍대입구역,신정네거리역,20,8800,1
홍대입구역,독립문역,26,12100,1
홍대입구역,무악재역,28,13200,1
홍대입구역,금호역,26,12100,1
홍대입구역,옥수역,24,8800,0
홍대입구역,잠원역,34,12100,1
홍대입구역,한성대입구역,27,11000,1
홍대입구역,성신여대입구역,29,12100,1
홍대입구역,수유역,37,16500,1
홍대입구역,이촌역,15,5500,0
홍대입구역,동작역,20,9900,1
홍대입구역,마장역,30,14300,1
홍대입구역,애오개역,12,2200,1
홍대입구역,신금호역,26,12100,1
홍대입구역,아차산역,38,18700,1
홍대입구역,영등포시장역,12,4400,1
홍대입구역,방이역,50,25300,1
홍대입구역,보문역,30,14300,1
홍대입구역,창신역,28,13200,1
홍대입구역,효창공원앞역,9,3300,0
홍대입구역,광흥창역,10,3300,1
홍대입구역,월드컵경기장역,12,2200,1
홍대입구역,고려대역,34,16500,1
홍대입구역,공릉역,54,19800,1
홍대입구역,어린이대공원역,38,18700,1
홍대입구역,용마산역,44,22000,1
홍대입구역,자양역,38,18700,1
홍대입구역,하계역,56,20900,1
홍대입구역,남성역,30,14300,1
홍대입구역,암사역,52,26400,1
홍대입구역,몽촌토성역,46,23100,1
홍대입구역,강동구청역,48,24200,1
홍대입구역,송파역,48,24200,1
홍대입구역,석촌역,42,24200,1
홍대입구역,노들역,17,7700,1
홍대입구역,선유도역,10,3300,1
홍대입구역,한성백제역,46,26400,1
홍대입구역,양천향교역,18,3300,1
홍대입구역,흑석역,19,8800,1
홍대입구역,공항시장역,20,4400,1
홍제역,제기동역,24,11000,1
홍제역,동묘앞역,20,8800,1
홍제역,신설동역,22,9900,1
홍제역,외대앞역,30,14300,1
홍제역,남영역,22,9900,1
홍제역,문래역,38,18700,1
홍제역,아현역,24,11000,1
홍제역,한양대역,28,13200,1
홍제역,잠실나루역,40,19800,1
홍제역,양천구청역,42,18700,2
홍제역,신정네거리역,44,19800,2
홍제역,독립문역,4,2200,0
홍제역,무악재역,2,1100,0
홍제역,금호역,20,11000,0
홍제역,옥수역,22,12100,0
홍제역,잠원역,28,15400,0
홍제역,한성대입구역,26,12100,1
홍제역,성신여대입구역,28,13200,1
홍제역,수유역,36,17600,1
홍제역,이촌역,32,15400,1
홍제역,동작역,34,16500,1
홍제역,마장역,28,13200,1
홍제역,애오개역,22,9900,1
홍제역,신금호역,22,9900,1
홍제역,아차산역,36,17600,1
홍제역,영등포시장역,34,16500,1
홍제역,방이역,48,24200,1
홍제역,보문역,32,15400,1
홍제역,창신역,30,14300,1
홍제역,효창공원앞역,34,16500,1
홍제역,광흥창역,30,14300,1
홍제역,월드컵경기장역,20,8800,1
홍제역,고려대역,36,17600,1
홍제역,공릉역,47,18700,2
홍제역,어린이대공원역,40,17600,2
홍제역,용마산역,42,18700,2
홍제역,자양역,46,23100,1
홍제역,하계역,50,23100,2
홍제역,남성역,40,19800,1
홍제역,암사역,46,20900,2
홍제역,몽촌토성역,48,22000,2
홍제역,강동구청역,46,20900,2
홍제역,송파역,58,29700,1
홍제역,석촌역,51,27500,1
홍제역,노들역,32,13200,2
홍제역,선유도역,39,17600,2
홍제역,한성백제역,55,29700,1
홍제역,양천향교역,54,9900,2
홍제역,흑석역,41,20900,1
홍제역,공항시장역,44,11000,3
화계역,제기동역,22,9900,1
화계역,동묘앞역,22,9900,1
화계역,신설동역,16,8800,0
화계역,외대앞역,28,13200,1
화계역,남영역,36,17600,1
화계역,문래역,54,25300,2
화계역,아현역,40,17600,2
화계역,한양대역,34,14300,2
화계역,잠실나루역,40,17600,2
화계역,양천구청역,56,26400,2
화계역,신정네거리역,58,27500,2
화계역,독립문역,38,16500,2
화계역,무악재역,40,17600,2
화계역,금호역,34,14300,2
화계역,옥수역,36,15400,2
화계역,잠원역,42,18700,2
화계역,한성대입구역,18,7700,1
화계역,성신여대입구역,12,6600,0
화계역,수유역,24,11000,1
화계역,이촌역,40,19800,1
화계역,동작역,42,20900,1
화계역,마장역,38,16500,2
화계역,애오개역,40,17600,2
화계역,신금호역,32,13200,2
화계역,아차산역,46,20900,2
화계역,영등포시장역,50,23100,2
화계역,방이역,58,27500,2
화계역,보문역,14,7700,0
화계역,창신역,20,8800,1
화계역,효창공원앞역,40,19800,1
화계역,광흥창역,46,23100,1
화계역,월드컵경기장역,56,28600,1
화계역,고려대역,22,9900,1
화계역,공릉역,38,16500,2
화계역,어린이대공원역,40,15400,3
화계역,용마산역,48,22000,2
화계역,자양역,40,15400,3
화계역,하계역,38,16500,2
화계역,남성역,50,23100,2
화계역,암사역,54,23100,3
화계역,몽촌토성역,48,19800,3
화계역,강동구청역,50,20900,3
화계역,송파역,50,20900,3
화계역,석촌역,48,19800,3
화계역,노들역,46,20900,2
화계역,선유도역,53,25300,2
화계역,한성백제역,57,22000,3
화계역,양천향교역,70,20900,3
화계역,흑석역,48,22000,2
화계역,공항시장역,68,22000,3
화곡역,제기동역,46,23100,1
화곡역,동묘앞역,42,20900,1
화곡역,신설동역,44,22000,1
화곡역,외대앞역,52,26400,1
화곡역,남영역,28,13200,1
화곡역,문래역,18,7700,1
화곡역,아현역,28,13200,1
화곡역,한양대역,48,24200,1
화곡역,잠실나루역,58,29700,1
화곡역,양천구청역,10,3300,1
화곡역,신정네거리역,8,2200,1
화곡역,독립문역,44,22000,1
화곡역,무악재역,46,23100,1
화곡역,금호역,48,24200,1
화곡역,옥수역,48,19800,1
화곡역,잠원역,42,19800,2
화곡역,한성대입구역,48,24200,1
화곡역,성신여대입구역,50,25300,1
화곡역,수유역,58,29700,1
화곡역,이촌역,38,16500,1
화곡역,동작역,30,15400,1
화곡역,마장역,48,26400,0
화곡역,애오개역,26,14300,0
화곡역,신금호역,42,23100,0
화곡역,아차산역,56,30800,0
화곡역,영등포시장역,14,7700,0
화곡역,방이역,68,37400,0
화곡역,보문역,52,26400,1
화곡역,창신역,50,25300,1
화곡역,효창공원앞역,30,14300,1
화곡역,광흥창역,32,15400,1
화곡역,월드컵경기장역,30,12100,2
화곡역,고려대역,56,28600,1
화곡역,공릉역,66,30800,2
화곡역,어린이대공원역,60,30800,1
화곡역,용마산역,62,31900,1
화곡역,자양역,52,25300,2
화곡역,하계역,78,40700,1
화곡역,남성역,40,17600,2
화곡역,암사역,66,34100,1
화곡역,몽촌토성역,68,35200,1
화곡역,강동구청역,66,34100,1
화곡역,송파역,59,30800,2
화곡역,석촌역,53,29700,1
화곡역,노들역,27,13200,1
화곡역,선유도역,27,13200,1
화곡역,한성백제역,57,31900,1
화곡역,양천향교역,21,9900,1
화곡역,흑석역,29,14300,1
화곡역,공항시장역,16,6600,1
화랑대역,제기동역,18,7700,1
화랑대역,동묘앞역,20,11000,0
화랑대역,신설동역,20,8800,1
화랑대역,외대앞역,12,4400,1
화랑대역,남영역,36,17600,1
화랑대역,문래역,54,27500,1
화랑대역,아현역,40,19800,1
화랑대역,한양대역,32,15400,1
화랑대역,잠실나루역,44,22000,1
화랑대역,양천구청역,56,26400,2
화랑대역,신정네거리역,58,27500,2
화랑대역,독립문역,44,22000,1
화랑대역,무악재역,46,23100,1
화랑대역,금호역,32,15400,1
화랑대역,옥수역,34,16500,1
화랑대역,잠원역,40,19800,1
화랑대역,한성대입구역,28,11000,2
화랑대역,성신여대입구역,22,9900,1
화랑대역,수유역,24,8800,2
화랑대역,이촌역,44,22000,1
화랑대역,동작역,46,23100,1
화랑대역,마장역,30,8800,2
화랑대역,애오개역,42,20900,1
화랑대역,신금호역,30,14300,1
화랑대역,아차산역,28,11000,2
화랑대역,영등포시장역,54,27500,1
화랑대역,방이역,40,17600,2
화랑대역,보문역,16,8800,0
화랑대역,창신역,18,9900,0
화랑대역,효창공원앞역,38,20900,0
화랑대역,광흥창역,44,24200,0
화랑대역,월드컵경기장역,54,29700,0
화랑대역,고려대역,12,6600,0
화랑대역,공릉역,8,2200,1
화랑대역,어린이대공원역,24,11000,1
화랑대역,용마산역,18,7700,1
화랑대역,자양역,28,13200,1
화랑대역,하계역,10,3300,1
화랑대역,남성역,46,23100,1
화랑대역,암사역,38,14300,3
화랑대역,몽촌토성역,37,15400,3
화랑대역,강동구청역,34,14300,3
화랑대역,송파역,55,18700,2
화랑대역,석촌역,53,17600,2
화랑대역,노들역,46,20900,2
화랑대역,선유도역,53,25300,2
화랑대역,한성백제역,42,17600,3
화랑대역,양천향교역,63,31900,2
화랑대역,흑석역,48,22000,2
화랑대역,공항시장역,68,35200,2
회기역,제기동역,4,2200,0
회기역,동묘앞역,8,4400,0
회기역,신설동역,6,3300,0
회기역,외대앞역,2,1100,0
회기역,남영역,22,12100,0
회기역,문래역,40,19800,1
회기역,아현역,26,12100,1
회기역,한양대역,12,3300,1
회기역,잠실나루역,24,9900,1
회기역,양천구청역,42,20900,1
회기역,신정네거리역,44,22000,1
회기역,독립문역,24,11000,1
회기역,무악재역,26,12100,1
회기역,금호역,18,5500,1
회기역,옥수역,12,4400,0
회기역,잠원역,22,7700,1
회기역,한성대입구역,18,7700,1
회기역,성신여대입구역,14,5500,1
회기역,수유역,22,9900,1
회기역,이촌역,21,7700,0
회기역,동작역,27,8800,1
회기역,마장역,12,3300,1
회기역,애오개역,26,12100,1
회기역,신금호역,14,4400,1
회기역,아차산역,20,7700,1
회기역,영등포시장역,36,17600,1
회기역,방이역,32,14300,1
회기역,보문역,12,4400,1
회기역,창신역,14,5500,1
회기역,효창공원앞역,27,9900,0
회기역,광흥창역,36,17600,1
회기역,월드컵경기장역,46,23100,1
회기역,고려대역,18,7700,1
회기역,공릉역,18,6600,1
회기역,어린이대공원역,22,8800,1
회기역,용마산역,16,5500,1
회기역,자양역,26,11000,1
회기역,하계역,20,7700,1
회기역,남성역,34,12100,2
회기역,암사역,30,11000,2
회기역,몽촌토성역,32,12100,2
회기역,강동구청역,30,11000,2
회기역,송파역,34,13200,2
회기역,석촌역,32,12100,2
회기역,노들역,32,15400,1
회기역,선유도역,39,19800,1
회기역,한성백제역,36,14300,2
회기역,양천향교역,49,26400,1
회기역,흑석역,34,16500,1
회기역,공항시장역,54,29700,1
회현역,제기동역,18,7700,1
회현역,동묘앞역,14,5500,1
회현역,신설동역,16,6600,1
회현역,외대앞역,24,11000,1
회현역,남영역,8,2200,1
회현역,문래역,26,9900,2
회현역,아현역,22,9900,1
회현역,한양대역,18,7700,1
회현역,잠실나루역,30,14300,1
회현역,양천구청역,28,11000,2
회현역,신정네거리역,30,12100,2
회현역,독립문역,18,7700,1
회현역,무악재역,20,8800,1
회현역,금호역,14,5500,1
회현역,옥수역,16,6600,1
회현역,잠원역,22,9900,1
회현역,한성대입구역,12,6600,0
회현역,성신여대입구역,14,7700,0
회현역,수유역,22,12100,0
회현역,이촌역,10,5500,0
회현역,동작역,12,6600,0
회현역,마장역,20,8800,1
회현역,애오개역,22,9900,1
회현역,신금호역,14,5500,1
회현역,아차산역,28,13200,1
회현역,영등포시장역,22,7700,2
회현역,방이역,40,19800,1
회현역,보문역,20,8800,1
회현역,창신역,28,13200,1
회현역,효창공원앞역,12,4400,1
회현역,광흥창역,18,7700,1
회현역,월드컵경기장역,28,13200,1
회현역,고려대역,34,16500,1
회현역,공릉역,38,18700,1
회현역,어린이대공원역,38,18700,1
회현역,용마산역,34,14300,2
회현역,자양역,34,16500,1
회현역,하계역,36,17600,1
회현역,남성역,20,8800,1
회현역,암사역,38,16500,2
회현역,몽촌토성역,38,16500,2
회현역,강동구청역,38,16500,2
회현역,송파역,40,17600,2
회현역,석촌역,38,20900,1
회현역,노들역,20,8800,1
회현역,선유도역,30,15400,1
회현역,한성백제역,42,23100,1
회현역,양천향교역,40,22000,1
회현역,흑석역,18,7700,1
회현역,공항시장역,46,25300,1
효창공원앞역,제기동역,26,12100,1
효창공원앞역,동묘앞역,18,9900,0
효창공원앞역,신설동역,24,11000,1
효창공원앞역,외대앞역,32,11000,1
효창공원앞역,남영역,9,2200,1
효창공원앞역,문래역,20,8800,1
효창공원앞역,아현역,19,6600,1
효창공원앞역,한양대역,26,12100,1
효창공원앞역,잠실나루역,38,18700,1
효창공원앞역,양천구청역,25,8800,2
효창공원앞역,신정네거리역,27,9900,2
효창공원앞역,독립문역,30,14300,1
효창공원앞역,무악재역,32,15400,1
효창공원앞역,금호역,18,7700,1
효창공원앞역,옥수역,15,5500,0
효창공원앞역,잠원역,25,8800,1
효창공원앞역,한성대입구역,24,11000,1
효창공원앞역,성신여대입구역,26,12100,1
효창공원앞역,수유역,34,16500,1
효창공원앞역,이촌역,6,2200,0
효창공원앞역,동작역,12,3300,1
효창공원앞역,마장역,26,12100,1
효창공원앞역,애오개역,8,2200,1
효창공원앞역,신금호역,20,8800,1
효창공원앞역,아차산역,34,16500,1
효창공원앞역,영등포시장역,16,6600,1
효창공원앞역,방이역,46,23100,1
효창공원앞역,보문역,22,12100,0
효창공원앞역,창신역,20,11000,0
효창공원앞역,효창공원앞역,0,0,0
효창공원앞역,광흥창역,6,3300,0
효창공원앞역,월드컵경기장역,16,8800,0
효창공원앞역,고려대역,26,14300,0
효창공원앞역,공릉역,42,20900,1
효창공원앞역,어린이대공원역,38,15400,2
효창공원앞역,용마산역,43,15400,1
효창공원앞역,자양역,34,13200,2
효창공원앞역,하계역,44,22000,1
효창공원앞역,남성역,20,5500,2
효창공원앞역,암사역,44,19800,2
효창공원앞역,몽촌토성역,46,20900,2
효창공원앞역,강동구청역,44,19800,2
효창공원앞역,송파역,48,18700,2
효창공원앞역,석촌역,38,17600,2
효창공원앞역,노들역,15,3300,2
효창공원앞역,선유도역,21,7700,2
효창공원앞역,한성백제역,42,19800,2
효창공원앞역,양천향교역,32,14300,2
효창공원앞역,흑석역,17,4400,2
효창공원앞역,공항시장역,37,17600,2
흑석역,제기동역,30,14300,1
흑석역,동묘앞역,26,12100,1
흑석역,신설동역,28,13200,1
흑석역,외대앞역,36,17600,1
흑석역,남영역,12,4400,1
흑석역,문래역,19,8800,1
흑석역,아현역,25,12100,1
흑석역,한양대역,41,22000,1
흑석역,잠실나루역,29,15400,1
흑석역,양천구청역,24,8800,2
흑석역,신정네거리역,26,9900,2
흑석역,독립문역,37,18700,1
흑석역,무악재역,39,19800,1
흑석역,금호역,21,9900,1
흑석역,옥수역,19,8800,1
흑석역,잠원역,13,5500,1
흑석역,한성대입구역,30,14300,1
흑석역,성신여대입구역,32,15400,1
흑석역,수유역,40,19800,1
흑석역,이촌역,8,2200,1
흑석역,동작역,2,1100,0
흑석역,마장역,41,20900,1
흑석역,애오개역,19,8800,1
흑석역,신금호역,35,17600,1
흑석역,아차산역,35,15400,2
흑석역,영등포시장역,15,6600,1
흑석역,방이역,35,19800,1
흑석역,보문역,34,14300,2
흑석역,창신역,32,13200,2
흑석역,효창공원앞역,18,4400,2
흑석역,광흥창역,24,8800,2
흑석역,월드컵경기장역,27,11000,2
흑석역,고려대역,38,16500,2
흑석역,공릉역,47,24200,1
흑석역,어린이대공원역,27,13200,1
흑석역,용마산역,33,16500,1
흑석역,자양역,23,11000,1
흑석역,하계역,49,25300,1
흑석역,남성역,17,7700,1
흑석역,암사역,38,20900,1
흑석역,몽촌토성역,32,17600,1
흑석역,강동구청역,34,18700,1
흑석역,송파역,30,16500,1
흑석역,석촌역,24,15400,0
흑석역,노들역,2,1100,0
흑석역,선유도역,13,7700,0
흑석역,한성백제역,28,17600,0
흑석역,양천향교역,23,14300,0
흑석역,흑석역,0,0,0
흑석역,공항시장역,28,17600,0
